-- MySQL dump 10.13  Distrib 8.0.41, for Linux (x86_64)
--
-- Host: localhost    Database: africasmedigital_new
-- ------------------------------------------------------
-- Server version	8.0.41

/*!40101 SET @OLD_CHARACTER_SET_CLIENT=@@CHARACTER_SET_CLIENT */;
/*!40101 SET @OLD_CHARACTER_SET_RESULTS=@@CHARACTER_SET_RESULTS */;
/*!40101 SET @OLD_COLLATION_CONNECTION=@@COLLATION_CONNECTION */;
/*!50503 SET NAMES utf8mb4 */;
/*!40103 SET @OLD_TIME_ZONE=@@TIME_ZONE */;
/*!40103 SET TIME_ZONE='+00:00' */;
/*!40014 SET @OLD_UNIQUE_CHECKS=@@UNIQUE_CHECKS, UNIQUE_CHECKS=0 */;
/*!40014 SET @OLD_FOREIGN_KEY_CHECKS=@@FOREIGN_KEY_CHECKS, FOREIGN_KEY_CHECKS=0 */;
/*!40101 SET @OLD_SQL_MODE=@@SQL_MODE, SQL_MODE='NO_AUTO_VALUE_ON_ZERO' */;
/*!40111 SET @OLD_SQL_NOTES=@@SQL_NOTES, SQL_NOTES=0 */;

--
-- Table structure for table `abandoned_cart_rule_histories`
--

DROP TABLE IF EXISTS `abandoned_cart_rule_histories`;
/*!40101 SET @saved_cs_client     = @@character_set_client */;
/*!50503 SET character_set_client = utf8mb4 */;
CREATE TABLE `abandoned_cart_rule_histories` (
  `id` int unsigned NOT NULL AUTO_INCREMENT,
  `user_id` int unsigned NOT NULL,
  `cart_rule_id` int unsigned DEFAULT NULL,
  `rule_action` enum('send_reminder','send_coupon') CHARACTER SET utf8mb4 COLLATE utf8mb4_general_ci NOT NULL,
  `type` enum('auto','manual') CHARACTER SET utf8mb4 COLLATE utf8mb4_unicode_ci DEFAULT 'auto',
  `created_at` bigint unsigned NOT NULL,
  PRIMARY KEY (`id`)
) ENGINE=InnoDB DEFAULT CHARSET=utf8mb4 COLLATE=utf8mb4_general_ci;
/*!40101 SET character_set_client = @saved_cs_client */;

--
-- Dumping data for table `abandoned_cart_rule_histories`
--

LOCK TABLES `abandoned_cart_rule_histories` WRITE;
/*!40000 ALTER TABLE `abandoned_cart_rule_histories` DISABLE KEYS */;
/*!40000 ALTER TABLE `abandoned_cart_rule_histories` ENABLE KEYS */;
UNLOCK TABLES;

--
-- Table structure for table `abandoned_cart_rule_specification_items`
--

DROP TABLE IF EXISTS `abandoned_cart_rule_specification_items`;
/*!40101 SET @saved_cs_client     = @@character_set_client */;
/*!50503 SET character_set_client = utf8mb4 */;
CREATE TABLE `abandoned_cart_rule_specification_items` (
  `id` int unsigned NOT NULL AUTO_INCREMENT,
  `abandoned_cart_rule_id` int unsigned NOT NULL,
  `category_id` int unsigned DEFAULT NULL,
  `instructor_id` int unsigned DEFAULT NULL,
  `seller_id` int unsigned DEFAULT NULL,
  `webinar_id` int unsigned DEFAULT NULL,
  `product_id` int unsigned DEFAULT NULL,
  `bundle_id` int unsigned DEFAULT NULL,
  PRIMARY KEY (`id`),
  KEY `abandoned_cart_rule_id_foreign` (`abandoned_cart_rule_id`),
  KEY `abandoned_cart_rule_specification_items_category_id_foreign` (`category_id`),
  KEY `abandoned_cart_rule_specification_items_instructor_id_foreign` (`instructor_id`),
  KEY `abandoned_cart_rule_specification_items_seller_id_foreign` (`seller_id`),
  KEY `abandoned_cart_rule_specification_items_webinar_id_foreign` (`webinar_id`),
  KEY `abandoned_cart_rule_specification_items_product_id_foreign` (`product_id`),
  KEY `abandoned_cart_rule_specification_items_bundle_id_foreign` (`bundle_id`),
  CONSTRAINT `abandoned_cart_rule_id_foreign` FOREIGN KEY (`abandoned_cart_rule_id`) REFERENCES `abandoned_cart_rules` (`id`) ON DELETE CASCADE,
  CONSTRAINT `abandoned_cart_rule_specification_items_bundle_id_foreign` FOREIGN KEY (`bundle_id`) REFERENCES `bundles` (`id`) ON DELETE CASCADE,
  CONSTRAINT `abandoned_cart_rule_specification_items_category_id_foreign` FOREIGN KEY (`category_id`) REFERENCES `categories` (`id`) ON DELETE CASCADE,
  CONSTRAINT `abandoned_cart_rule_specification_items_instructor_id_foreign` FOREIGN KEY (`instructor_id`) REFERENCES `users` (`id`) ON DELETE CASCADE,
  CONSTRAINT `abandoned_cart_rule_specification_items_product_id_foreign` FOREIGN KEY (`product_id`) REFERENCES `products` (`id`) ON DELETE CASCADE,
  CONSTRAINT `abandoned_cart_rule_specification_items_seller_id_foreign` FOREIGN KEY (`seller_id`) REFERENCES `users` (`id`) ON DELETE CASCADE,
  CONSTRAINT `abandoned_cart_rule_specification_items_webinar_id_foreign` FOREIGN KEY (`webinar_id`) REFERENCES `webinars` (`id`) ON DELETE CASCADE
) ENGINE=InnoDB DEFAULT CHARSET=utf8mb4 COLLATE=utf8mb4_general_ci;
/*!40101 SET character_set_client = @saved_cs_client */;

--
-- Dumping data for table `abandoned_cart_rule_specification_items`
--

LOCK TABLES `abandoned_cart_rule_specification_items` WRITE;
/*!40000 ALTER TABLE `abandoned_cart_rule_specification_items` DISABLE KEYS */;
/*!40000 ALTER TABLE `abandoned_cart_rule_specification_items` ENABLE KEYS */;
UNLOCK TABLES;

--
-- Table structure for table `abandoned_cart_rule_translations`
--

DROP TABLE IF EXISTS `abandoned_cart_rule_translations`;
/*!40101 SET @saved_cs_client     = @@character_set_client */;
/*!50503 SET character_set_client = utf8mb4 */;
CREATE TABLE `abandoned_cart_rule_translations` (
  `id` int unsigned NOT NULL AUTO_INCREMENT,
  `abandoned_cart_rule_id` int unsigned NOT NULL,
  `locale` varchar(191) CHARACTER SET utf8mb4 COLLATE utf8mb4_general_ci NOT NULL,
  `title` varchar(255) CHARACTER SET utf8mb4 COLLATE utf8mb4_general_ci NOT NULL,
  PRIMARY KEY (`id`),
  KEY `abandoned_cart_rule_id_trans` (`abandoned_cart_rule_id`),
  KEY `abandoned_cart_rule_translations_locale_index` (`locale`),
  CONSTRAINT `abandoned_cart_rule_id_trans` FOREIGN KEY (`abandoned_cart_rule_id`) REFERENCES `abandoned_cart_rules` (`id`) ON DELETE CASCADE
) ENGINE=InnoDB AUTO_INCREMENT=3 DEFAULT CHARSET=utf8mb4 COLLATE=utf8mb4_general_ci;
/*!40101 SET character_set_client = @saved_cs_client */;

--
-- Dumping data for table `abandoned_cart_rule_translations`
--

LOCK TABLES `abandoned_cart_rule_translations` WRITE;
/*!40000 ALTER TABLE `abandoned_cart_rule_translations` DISABLE KEYS */;
INSERT INTO `abandoned_cart_rule_translations` VALUES (1,1,'en','Cart Reminder Rule'),(2,2,'en','Discount Offer Rule');
/*!40000 ALTER TABLE `abandoned_cart_rule_translations` ENABLE KEYS */;
UNLOCK TABLES;

--
-- Table structure for table `abandoned_cart_rule_users_groups`
--

DROP TABLE IF EXISTS `abandoned_cart_rule_users_groups`;
/*!40101 SET @saved_cs_client     = @@character_set_client */;
/*!50503 SET character_set_client = utf8mb4 */;
CREATE TABLE `abandoned_cart_rule_users_groups` (
  `id` int unsigned NOT NULL AUTO_INCREMENT,
  `abandoned_cart_rule_id` int unsigned NOT NULL,
  `group_id` int unsigned DEFAULT NULL,
  `user_id` int unsigned DEFAULT NULL,
  PRIMARY KEY (`id`),
  KEY `abandoned_cart_rule_id` (`abandoned_cart_rule_id`),
  KEY `abandoned_cart_rule_users_groups_group_id_foreign` (`group_id`),
  KEY `abandoned_cart_rule_users_groups_user_id_foreign` (`user_id`),
  CONSTRAINT `abandoned_cart_rule_id` FOREIGN KEY (`abandoned_cart_rule_id`) REFERENCES `abandoned_cart_rules` (`id`) ON DELETE CASCADE,
  CONSTRAINT `abandoned_cart_rule_users_groups_group_id_foreign` FOREIGN KEY (`group_id`) REFERENCES `groups` (`id`) ON DELETE CASCADE,
  CONSTRAINT `abandoned_cart_rule_users_groups_user_id_foreign` FOREIGN KEY (`user_id`) REFERENCES `users` (`id`) ON DELETE CASCADE
) ENGINE=InnoDB DEFAULT CHARSET=utf8mb4 COLLATE=utf8mb4_general_ci;
/*!40101 SET character_set_client = @saved_cs_client */;

--
-- Dumping data for table `abandoned_cart_rule_users_groups`
--

LOCK TABLES `abandoned_cart_rule_users_groups` WRITE;
/*!40000 ALTER TABLE `abandoned_cart_rule_users_groups` DISABLE KEYS */;
/*!40000 ALTER TABLE `abandoned_cart_rule_users_groups` ENABLE KEYS */;
UNLOCK TABLES;

--
-- Table structure for table `abandoned_cart_rules`
--

DROP TABLE IF EXISTS `abandoned_cart_rules`;
/*!40101 SET @saved_cs_client     = @@character_set_client */;
/*!50503 SET character_set_client = utf8mb4 */;
CREATE TABLE `abandoned_cart_rules` (
  `id` int unsigned NOT NULL AUTO_INCREMENT,
  `target_type` enum('all','courses','store_products','bundles','meetings') CHARACTER SET utf8mb4 COLLATE utf8mb4_general_ci NOT NULL DEFAULT 'all',
  `target` varchar(255) CHARACTER SET utf8mb4 COLLATE utf8mb4_general_ci DEFAULT NULL,
  `action` enum('send_reminder','send_coupon') CHARACTER SET utf8mb4 COLLATE utf8mb4_general_ci NOT NULL,
  `discount_id` int unsigned DEFAULT NULL,
  `action_cycle` int unsigned NOT NULL,
  `repeat_action` tinyint(1) NOT NULL DEFAULT '0',
  `repeat_action_count` int unsigned DEFAULT NULL,
  `minimum_cart_amount` double(15,2) unsigned DEFAULT NULL,
  `maximum_cart_amount` double(15,2) unsigned DEFAULT NULL,
  `start_at` bigint unsigned DEFAULT NULL,
  `end_at` bigint unsigned DEFAULT NULL,
  `enable` tinyint(1) NOT NULL DEFAULT '0',
  `created_at` bigint unsigned NOT NULL,
  PRIMARY KEY (`id`),
  KEY `abandoned_cart_rules_discount_id_foreign` (`discount_id`),
  CONSTRAINT `abandoned_cart_rules_discount_id_foreign` FOREIGN KEY (`discount_id`) REFERENCES `discounts` (`id`) ON DELETE CASCADE
) ENGINE=InnoDB AUTO_INCREMENT=3 DEFAULT CHARSET=utf8mb4 COLLATE=utf8mb4_general_ci;
/*!40101 SET character_set_client = @saved_cs_client */;

--
-- Dumping data for table `abandoned_cart_rules`
--

LOCK TABLES `abandoned_cart_rules` WRITE;
/*!40000 ALTER TABLE `abandoned_cart_rules` DISABLE KEYS */;
INSERT INTO `abandoned_cart_rules` VALUES (1,'all',NULL,'send_reminder',NULL,12,1,5,200.00,1000.00,1709269200,1837137600,0,1709794892),(2,'courses','all_courses','send_coupon',25,18,1,3,50.00,NULL,1709330400,1838246400,0,1709888086);
/*!40000 ALTER TABLE `abandoned_cart_rules` ENABLE KEYS */;
UNLOCK TABLES;

--
-- Table structure for table `accounting`
--

DROP TABLE IF EXISTS `accounting`;
/*!40101 SET @saved_cs_client     = @@character_set_client */;
/*!50503 SET character_set_client = utf8mb4 */;
CREATE TABLE `accounting` (
  `id` int unsigned NOT NULL AUTO_INCREMENT,
  `user_id` int unsigned DEFAULT NULL,
  `creator_id` int DEFAULT NULL,
  `order_item_id` int unsigned DEFAULT NULL,
  `webinar_id` int unsigned DEFAULT NULL,
  `bundle_id` int unsigned DEFAULT NULL,
  `meeting_time_id` int unsigned DEFAULT NULL,
  `subscribe_id` int unsigned DEFAULT NULL,
  `promotion_id` int unsigned DEFAULT NULL,
  `registration_package_id` int unsigned DEFAULT NULL,
  `product_id` int unsigned DEFAULT NULL,
  `installment_payment_id` int unsigned DEFAULT NULL,
  `installment_order_id` int unsigned DEFAULT NULL COMMENT 'This field is filled in the seller''s financial document to find the installment order',
  `gift_id` int unsigned DEFAULT NULL,
  `system` tinyint(1) NOT NULL DEFAULT '0',
  `tax` tinyint(1) NOT NULL DEFAULT '0',
  `amount` decimal(13,2) DEFAULT NULL,
  `type` enum('addiction','deduction') CHARACTER SET utf8mb4 COLLATE utf8mb4_unicode_ci NOT NULL,
  `type_account` enum('income','asset','subscribe','promotion','registration_package','installment_payment') CHARACTER SET utf8mb4 COLLATE utf8mb4_unicode_ci DEFAULT NULL,
  `store_type` enum('automatic','manual') CHARACTER SET utf8mb4 COLLATE utf8mb4_unicode_ci NOT NULL DEFAULT 'automatic',
  `referred_user_id` int unsigned DEFAULT NULL,
  `is_affiliate_amount` tinyint(1) NOT NULL DEFAULT '0',
  `is_affiliate_commission` tinyint(1) NOT NULL DEFAULT '0',
  `is_registration_bonus` tinyint(1) NOT NULL DEFAULT '0',
  `is_cashback` tinyint(1) NOT NULL DEFAULT '0',
  `description` text CHARACTER SET utf8mb4 COLLATE utf8mb4_unicode_ci,
  `created_at` int NOT NULL,
  PRIMARY KEY (`id`) USING BTREE,
  KEY `id` (`id`) USING BTREE,
  KEY `user_id` (`user_id`) USING BTREE,
  KEY `webinar_id` (`webinar_id`) USING BTREE,
  KEY `meeting_time_id` (`meeting_time_id`) USING BTREE,
  KEY `subscribe_id` (`subscribe_id`) USING BTREE,
  KEY `promotion_id` (`promotion_id`) USING BTREE,
  KEY `accounting_installment_payment_id_foreign` (`installment_payment_id`),
  CONSTRAINT `accounting_installment_payment_id_foreign` FOREIGN KEY (`installment_payment_id`) REFERENCES `installment_order_payments` (`id`) ON DELETE CASCADE
) ENGINE=InnoDB AUTO_INCREMENT=852 DEFAULT CHARSET=utf8mb4 COLLATE=utf8mb4_unicode_ci ROW_FORMAT=DYNAMIC;
/*!40101 SET character_set_client = @saved_cs_client */;

--
-- Dumping data for table `accounting`
--

LOCK TABLES `accounting` WRITE;
/*!40000 ALTER TABLE `accounting` DISABLE KEYS */;
INSERT INTO `accounting` VALUES (251,996,1,NULL,NULL,NULL,NULL,NULL,NULL,NULL,NULL,NULL,NULL,NULL,0,0,500.00,'addiction','asset','automatic',NULL,0,0,0,0,'offline payment approved',1625944212),(252,996,NULL,NULL,NULL,NULL,98,NULL,NULL,NULL,NULL,NULL,NULL,NULL,0,0,165.00,'deduction','asset','automatic',NULL,0,0,0,0,'Paid for 1:30 hours of consultation',1625944347),(253,996,NULL,NULL,NULL,NULL,98,NULL,NULL,NULL,NULL,NULL,NULL,NULL,0,1,15.00,'addiction','asset','automatic',NULL,0,0,0,0,'Tax form Buyer',1625944347),(254,1015,NULL,NULL,NULL,NULL,98,NULL,NULL,NULL,NULL,NULL,NULL,NULL,0,0,120.00,'addiction','income','automatic',NULL,0,0,0,0,'Income Sale',1625944347),(255,1015,NULL,NULL,NULL,NULL,98,NULL,NULL,NULL,NULL,NULL,NULL,NULL,1,0,30.00,'addiction','income','automatic',NULL,0,0,0,0,'Commission from Seller',1625944347),(256,930,1,NULL,NULL,NULL,NULL,NULL,NULL,NULL,NULL,NULL,NULL,NULL,0,0,600.00,'addiction','asset','manual',NULL,0,0,0,0,'Gifts from the platform',1625950715),(257,995,1,NULL,NULL,NULL,NULL,NULL,NULL,NULL,NULL,NULL,NULL,NULL,0,0,1000.00,'addiction','asset','automatic',NULL,0,0,0,0,'offline payment approved',1625950749),(258,995,NULL,NULL,NULL,NULL,160,NULL,NULL,NULL,NULL,NULL,NULL,NULL,0,0,110.00,'deduction','asset','automatic',NULL,0,0,0,0,'Paid for 1:00 hours of consultation',1625952630),(259,995,NULL,NULL,NULL,NULL,160,NULL,NULL,NULL,NULL,NULL,NULL,NULL,0,1,10.00,'addiction','asset','automatic',NULL,0,0,0,0,'Tax form Buyer',1625952630),(260,934,NULL,NULL,NULL,NULL,160,NULL,NULL,NULL,NULL,NULL,NULL,NULL,0,0,80.00,'addiction','income','automatic',NULL,0,0,0,0,'Income Sale',1625952630),(261,934,NULL,NULL,NULL,NULL,160,NULL,NULL,NULL,NULL,NULL,NULL,NULL,1,0,20.00,'addiction','income','automatic',NULL,0,0,0,0,'Commission from Seller',1625952630),(262,995,NULL,NULL,2005,NULL,NULL,NULL,NULL,NULL,NULL,NULL,NULL,NULL,0,0,11.00,'deduction','asset','automatic',NULL,0,0,0,0,'Paid form Credit',1625953197),(263,995,NULL,NULL,2005,NULL,NULL,NULL,NULL,NULL,NULL,NULL,NULL,NULL,0,1,1.00,'addiction','asset','automatic',NULL,0,0,0,0,'Tax form Buyer',1625953198),(264,4,NULL,NULL,2005,NULL,NULL,NULL,NULL,NULL,NULL,NULL,NULL,NULL,0,0,8.00,'addiction','income','automatic',NULL,0,0,0,0,'Income Sale',1625953198),(265,4,NULL,NULL,2005,NULL,NULL,NULL,NULL,NULL,NULL,NULL,NULL,NULL,1,0,2.00,'addiction','income','automatic',NULL,0,0,0,0,'Commission from Seller',1625953198),(266,979,1,NULL,NULL,NULL,NULL,NULL,NULL,NULL,NULL,NULL,NULL,NULL,0,0,400.00,'addiction','asset','automatic',NULL,0,0,0,0,'offline payment approved',1625992548),(267,995,NULL,NULL,NULL,NULL,103,NULL,NULL,NULL,NULL,NULL,NULL,NULL,0,0,137.50,'deduction','asset','automatic',NULL,0,0,0,0,'Paid for 1:15 hours of consultation',1625996816),(268,995,NULL,NULL,NULL,NULL,103,NULL,NULL,NULL,NULL,NULL,NULL,NULL,0,1,12.50,'addiction','asset','automatic',NULL,0,0,0,0,'Tax form Buyer',1625996817),(269,1015,NULL,NULL,NULL,NULL,103,NULL,NULL,NULL,NULL,NULL,NULL,NULL,0,0,100.00,'addiction','income','automatic',NULL,0,0,0,0,'Income Sale',1625996817),(270,1015,NULL,NULL,NULL,NULL,103,NULL,NULL,NULL,NULL,NULL,NULL,NULL,1,0,25.00,'addiction','income','automatic',NULL,0,0,0,0,'Commission from Seller',1625996817),(271,995,NULL,NULL,1999,NULL,NULL,NULL,NULL,NULL,NULL,NULL,NULL,NULL,0,0,55.00,'deduction','asset','automatic',NULL,0,0,0,0,'Paid form Credit',1625996942),(272,995,NULL,NULL,1999,NULL,NULL,NULL,NULL,NULL,NULL,NULL,NULL,NULL,0,1,5.00,'addiction','asset','automatic',NULL,0,0,0,0,'Tax form Buyer',1625996943),(273,929,NULL,NULL,1999,NULL,NULL,NULL,NULL,NULL,NULL,NULL,NULL,NULL,0,0,45.00,'addiction','income','automatic',NULL,0,0,0,0,'Income Sale',1625996943),(274,929,NULL,NULL,1999,NULL,NULL,NULL,NULL,NULL,NULL,NULL,NULL,NULL,1,0,5.00,'addiction','income','automatic',NULL,0,0,0,0,'Commission from Seller',1625996943),(275,995,NULL,NULL,1998,NULL,NULL,NULL,NULL,NULL,NULL,NULL,NULL,NULL,0,0,55.00,'deduction','asset','automatic',NULL,0,0,0,0,'Paid form Credit',1625996979),(276,995,NULL,NULL,1998,NULL,NULL,NULL,NULL,NULL,NULL,NULL,NULL,NULL,0,1,5.00,'addiction','asset','automatic',NULL,0,0,0,0,'Tax form Buyer',1625996979),(277,1015,NULL,NULL,1998,NULL,NULL,NULL,NULL,NULL,NULL,NULL,NULL,NULL,0,0,40.00,'addiction','income','automatic',NULL,0,0,0,0,'Income Sale',1625996979),(278,1015,NULL,NULL,1998,NULL,NULL,NULL,NULL,NULL,NULL,NULL,NULL,NULL,1,0,10.00,'addiction','income','automatic',NULL,0,0,0,0,'Commission from Seller',1625996979),(279,995,NULL,NULL,2001,NULL,NULL,NULL,NULL,NULL,NULL,NULL,NULL,NULL,0,0,17.60,'deduction','asset','automatic',NULL,0,0,0,0,'Paid form Credit',1625997105),(280,995,NULL,NULL,2001,NULL,NULL,NULL,NULL,NULL,NULL,NULL,NULL,NULL,0,1,1.60,'addiction','asset','automatic',NULL,0,0,0,0,'Tax form Buyer',1625997106),(281,3,NULL,NULL,2001,NULL,NULL,NULL,NULL,NULL,NULL,NULL,NULL,NULL,0,0,14.40,'addiction','income','automatic',NULL,0,0,0,0,'Income Sale',1625997106),(282,3,NULL,NULL,2001,NULL,NULL,NULL,NULL,NULL,NULL,NULL,NULL,NULL,1,0,1.60,'addiction','income','automatic',NULL,0,0,0,0,'Commission from Seller',1625997106),(283,996,NULL,NULL,2006,NULL,NULL,NULL,NULL,NULL,NULL,NULL,NULL,NULL,0,0,24.75,'deduction','asset','automatic',NULL,0,0,0,0,'Paid form Credit',1626060488),(284,996,NULL,NULL,2006,NULL,NULL,NULL,NULL,NULL,NULL,NULL,NULL,NULL,0,1,2.25,'addiction','asset','automatic',NULL,0,0,0,0,'Tax form Buyer',1626060488),(285,867,NULL,NULL,2006,NULL,NULL,NULL,NULL,NULL,NULL,NULL,NULL,NULL,0,0,18.00,'addiction','income','automatic',NULL,0,0,0,0,'Income Sale',1626060488),(286,867,NULL,NULL,2006,NULL,NULL,NULL,NULL,NULL,NULL,NULL,NULL,NULL,1,0,4.50,'addiction','income','automatic',NULL,0,0,0,0,'Commission from Seller',1626060488),(287,996,NULL,NULL,1998,NULL,NULL,NULL,NULL,NULL,NULL,NULL,NULL,NULL,0,0,44.00,'deduction','asset','automatic',NULL,0,0,0,0,'Paid form Credit',1626060553),(288,996,NULL,NULL,1998,NULL,NULL,NULL,NULL,NULL,NULL,NULL,NULL,NULL,0,1,4.00,'addiction','asset','automatic',NULL,0,0,0,0,'Tax form Buyer',1626060553),(289,1015,NULL,NULL,1998,NULL,NULL,NULL,NULL,NULL,NULL,NULL,NULL,NULL,0,0,32.00,'addiction','income','automatic',NULL,0,0,0,0,'Income Sale',1626060553),(290,1015,NULL,NULL,1998,NULL,NULL,NULL,NULL,NULL,NULL,NULL,NULL,NULL,1,0,8.00,'addiction','income','automatic',NULL,0,0,0,0,'Commission from Seller',1626060553),(291,930,NULL,NULL,1998,NULL,NULL,NULL,NULL,NULL,NULL,NULL,NULL,NULL,0,0,55.00,'deduction','asset','automatic',NULL,0,0,0,0,'Paid form Credit',1626060836),(292,930,NULL,NULL,1998,NULL,NULL,NULL,NULL,NULL,NULL,NULL,NULL,NULL,0,1,5.00,'addiction','asset','automatic',NULL,0,0,0,0,'Tax form Buyer',1626060837),(293,1015,NULL,NULL,1998,NULL,NULL,NULL,NULL,NULL,NULL,NULL,NULL,NULL,0,0,40.00,'addiction','income','automatic',NULL,0,0,0,0,'Income Sale',1626060837),(294,1015,NULL,NULL,1998,NULL,NULL,NULL,NULL,NULL,NULL,NULL,NULL,NULL,1,0,10.00,'addiction','income','automatic',NULL,0,0,0,0,'Commission from Seller',1626060837),(295,1015,1,NULL,NULL,NULL,NULL,NULL,NULL,NULL,NULL,NULL,NULL,NULL,0,0,332.00,'deduction','income','automatic',NULL,0,0,0,0,'Payout request',1626061220),(296,979,NULL,NULL,2004,NULL,NULL,NULL,NULL,NULL,NULL,NULL,NULL,NULL,0,0,66.00,'deduction','asset','automatic',NULL,0,0,0,0,'Paid form Credit',1626061333),(297,979,NULL,NULL,2004,NULL,NULL,NULL,NULL,NULL,NULL,NULL,NULL,NULL,0,1,6.00,'addiction','asset','automatic',NULL,0,0,0,0,'Tax form Buyer',1626061334),(298,929,NULL,NULL,2004,NULL,NULL,NULL,NULL,NULL,NULL,NULL,NULL,NULL,0,0,54.00,'addiction','income','automatic',NULL,0,0,0,0,'Income Sale',1626061334),(299,929,NULL,NULL,2004,NULL,NULL,NULL,NULL,NULL,NULL,NULL,NULL,NULL,1,0,6.00,'addiction','income','automatic',NULL,0,0,0,0,'Commission from Seller',1626061334),(300,979,NULL,NULL,2002,NULL,NULL,NULL,NULL,NULL,NULL,NULL,NULL,NULL,0,0,22.00,'deduction','asset','automatic',NULL,0,0,0,0,'Paid form Credit',1626061374),(301,979,NULL,NULL,2002,NULL,NULL,NULL,NULL,NULL,NULL,NULL,NULL,NULL,0,1,2.00,'addiction','asset','automatic',NULL,0,0,0,0,'Tax form Buyer',1626061374),(302,863,NULL,NULL,2002,NULL,NULL,NULL,NULL,NULL,NULL,NULL,NULL,NULL,0,0,16.00,'addiction','income','automatic',NULL,0,0,0,0,'Income Sale',1626061374),(303,863,NULL,NULL,2002,NULL,NULL,NULL,NULL,NULL,NULL,NULL,NULL,NULL,1,0,4.00,'addiction','income','automatic',NULL,0,0,0,0,'Commission from Seller',1626061374),(304,979,NULL,NULL,2000,NULL,NULL,NULL,NULL,NULL,NULL,NULL,NULL,NULL,0,0,33.00,'deduction','asset','automatic',NULL,0,0,0,0,'Paid form Credit',1626061375),(305,979,NULL,NULL,2000,NULL,NULL,NULL,NULL,NULL,NULL,NULL,NULL,NULL,0,1,3.00,'addiction','asset','automatic',NULL,0,0,0,0,'Tax form Buyer',1626061376),(306,867,NULL,NULL,2000,NULL,NULL,NULL,NULL,NULL,NULL,NULL,NULL,NULL,0,0,24.00,'addiction','income','automatic',NULL,0,0,0,0,'Income Sale',1626061376),(307,867,NULL,NULL,2000,NULL,NULL,NULL,NULL,NULL,NULL,NULL,NULL,NULL,1,0,6.00,'addiction','income','automatic',NULL,0,0,0,0,'Commission from Seller',1626061376),(308,995,NULL,NULL,NULL,NULL,NULL,3,NULL,NULL,NULL,NULL,NULL,NULL,0,0,22.00,'deduction','asset','automatic',NULL,0,0,0,0,'Paid form Credit',1626061450),(309,995,NULL,NULL,NULL,NULL,NULL,3,NULL,NULL,NULL,NULL,NULL,NULL,0,1,2.00,'addiction','asset','automatic',NULL,0,0,0,0,'Tax form Buyer',1626061451),(310,995,NULL,NULL,NULL,NULL,NULL,3,NULL,NULL,NULL,NULL,NULL,NULL,1,0,20.00,'addiction','subscribe','automatic',NULL,0,0,0,0,'Income for Subscribe',1626061451),(311,867,NULL,NULL,2006,NULL,NULL,NULL,NULL,NULL,NULL,NULL,NULL,NULL,0,0,0.16,'addiction','income','automatic',NULL,0,0,0,0,'Paid for Subscribe',1626061483),(312,1,NULL,NULL,2006,NULL,NULL,NULL,NULL,NULL,NULL,NULL,NULL,NULL,1,0,0.16,'deduction','asset','automatic',NULL,0,0,0,0,'Paid for Subscribe',1626061483),(313,929,NULL,NULL,2004,NULL,NULL,NULL,NULL,NULL,NULL,NULL,NULL,NULL,0,0,0.16,'addiction','income','automatic',NULL,0,0,0,0,'Paid for Subscribe',1626061490),(314,1,NULL,NULL,2004,NULL,NULL,NULL,NULL,NULL,NULL,NULL,NULL,NULL,1,0,0.16,'deduction','asset','automatic',NULL,0,0,0,0,'Paid for Subscribe',1626061490),(315,863,NULL,NULL,2002,NULL,NULL,NULL,NULL,NULL,NULL,NULL,NULL,NULL,0,0,0.16,'addiction','income','automatic',NULL,0,0,0,0,'Paid for Subscribe',1626061494),(316,1,NULL,NULL,2002,NULL,NULL,NULL,NULL,NULL,NULL,NULL,NULL,NULL,1,0,0.16,'deduction','asset','automatic',NULL,0,0,0,0,'Paid for Subscribe',1626061494),(317,1015,1,NULL,NULL,NULL,NULL,NULL,NULL,NULL,NULL,NULL,NULL,NULL,0,0,500.00,'addiction','asset','automatic',NULL,0,0,0,0,'offline payment approved',1626132570),(318,1015,NULL,NULL,2002,NULL,NULL,NULL,NULL,NULL,NULL,NULL,NULL,NULL,0,0,17.60,'deduction','asset','automatic',NULL,0,0,0,0,'Paid form Credit',1626132845),(319,1015,NULL,NULL,2002,NULL,NULL,NULL,NULL,NULL,NULL,NULL,NULL,NULL,0,1,1.60,'addiction','asset','automatic',NULL,0,0,0,0,'Tax form Buyer',1626132845),(320,863,NULL,NULL,2002,NULL,NULL,NULL,NULL,NULL,NULL,NULL,NULL,NULL,0,0,12.80,'addiction','income','automatic',NULL,0,0,0,0,'Income Sale',1626132845),(321,863,NULL,NULL,2002,NULL,NULL,NULL,NULL,NULL,NULL,NULL,NULL,NULL,1,0,3.20,'addiction','income','automatic',NULL,0,0,0,0,'Commission from Seller',1626132845),(322,929,1,NULL,NULL,NULL,NULL,NULL,NULL,NULL,NULL,NULL,NULL,NULL,0,0,300.00,'addiction','asset','automatic',NULL,0,0,0,0,'offline payment approved',1626241074),(323,929,NULL,NULL,2004,NULL,NULL,NULL,3,NULL,NULL,NULL,NULL,NULL,0,0,55.00,'deduction','asset','automatic',NULL,0,0,0,0,'Paid form Credit',1626241152),(324,929,NULL,NULL,2004,NULL,NULL,NULL,3,NULL,NULL,NULL,NULL,NULL,0,1,5.00,'addiction','asset','automatic',NULL,0,0,0,0,'Tax form Buyer',1626241153),(325,929,NULL,NULL,NULL,NULL,NULL,NULL,3,NULL,NULL,NULL,NULL,NULL,1,0,50.00,'addiction','promotion','automatic',NULL,0,0,0,0,'Paid for Promotion',1626241153),(326,929,NULL,NULL,2003,NULL,NULL,NULL,NULL,NULL,NULL,NULL,NULL,NULL,0,0,33.00,'deduction','asset','automatic',NULL,0,0,0,0,'Paid form Credit',1626241213),(327,929,NULL,NULL,2003,NULL,NULL,NULL,NULL,NULL,NULL,NULL,NULL,NULL,0,1,3.00,'addiction','asset','automatic',NULL,0,0,0,0,'Tax form Buyer',1626241214),(328,864,NULL,NULL,2003,NULL,NULL,NULL,NULL,NULL,NULL,NULL,NULL,NULL,0,0,24.00,'addiction','income','automatic',NULL,0,0,0,0,'Income Sale',1626241214),(329,864,NULL,NULL,2003,NULL,NULL,NULL,NULL,NULL,NULL,NULL,NULL,NULL,1,0,6.00,'addiction','income','automatic',NULL,0,0,0,0,'Commission from Seller',1626241214),(330,995,NULL,NULL,NULL,NULL,114,NULL,NULL,NULL,NULL,NULL,NULL,NULL,0,0,110.00,'deduction','asset','automatic',NULL,0,0,0,0,'Paid for 1:00 hours of consultation',1626247196),(331,995,NULL,NULL,NULL,NULL,114,NULL,NULL,NULL,NULL,NULL,NULL,NULL,0,1,10.00,'addiction','asset','automatic',NULL,0,0,0,0,'Tax form Buyer',1626247196),(332,870,NULL,NULL,NULL,NULL,114,NULL,NULL,NULL,NULL,NULL,NULL,NULL,0,0,80.00,'addiction','income','automatic',NULL,0,0,0,0,'Income Sale',1626247196),(333,870,NULL,NULL,NULL,NULL,114,NULL,NULL,NULL,NULL,NULL,NULL,NULL,1,0,20.00,'addiction','income','automatic',NULL,0,0,0,0,'Commission from Seller',1626247196),(334,995,NULL,NULL,NULL,NULL,114,NULL,NULL,NULL,NULL,NULL,NULL,NULL,0,0,110.00,'addiction','asset','automatic',NULL,0,0,0,0,'Refunded to Buyer',1626247245),(335,NULL,NULL,NULL,NULL,NULL,114,NULL,NULL,NULL,NULL,NULL,NULL,NULL,0,1,10.00,'deduction','asset','automatic',NULL,0,0,0,0,'Refunded Tax',1626247245),(336,870,NULL,NULL,NULL,NULL,114,NULL,NULL,NULL,NULL,NULL,NULL,NULL,0,0,100.00,'deduction','income','automatic',NULL,0,0,0,0,'Refunded Income',1626247245),(337,870,NULL,NULL,NULL,NULL,114,NULL,NULL,NULL,NULL,NULL,NULL,NULL,0,0,20.00,'addiction','income','automatic',NULL,0,0,0,0,'Refunded Commission to Seller',1626247245),(338,870,NULL,NULL,NULL,NULL,114,NULL,NULL,NULL,NULL,NULL,NULL,NULL,1,0,20.00,'deduction','income','automatic',NULL,0,0,0,0,'Refunded Commission',1626247245),(339,996,NULL,NULL,2000,NULL,NULL,NULL,NULL,NULL,NULL,NULL,NULL,NULL,0,0,29.70,'deduction','asset','automatic',NULL,0,0,0,0,'Paid form Credit',1626508957),(340,996,NULL,NULL,2000,NULL,NULL,NULL,NULL,NULL,NULL,NULL,NULL,NULL,0,1,2.70,'addiction','asset','automatic',NULL,0,0,0,0,'Tax form Buyer',1626508957),(341,867,NULL,NULL,2000,NULL,NULL,NULL,NULL,NULL,NULL,NULL,NULL,NULL,0,0,21.60,'addiction','income','automatic',NULL,0,0,0,0,'Income Sale',1626508957),(342,867,NULL,NULL,2000,NULL,NULL,NULL,NULL,NULL,NULL,NULL,NULL,NULL,1,0,5.40,'addiction','income','automatic',NULL,0,0,0,0,'Commission from Seller',1626508957),(343,930,1,NULL,NULL,NULL,NULL,NULL,NULL,NULL,NULL,NULL,NULL,NULL,0,0,250.00,'addiction','asset','automatic',NULL,0,0,0,0,'offline payment approved',1628704280),(344,923,1,NULL,NULL,NULL,NULL,NULL,NULL,NULL,NULL,NULL,NULL,NULL,0,0,300.00,'addiction','asset','automatic',NULL,0,0,0,0,'offline payment approved',1628704284),(345,995,1,NULL,NULL,NULL,NULL,NULL,NULL,NULL,NULL,NULL,NULL,NULL,0,0,200.00,'addiction','asset','automatic',NULL,0,0,0,0,'offline payment approved',1628704378),(346,995,1,NULL,NULL,NULL,NULL,NULL,NULL,NULL,NULL,NULL,NULL,NULL,0,0,100.00,'addiction','asset','automatic',NULL,0,0,0,0,'offline payment approved',1628704382),(347,996,1,NULL,NULL,NULL,NULL,NULL,NULL,NULL,NULL,NULL,NULL,NULL,0,0,200.00,'addiction','asset','automatic',NULL,0,0,0,0,'offline payment approved',1628704397),(348,929,NULL,NULL,2000,NULL,NULL,NULL,NULL,NULL,NULL,NULL,NULL,NULL,0,0,33.00,'deduction','asset','automatic',NULL,0,0,0,0,'Paid form Credit',1635412197),(349,929,NULL,NULL,2000,NULL,NULL,NULL,NULL,NULL,NULL,NULL,NULL,NULL,0,1,3.00,'addiction','asset','automatic',NULL,0,0,0,0,'Tax form Buyer',1635412197),(350,867,NULL,NULL,2000,NULL,NULL,NULL,NULL,NULL,NULL,NULL,NULL,NULL,0,0,24.00,'addiction','income','automatic',NULL,0,0,0,0,'Income Sale',1635412197),(351,867,NULL,NULL,2000,NULL,NULL,NULL,NULL,NULL,NULL,NULL,NULL,NULL,1,0,6.00,'addiction','income','automatic',NULL,0,0,0,0,'Commission from Seller',1635412197),(352,1015,NULL,NULL,NULL,NULL,NULL,NULL,NULL,NULL,NULL,NULL,NULL,NULL,0,0,80.00,'addiction','income','automatic',1017,1,0,0,0,'public.get_amount_from_referral',1639378855),(353,1015,NULL,NULL,NULL,NULL,NULL,NULL,NULL,NULL,NULL,NULL,NULL,NULL,1,0,80.00,'deduction','income','automatic',1017,1,0,0,0,'public.get_amount_from_referral',1639378855),(354,1017,NULL,NULL,NULL,NULL,NULL,NULL,NULL,NULL,NULL,NULL,NULL,NULL,0,0,50.00,'addiction','income','automatic',NULL,1,0,0,0,'public.get_amount_from_referral',1639378855),(355,1017,NULL,NULL,NULL,NULL,NULL,NULL,NULL,NULL,NULL,NULL,NULL,NULL,1,0,50.00,'deduction','income','automatic',NULL,1,0,0,0,'public.get_amount_from_referral',1639378855),(356,1017,1,NULL,NULL,NULL,NULL,NULL,NULL,NULL,NULL,NULL,NULL,NULL,0,0,500.00,'addiction','asset','manual',NULL,0,0,0,0,'charging for test',1639379205),(357,1017,NULL,NULL,2000,NULL,NULL,NULL,NULL,NULL,NULL,NULL,NULL,NULL,0,0,33.00,'deduction','asset','automatic',NULL,0,0,0,0,'Paid form Credit',1639379284),(358,1017,NULL,NULL,2000,NULL,NULL,NULL,NULL,NULL,NULL,NULL,NULL,NULL,0,1,3.00,'addiction','asset','automatic',NULL,0,0,0,0,'Tax form Buyer',1639379285),(359,867,NULL,NULL,2000,NULL,NULL,NULL,NULL,NULL,NULL,NULL,NULL,NULL,0,0,24.00,'addiction','income','automatic',NULL,0,0,0,0,'Income Sale',1639379285),(360,867,NULL,NULL,2000,NULL,NULL,NULL,NULL,NULL,NULL,NULL,NULL,NULL,1,0,4.50,'addiction','income','automatic',NULL,0,0,0,0,'Commission from Seller',1639379285),(361,1015,NULL,NULL,2000,NULL,NULL,NULL,NULL,NULL,NULL,NULL,NULL,NULL,0,0,1.50,'addiction','income','automatic',1017,0,1,0,0,'public.get_commission_from_referral',1639379285),(362,1017,NULL,NULL,1998,NULL,NULL,NULL,NULL,NULL,NULL,NULL,NULL,NULL,0,0,110.00,'deduction','asset','automatic',NULL,0,0,0,0,'Paid form Credit',1639379351),(363,1017,NULL,NULL,1998,NULL,NULL,NULL,NULL,NULL,NULL,NULL,NULL,NULL,0,1,10.00,'addiction','asset','automatic',NULL,0,0,0,0,'Tax form Buyer',1639379352),(364,1015,NULL,NULL,1998,NULL,NULL,NULL,NULL,NULL,NULL,NULL,NULL,NULL,0,0,80.00,'addiction','income','automatic',NULL,0,0,0,0,'Income Sale',1639379352),(365,1015,NULL,NULL,1998,NULL,NULL,NULL,NULL,NULL,NULL,NULL,NULL,NULL,1,0,15.00,'addiction','income','automatic',NULL,0,0,0,0,'Commission from Seller',1639379352),(366,1015,NULL,NULL,1998,NULL,NULL,NULL,NULL,NULL,NULL,NULL,NULL,NULL,0,0,5.00,'addiction','income','automatic',1017,0,1,0,0,'public.get_commission_from_referral',1639379352),(367,1017,NULL,NULL,2003,NULL,NULL,NULL,NULL,NULL,NULL,NULL,NULL,NULL,0,0,33.00,'deduction','asset','automatic',NULL,0,0,0,0,'Paid form Credit',1639379394),(368,1017,NULL,NULL,2003,NULL,NULL,NULL,NULL,NULL,NULL,NULL,NULL,NULL,0,1,3.00,'addiction','asset','automatic',NULL,0,0,0,0,'Tax form Buyer',1639379395),(369,864,NULL,NULL,2003,NULL,NULL,NULL,NULL,NULL,NULL,NULL,NULL,NULL,0,0,24.00,'addiction','income','automatic',NULL,0,0,0,0,'Income Sale',1639379395),(370,864,NULL,NULL,2003,NULL,NULL,NULL,NULL,NULL,NULL,NULL,NULL,NULL,1,0,4.50,'addiction','income','automatic',NULL,0,0,0,0,'Commission from Seller',1639379395),(371,1015,NULL,NULL,2003,NULL,NULL,NULL,NULL,NULL,NULL,NULL,NULL,NULL,0,0,1.50,'addiction','income','automatic',1017,0,1,0,0,'public.get_commission_from_referral',1639379395),(372,995,NULL,NULL,2009,NULL,NULL,NULL,NULL,NULL,NULL,NULL,NULL,NULL,0,0,11.00,'deduction','asset','automatic',NULL,0,0,0,0,'Paid Form Credit',1646172087),(373,995,NULL,NULL,2009,NULL,NULL,NULL,NULL,NULL,NULL,NULL,NULL,NULL,0,1,1.00,'addiction','asset','automatic',NULL,0,0,0,0,'Tax Get Form Buyer',1646172087),(374,1015,NULL,NULL,2009,NULL,NULL,NULL,NULL,NULL,NULL,NULL,NULL,NULL,0,0,8.00,'addiction','income','automatic',NULL,0,0,0,0,'Income Sale',1646172087),(375,1015,NULL,NULL,2009,NULL,NULL,NULL,NULL,NULL,NULL,NULL,NULL,NULL,1,0,2.00,'addiction','income','automatic',NULL,0,0,0,0,'Get Commission From Seller',1646172087),(376,996,NULL,NULL,2009,NULL,NULL,NULL,NULL,NULL,NULL,NULL,NULL,NULL,0,0,9.90,'deduction','asset','automatic',NULL,0,0,0,0,'Paid Form Credit',1646172124),(377,996,NULL,NULL,2009,NULL,NULL,NULL,NULL,NULL,NULL,NULL,NULL,NULL,0,1,0.90,'addiction','asset','automatic',NULL,0,0,0,0,'Tax Get Form Buyer',1646172124),(378,1015,NULL,NULL,2009,NULL,NULL,NULL,NULL,NULL,NULL,NULL,NULL,NULL,0,0,7.20,'addiction','income','automatic',NULL,0,0,0,0,'Income Sale',1646172124),(379,1015,NULL,NULL,2009,NULL,NULL,NULL,NULL,NULL,NULL,NULL,NULL,NULL,1,0,1.80,'addiction','income','automatic',NULL,0,0,0,0,'Get Commission From Seller',1646172124),(380,979,NULL,NULL,2009,NULL,NULL,NULL,NULL,NULL,NULL,NULL,NULL,NULL,0,0,11.00,'deduction','asset','automatic',NULL,0,0,0,0,'Paid Form Credit',1646172160),(381,979,NULL,NULL,2009,NULL,NULL,NULL,NULL,NULL,NULL,NULL,NULL,NULL,0,1,1.00,'addiction','asset','automatic',NULL,0,0,0,0,'Tax Get Form Buyer',1646172160),(382,1015,NULL,NULL,2009,NULL,NULL,NULL,NULL,NULL,NULL,NULL,NULL,NULL,0,0,8.00,'addiction','income','automatic',NULL,0,0,0,0,'Income Sale',1646172160),(383,1015,NULL,NULL,2009,NULL,NULL,NULL,NULL,NULL,NULL,NULL,NULL,NULL,1,0,2.00,'addiction','income','automatic',NULL,0,0,0,0,'Get Commission From Seller',1646172160),(384,929,NULL,NULL,2009,NULL,NULL,NULL,NULL,NULL,NULL,NULL,NULL,NULL,0,0,11.00,'deduction','asset','automatic',NULL,0,0,0,0,'Paid Form Credit',1646172296),(385,929,NULL,NULL,2009,NULL,NULL,NULL,NULL,NULL,NULL,NULL,NULL,NULL,0,1,1.00,'addiction','asset','automatic',NULL,0,0,0,0,'Tax Get Form Buyer',1646172297),(386,1015,NULL,NULL,2009,NULL,NULL,NULL,NULL,NULL,NULL,NULL,NULL,NULL,0,0,8.00,'addiction','income','automatic',NULL,0,0,0,0,'Income Sale',1646172297),(387,1015,NULL,NULL,2009,NULL,NULL,NULL,NULL,NULL,NULL,NULL,NULL,NULL,1,0,2.00,'addiction','income','automatic',NULL,0,0,0,0,'Get Commission From Seller',1646172297),(388,995,NULL,NULL,NULL,NULL,169,NULL,NULL,NULL,NULL,NULL,NULL,NULL,0,0,825.00,'deduction','asset','automatic',NULL,0,0,0,0,'Paid for 1:00 hours of consultation',1646379290),(389,995,NULL,NULL,NULL,NULL,169,NULL,NULL,NULL,NULL,NULL,NULL,NULL,0,1,75.00,'addiction','asset','automatic',NULL,0,0,0,0,'Tax Get Form Buyer',1646379290),(390,1015,NULL,NULL,NULL,NULL,169,NULL,NULL,NULL,NULL,NULL,NULL,NULL,0,0,600.00,'addiction','income','automatic',NULL,0,0,0,0,'Income Sale',1646379290),(391,1015,NULL,NULL,NULL,NULL,169,NULL,NULL,NULL,NULL,NULL,NULL,NULL,1,0,150.00,'addiction','income','automatic',NULL,0,0,0,0,'Get Commission From Seller',1646379290),(392,867,1,NULL,NULL,NULL,NULL,NULL,NULL,NULL,NULL,NULL,NULL,NULL,0,0,200.00,'addiction','asset','manual',NULL,0,0,0,0,'gift',1646381415),(393,930,NULL,NULL,NULL,NULL,NULL,NULL,NULL,2,NULL,NULL,NULL,NULL,0,0,218.90,'deduction','asset','automatic',NULL,0,0,0,0,'Paid Form Credit',1646386792),(394,930,NULL,NULL,NULL,NULL,NULL,NULL,NULL,2,NULL,NULL,NULL,NULL,0,1,19.90,'addiction','asset','automatic',NULL,0,0,0,0,'Tax Get Form Buyer',1646386797),(395,1,NULL,NULL,NULL,NULL,NULL,NULL,NULL,2,NULL,NULL,NULL,NULL,1,0,199.00,'addiction','registration_package','automatic',NULL,0,0,0,0,'Paid For Registration Package',1646386797),(396,859,1,NULL,NULL,NULL,NULL,NULL,NULL,NULL,NULL,NULL,NULL,NULL,0,0,500.00,'addiction','asset','manual',NULL,0,0,0,0,'Charge for the test.',1646387608),(397,859,NULL,NULL,NULL,NULL,NULL,NULL,NULL,4,NULL,NULL,NULL,NULL,0,0,220.00,'deduction','asset','automatic',NULL,0,0,0,0,'Paid Form Credit',1646387660),(398,859,NULL,NULL,NULL,NULL,NULL,NULL,NULL,4,NULL,NULL,NULL,NULL,0,1,20.00,'addiction','asset','automatic',NULL,0,0,0,0,'Tax Get Form Buyer',1646387660),(399,1,NULL,NULL,NULL,NULL,NULL,NULL,NULL,4,NULL,NULL,NULL,NULL,1,0,200.00,'addiction','registration_package','automatic',NULL,0,0,0,0,'Paid For Registration Package',1646387660),(400,930,NULL,NULL,NULL,1,NULL,NULL,NULL,NULL,NULL,NULL,NULL,NULL,0,0,55.00,'deduction','asset','automatic',NULL,0,0,0,0,'Paid form credit',1656083263),(401,930,NULL,NULL,NULL,1,NULL,NULL,NULL,NULL,NULL,NULL,NULL,NULL,0,1,5.00,'addiction','asset','automatic',NULL,0,0,0,0,'Tax form buyer',1656083263),(402,1015,NULL,NULL,NULL,1,NULL,NULL,NULL,NULL,NULL,NULL,NULL,NULL,0,0,40.00,'addiction','income','automatic',NULL,0,0,0,0,'Sales income',1656083263),(403,1015,NULL,NULL,NULL,1,NULL,NULL,NULL,NULL,NULL,NULL,NULL,NULL,1,0,10.00,'addiction','income','automatic',NULL,0,0,0,0,'Seller commission',1656083263),(404,995,NULL,NULL,NULL,NULL,NULL,NULL,NULL,NULL,4,NULL,NULL,NULL,0,0,5.25,'deduction','asset','automatic',NULL,0,0,0,0,'Paid form credit',1656103844),(405,995,NULL,NULL,NULL,NULL,NULL,NULL,NULL,NULL,4,NULL,NULL,NULL,0,1,0.25,'addiction','asset','automatic',NULL,0,0,0,0,'Tax form buyer',1656103844),(406,1016,NULL,NULL,NULL,NULL,NULL,NULL,NULL,NULL,4,NULL,NULL,NULL,0,0,4.00,'addiction','income','automatic',NULL,0,0,0,0,'Sales income',1656103844),(407,1016,NULL,NULL,NULL,NULL,NULL,NULL,NULL,NULL,4,NULL,NULL,NULL,1,0,1.00,'addiction','income','automatic',NULL,0,0,0,0,'Seller commission',1656103844),(408,923,NULL,NULL,NULL,NULL,NULL,NULL,NULL,NULL,1,NULL,NULL,NULL,0,0,31.25,'deduction','asset','automatic',NULL,0,0,0,0,'Paid form credit',1656104131),(409,923,NULL,NULL,NULL,NULL,NULL,NULL,NULL,NULL,1,NULL,NULL,NULL,0,1,1.25,'addiction','asset','automatic',NULL,0,0,0,0,'Tax form buyer',1656104132),(410,1015,NULL,NULL,NULL,NULL,NULL,NULL,NULL,NULL,1,NULL,NULL,NULL,0,0,27.50,'addiction','income','automatic',NULL,0,0,0,0,'Sales income',1656104132),(411,1015,NULL,NULL,NULL,NULL,NULL,NULL,NULL,NULL,1,NULL,NULL,NULL,1,0,2.50,'addiction','income','automatic',NULL,0,0,0,0,'Seller commission',1656104132),(412,996,NULL,NULL,2003,NULL,NULL,NULL,NULL,NULL,NULL,NULL,NULL,NULL,0,0,39.60,'deduction','asset','automatic',NULL,0,0,0,0,'Paid form credit',1656130482),(413,996,NULL,NULL,2003,NULL,NULL,NULL,NULL,NULL,NULL,NULL,NULL,NULL,0,1,3.60,'addiction','asset','automatic',NULL,0,0,0,0,'Tax form buyer',1656130482),(414,864,NULL,NULL,2003,NULL,NULL,NULL,NULL,NULL,NULL,NULL,NULL,NULL,0,0,28.80,'addiction','income','automatic',NULL,0,0,0,0,'Sales income',1656130482),(415,864,NULL,NULL,2003,NULL,NULL,NULL,NULL,NULL,NULL,NULL,NULL,NULL,1,0,7.20,'addiction','income','automatic',NULL,0,0,0,0,'Seller commission',1656130482),(416,930,NULL,NULL,NULL,NULL,NULL,NULL,NULL,NULL,2,NULL,NULL,NULL,0,0,314.50,'deduction','asset','automatic',NULL,0,0,0,0,'Paid form credit',1656130707),(417,930,NULL,NULL,NULL,NULL,NULL,NULL,NULL,NULL,2,NULL,NULL,NULL,0,1,14.50,'addiction','asset','automatic',NULL,0,0,0,0,'Tax form buyer',1656130707),(418,934,NULL,NULL,NULL,NULL,NULL,NULL,NULL,NULL,2,NULL,NULL,NULL,0,0,271.00,'addiction','income','automatic',NULL,0,0,0,0,'Sales income',1656130707),(419,934,NULL,NULL,NULL,NULL,NULL,NULL,NULL,NULL,2,NULL,NULL,NULL,1,0,29.00,'addiction','income','automatic',NULL,0,0,0,0,'Seller commission',1656130707),(420,996,NULL,NULL,NULL,NULL,NULL,NULL,NULL,NULL,5,NULL,NULL,NULL,0,0,78.75,'deduction','asset','automatic',NULL,0,0,0,0,'Paid form credit',1656130963),(421,996,NULL,NULL,NULL,NULL,NULL,NULL,NULL,NULL,5,NULL,NULL,NULL,0,1,3.75,'addiction','asset','automatic',NULL,0,0,0,0,'Tax form buyer',1656130964),(422,1015,NULL,NULL,NULL,NULL,NULL,NULL,NULL,NULL,5,NULL,NULL,NULL,0,0,60.00,'addiction','income','automatic',NULL,0,0,0,0,'Sales income',1656130964),(423,1015,NULL,NULL,NULL,NULL,NULL,NULL,NULL,NULL,5,NULL,NULL,NULL,1,0,15.00,'addiction','income','automatic',NULL,0,0,0,0,'Seller commission',1656130964),(424,979,NULL,NULL,NULL,2,NULL,NULL,NULL,NULL,NULL,NULL,NULL,NULL,0,0,8.80,'deduction','asset','automatic',NULL,0,0,0,0,'Paid form credit',1656139704),(425,979,NULL,NULL,NULL,2,NULL,NULL,NULL,NULL,NULL,NULL,NULL,NULL,0,1,0.80,'addiction','asset','automatic',NULL,0,0,0,0,'Tax form buyer',1656139705),(426,934,NULL,NULL,NULL,2,NULL,NULL,NULL,NULL,NULL,NULL,NULL,NULL,0,0,6.40,'addiction','income','automatic',NULL,0,0,0,0,'Sales income',1656139705),(427,934,NULL,NULL,NULL,2,NULL,NULL,NULL,NULL,NULL,NULL,NULL,NULL,1,0,1.60,'addiction','income','automatic',NULL,0,0,0,0,'Seller commission',1656139705),(428,979,NULL,NULL,NULL,3,NULL,NULL,NULL,NULL,NULL,NULL,NULL,NULL,0,0,27.50,'deduction','asset','automatic',NULL,0,0,0,0,'Paid form credit',1656139705),(429,979,NULL,NULL,NULL,3,NULL,NULL,NULL,NULL,NULL,NULL,NULL,NULL,0,1,2.50,'addiction','asset','automatic',NULL,0,0,0,0,'Tax form buyer',1656139706),(430,929,NULL,NULL,NULL,3,NULL,NULL,NULL,NULL,NULL,NULL,NULL,NULL,0,0,20.00,'addiction','income','automatic',NULL,0,0,0,0,'Sales income',1656139706),(431,929,NULL,NULL,NULL,3,NULL,NULL,NULL,NULL,NULL,NULL,NULL,NULL,1,0,5.00,'addiction','income','automatic',NULL,0,0,0,0,'Seller commission',1656139706),(432,1017,NULL,NULL,NULL,NULL,NULL,NULL,NULL,NULL,1,NULL,NULL,NULL,0,0,26.00,'deduction','asset','automatic',NULL,0,0,0,0,'Paid form credit',1656148574),(433,1017,NULL,NULL,NULL,NULL,NULL,NULL,NULL,NULL,1,NULL,NULL,NULL,0,1,1.00,'addiction','asset','automatic',NULL,0,0,0,0,'Tax form buyer',1656148574),(434,1015,NULL,NULL,NULL,NULL,NULL,NULL,NULL,NULL,1,NULL,NULL,NULL,0,0,23.00,'addiction','income','automatic',NULL,0,0,0,0,'Sales income',1656148574),(435,1015,NULL,NULL,NULL,NULL,NULL,NULL,NULL,NULL,1,NULL,NULL,NULL,1,0,2.00,'addiction','income','automatic',NULL,0,0,0,0,'Seller commission',1656148574),(436,995,1,NULL,NULL,NULL,NULL,NULL,NULL,NULL,NULL,NULL,NULL,NULL,0,0,300.00,'addiction','asset','manual',NULL,0,0,0,0,'Gift Balance',1656148789),(437,995,NULL,NULL,NULL,NULL,NULL,NULL,NULL,NULL,1,NULL,NULL,NULL,0,0,52.25,'deduction','asset','automatic',NULL,0,0,0,0,'Paid form credit',1656148838),(438,995,NULL,NULL,NULL,NULL,NULL,NULL,NULL,NULL,1,NULL,NULL,NULL,0,1,2.25,'addiction','asset','automatic',NULL,0,0,0,0,'Tax form buyer',1656148838),(439,1015,NULL,NULL,NULL,NULL,NULL,NULL,NULL,NULL,1,NULL,NULL,NULL,0,0,45.50,'addiction','income','automatic',NULL,0,0,0,0,'Sales income',1656148838),(440,1015,NULL,NULL,NULL,NULL,NULL,NULL,NULL,NULL,1,NULL,NULL,NULL,1,0,4.50,'addiction','income','automatic',NULL,0,0,0,0,'Seller commission',1656148838),(441,995,NULL,NULL,NULL,NULL,NULL,NULL,NULL,NULL,6,NULL,NULL,NULL,0,0,17.00,'deduction','asset','automatic',NULL,0,0,0,0,'Paid form credit',1656322658),(442,995,NULL,NULL,NULL,NULL,NULL,NULL,NULL,NULL,6,NULL,NULL,NULL,0,1,1.00,'addiction','asset','automatic',NULL,0,0,0,0,'Tax form buyer',1656322658),(443,1,NULL,NULL,NULL,NULL,NULL,NULL,NULL,NULL,6,NULL,NULL,NULL,0,0,12.00,'addiction','income','automatic',NULL,0,0,0,0,'Sales income',1656322658),(444,1,NULL,NULL,NULL,NULL,NULL,NULL,NULL,NULL,6,NULL,NULL,NULL,1,0,4.00,'addiction','income','automatic',NULL,0,0,0,0,'Seller commission',1656322658),(739,870,NULL,NULL,2022,NULL,NULL,NULL,NULL,NULL,NULL,NULL,1,NULL,0,0,80.00,'addiction','income','automatic',NULL,0,0,0,0,'Sales income',1678915553),(740,870,NULL,NULL,2022,NULL,NULL,NULL,NULL,NULL,NULL,NULL,NULL,NULL,1,0,20.00,'addiction','income','automatic',NULL,0,0,0,0,'Seller commission',1678915553),(744,979,NULL,694,2004,NULL,NULL,NULL,NULL,NULL,NULL,NULL,NULL,6,0,0,39.60,'deduction','asset','automatic',NULL,0,0,0,0,'Paid form credit',1678919437),(745,979,NULL,694,2004,NULL,NULL,NULL,NULL,NULL,NULL,NULL,NULL,6,0,1,3.60,'addiction','asset','automatic',NULL,0,0,0,0,'Tax form buyer',1678919437),(746,929,NULL,694,2004,NULL,NULL,NULL,NULL,NULL,NULL,NULL,NULL,NULL,0,0,32.40,'addiction','income','automatic',NULL,0,0,0,0,'Sales income',1678919437),(747,929,NULL,694,2004,NULL,NULL,NULL,NULL,NULL,NULL,NULL,NULL,NULL,1,0,3.60,'addiction','income','automatic',NULL,0,0,0,0,'Seller commission',1678919437),(788,995,NULL,NULL,NULL,NULL,NULL,NULL,NULL,NULL,NULL,NULL,NULL,NULL,0,0,20.00,'addiction','income','automatic',1045,1,0,0,0,'Affiliate income',1678958778),(789,995,NULL,NULL,NULL,NULL,NULL,NULL,NULL,NULL,NULL,NULL,NULL,NULL,1,0,20.00,'deduction','income','automatic',1045,1,0,0,0,'Affiliate income',1678958778),(790,1045,NULL,NULL,NULL,NULL,NULL,NULL,NULL,NULL,NULL,NULL,NULL,NULL,0,0,10.00,'addiction','income','automatic',NULL,1,0,0,0,'Affiliate income',1678958778),(791,1045,NULL,NULL,NULL,NULL,NULL,NULL,NULL,NULL,NULL,NULL,NULL,NULL,1,0,10.00,'deduction','income','automatic',NULL,1,0,0,0,'Affiliate income',1678958778),(792,1045,1,NULL,NULL,NULL,NULL,NULL,NULL,NULL,NULL,NULL,NULL,NULL,0,0,150.00,'addiction','asset','manual',NULL,0,0,0,0,'test',1678959187),(793,1045,NULL,701,2022,NULL,NULL,NULL,NULL,NULL,NULL,NULL,NULL,NULL,0,0,110.00,'deduction','asset','automatic',NULL,0,0,0,0,'Paid form credit',1678959222),(794,1045,NULL,701,2022,NULL,NULL,NULL,NULL,NULL,NULL,NULL,NULL,NULL,0,1,10.00,'addiction','asset','automatic',NULL,0,0,0,0,'Tax form buyer',1678959222),(795,870,NULL,701,2022,NULL,NULL,NULL,NULL,NULL,NULL,NULL,NULL,NULL,0,0,80.00,'addiction','income','automatic',NULL,0,0,0,0,'Sales income',1678959222),(796,870,NULL,701,2022,NULL,NULL,NULL,NULL,NULL,NULL,NULL,NULL,NULL,1,0,15.00,'addiction','income','automatic',NULL,0,0,0,0,'Seller commission',1678959222),(797,995,NULL,701,2022,NULL,NULL,NULL,NULL,NULL,NULL,NULL,NULL,NULL,0,0,5.00,'addiction','income','automatic',1045,0,1,0,0,'Affiliate income',1678959222),(798,995,NULL,NULL,NULL,NULL,NULL,NULL,NULL,NULL,NULL,NULL,NULL,NULL,0,0,20.00,'addiction','income','automatic',1046,1,0,0,0,'Affiliate income',1678959533),(799,995,NULL,NULL,NULL,NULL,NULL,NULL,NULL,NULL,NULL,NULL,NULL,NULL,1,0,20.00,'deduction','income','automatic',1046,1,0,0,0,'Affiliate income',1678959533),(800,1046,NULL,NULL,NULL,NULL,NULL,NULL,NULL,NULL,NULL,NULL,NULL,NULL,0,0,10.00,'addiction','income','automatic',NULL,1,0,0,0,'Affiliate income',1678959533),(801,1046,NULL,NULL,NULL,NULL,NULL,NULL,NULL,NULL,NULL,NULL,NULL,NULL,1,0,10.00,'deduction','income','automatic',NULL,1,0,0,0,'Affiliate income',1678959533),(805,930,NULL,703,2004,NULL,NULL,NULL,NULL,NULL,NULL,NULL,NULL,NULL,0,0,39.60,'deduction','asset','automatic',NULL,0,0,0,0,'Paid form credit',1678961218),(806,930,NULL,703,2004,NULL,NULL,NULL,NULL,NULL,NULL,NULL,NULL,NULL,0,1,3.60,'addiction','asset','automatic',NULL,0,0,0,0,'Tax form buyer',1678961218),(807,929,NULL,703,2004,NULL,NULL,NULL,NULL,NULL,NULL,NULL,NULL,NULL,0,0,32.40,'addiction','income','automatic',NULL,0,0,0,0,'Sales income',1678961218),(808,929,NULL,703,2004,NULL,NULL,NULL,NULL,NULL,NULL,NULL,NULL,NULL,1,0,3.60,'addiction','income','automatic',NULL,0,0,0,0,'Seller commission',1678961218),(809,930,NULL,703,2004,NULL,NULL,NULL,NULL,NULL,NULL,NULL,NULL,NULL,0,0,3.60,'addiction','asset','automatic',NULL,0,0,0,1,'Cashback For Course',1678961218),(810,930,NULL,703,2004,NULL,NULL,NULL,NULL,NULL,NULL,NULL,NULL,NULL,1,0,3.60,'deduction','asset','automatic',NULL,0,0,0,1,'Cashback For Course',1678961218),(812,870,NULL,NULL,2022,NULL,NULL,NULL,NULL,NULL,NULL,NULL,NULL,NULL,1,0,20.00,'addiction','income','automatic',NULL,0,0,0,0,'Seller commission',1678961558),(816,979,NULL,704,NULL,NULL,NULL,NULL,NULL,NULL,NULL,NULL,NULL,NULL,0,0,3.00,'addiction','asset','automatic',NULL,0,0,0,1,NULL,1678961652),(817,979,NULL,704,NULL,NULL,NULL,NULL,NULL,NULL,NULL,NULL,NULL,NULL,1,0,3.00,'deduction','asset','automatic',NULL,0,0,0,1,NULL,1678961652),(818,1045,NULL,705,2000,NULL,NULL,NULL,NULL,NULL,NULL,NULL,NULL,NULL,0,0,33.00,'deduction','asset','automatic',NULL,0,0,0,0,'Paid form credit',1679088431),(819,1045,NULL,705,2000,NULL,NULL,NULL,NULL,NULL,NULL,NULL,NULL,NULL,0,1,3.00,'addiction','asset','automatic',NULL,0,0,0,0,'Tax form buyer',1679088431),(820,867,NULL,705,2000,NULL,NULL,NULL,NULL,NULL,NULL,NULL,NULL,NULL,0,0,24.00,'addiction','income','automatic',NULL,0,0,0,0,'Sales income',1679088431),(821,867,NULL,705,2000,NULL,NULL,NULL,NULL,NULL,NULL,NULL,NULL,NULL,1,0,4.50,'addiction','income','automatic',NULL,0,0,0,0,'Seller commission',1679088431),(822,995,NULL,705,2000,NULL,NULL,NULL,NULL,NULL,NULL,NULL,NULL,NULL,0,0,1.50,'addiction','income','automatic',1045,0,1,0,0,'Affiliate income',1679088431),(823,1045,NULL,705,2000,NULL,NULL,NULL,NULL,NULL,NULL,NULL,NULL,NULL,0,0,3.00,'addiction','asset','automatic',NULL,0,0,0,1,'Cashback For Course',1679088431),(824,1045,NULL,705,2000,NULL,NULL,NULL,NULL,NULL,NULL,NULL,NULL,NULL,1,0,3.00,'deduction','asset','automatic',NULL,0,0,0,1,'Cashback For Course',1679088431),(828,995,NULL,706,NULL,NULL,NULL,NULL,NULL,NULL,NULL,NULL,NULL,NULL,0,0,3.00,'addiction','asset','automatic',NULL,0,0,0,1,NULL,1685783051),(829,995,NULL,706,NULL,NULL,NULL,NULL,NULL,NULL,NULL,NULL,NULL,NULL,1,0,3.00,'deduction','asset','automatic',NULL,0,0,0,1,NULL,1685783051),(830,870,NULL,NULL,2022,NULL,NULL,NULL,NULL,NULL,NULL,NULL,1,NULL,0,0,80.00,'addiction','income','automatic',NULL,0,0,0,0,'Sales income',1685783075),(831,870,NULL,NULL,2022,NULL,NULL,NULL,NULL,NULL,NULL,NULL,NULL,NULL,1,0,20.00,'addiction','income','automatic',NULL,0,0,0,0,'Seller commission',1685783075),(835,930,NULL,707,NULL,NULL,NULL,NULL,NULL,NULL,NULL,NULL,NULL,NULL,0,0,3.00,'addiction','asset','automatic',NULL,0,0,0,1,NULL,1685783153),(836,930,NULL,707,NULL,NULL,NULL,NULL,NULL,NULL,NULL,NULL,NULL,NULL,1,0,3.00,'deduction','asset','automatic',NULL,0,0,0,1,NULL,1685783153),(837,1049,NULL,722,2024,NULL,NULL,NULL,NULL,NULL,NULL,NULL,NULL,NULL,0,0,1100.00,'addiction','asset','automatic',NULL,0,0,0,0,'Paid for sale',1730578385),(838,1049,NULL,722,2024,NULL,NULL,NULL,NULL,NULL,NULL,NULL,NULL,NULL,0,0,1100.00,'deduction','asset','automatic',NULL,0,0,0,0,'Online payment',1730578385),(839,1049,NULL,722,2024,NULL,NULL,NULL,NULL,NULL,NULL,NULL,NULL,NULL,0,1,100.00,'addiction','asset','automatic',NULL,0,0,0,0,'Tax form buyer',1730578386),(840,1015,NULL,722,2024,NULL,NULL,NULL,NULL,NULL,NULL,NULL,NULL,NULL,0,0,800.00,'addiction','income','automatic',NULL,0,0,0,0,'Sales income',1730578386),(841,1015,NULL,722,2024,NULL,NULL,NULL,NULL,NULL,NULL,NULL,NULL,NULL,1,0,200.00,'addiction','income','automatic',NULL,0,0,0,0,'Seller commission',1730578386),(842,1055,NULL,727,2024,NULL,NULL,NULL,NULL,NULL,NULL,NULL,NULL,NULL,0,0,1100.00,'addiction','asset','automatic',NULL,0,0,0,0,'Paid for sale',1730584004),(843,1055,NULL,727,2024,NULL,NULL,NULL,NULL,NULL,NULL,NULL,NULL,NULL,0,0,1100.00,'deduction','asset','automatic',NULL,0,0,0,0,'Online payment',1730584004),(844,1055,NULL,727,2024,NULL,NULL,NULL,NULL,NULL,NULL,NULL,NULL,NULL,0,1,100.00,'addiction','asset','automatic',NULL,0,0,0,0,'Tax form buyer',1730584005),(845,1015,NULL,727,2024,NULL,NULL,NULL,NULL,NULL,NULL,NULL,NULL,NULL,0,0,800.00,'addiction','income','automatic',NULL,0,0,0,0,'Sales income',1730584005),(846,1015,NULL,727,2024,NULL,NULL,NULL,NULL,NULL,NULL,NULL,NULL,NULL,1,0,200.00,'addiction','income','automatic',NULL,0,0,0,0,'Seller commission',1730584005),(847,1055,NULL,729,2009,NULL,NULL,NULL,NULL,NULL,NULL,NULL,NULL,NULL,0,0,11.00,'addiction','asset','automatic',NULL,0,0,0,0,'Paid for sale',1730584326),(848,1055,NULL,729,2009,NULL,NULL,NULL,NULL,NULL,NULL,NULL,NULL,NULL,0,0,11.00,'deduction','asset','automatic',NULL,0,0,0,0,'Online payment',1730584326),(849,1055,NULL,729,2009,NULL,NULL,NULL,NULL,NULL,NULL,NULL,NULL,NULL,0,1,1.00,'addiction','asset','automatic',NULL,0,0,0,0,'Tax form buyer',1730584327),(850,1015,NULL,729,2009,NULL,NULL,NULL,NULL,NULL,NULL,NULL,NULL,NULL,0,0,8.00,'addiction','income','automatic',NULL,0,0,0,0,'Sales income',1730584327),(851,1015,NULL,729,2009,NULL,NULL,NULL,NULL,NULL,NULL,NULL,NULL,NULL,1,0,2.00,'addiction','income','automatic',NULL,0,0,0,0,'Seller commission',1730584327);
/*!40000 ALTER TABLE `accounting` ENABLE KEYS */;
UNLOCK TABLES;

--
-- Table structure for table `advertising_banners`
--

DROP TABLE IF EXISTS `advertising_banners`;
/*!40101 SET @saved_cs_client     = @@character_set_client */;
/*!50503 SET character_set_client = utf8mb4 */;
CREATE TABLE `advertising_banners` (
  `id` int unsigned NOT NULL AUTO_INCREMENT,
  `position` enum('home1','home2','course','course_sidebar','product_show','bundle','bundle_sidebar') CHARACTER SET utf8mb4 COLLATE utf8mb4_unicode_ci NOT NULL,
  `size` int unsigned NOT NULL DEFAULT '12',
  `link` varchar(255) CHARACTER SET utf8mb4 COLLATE utf8mb4_unicode_ci NOT NULL,
  `published` tinyint(1) NOT NULL DEFAULT '0',
  `created_at` int unsigned NOT NULL,
  PRIMARY KEY (`id`) USING BTREE
) ENGINE=InnoDB AUTO_INCREMENT=14 DEFAULT CHARSET=utf8mb4 COLLATE=utf8mb4_unicode_ci ROW_FORMAT=DYNAMIC;
/*!40101 SET character_set_client = @saved_cs_client */;

--
-- Dumping data for table `advertising_banners`
--

LOCK TABLES `advertising_banners` WRITE;
/*!40000 ALTER TABLE `advertising_banners` DISABLE KEYS */;
INSERT INTO `advertising_banners` VALUES (2,'home1',12,'/login',1,1607885353),(3,'home2',6,'/certificate_validation',1,1607885656),(4,'home2',6,'/instructors',1,1607885681),(6,'course_sidebar',12,'/instructors',1,1607886391),(7,'course_sidebar',12,'/certificate_validation',1,1607886440),(8,'product_show',12,'/products',1,1656569687),(9,'bundle_sidebar',12,'/classes?type[]=bundle',1,1656571896);
/*!40000 ALTER TABLE `advertising_banners` ENABLE KEYS */;
UNLOCK TABLES;

--
-- Table structure for table `advertising_banners_translations`
--

DROP TABLE IF EXISTS `advertising_banners_translations`;
/*!40101 SET @saved_cs_client     = @@character_set_client */;
/*!50503 SET character_set_client = utf8mb4 */;
CREATE TABLE `advertising_banners_translations` (
  `id` int unsigned NOT NULL AUTO_INCREMENT,
  `advertising_banner_id` int unsigned NOT NULL,
  `locale` varchar(255) CHARACTER SET utf8mb4 COLLATE utf8mb4_unicode_ci NOT NULL,
  `title` varchar(255) CHARACTER SET utf8mb4 COLLATE utf8mb4_unicode_ci NOT NULL,
  `image` varchar(255) CHARACTER SET utf8mb4 COLLATE utf8mb4_unicode_ci NOT NULL,
  PRIMARY KEY (`id`),
  KEY `advertising_banners_translations_advertising_banner_id_foreign` (`advertising_banner_id`),
  KEY `advertising_banners_translations_locale_index` (`locale`),
  CONSTRAINT `advertising_banners_translations_advertising_banner_id_foreign` FOREIGN KEY (`advertising_banner_id`) REFERENCES `advertising_banners` (`id`) ON DELETE CASCADE
) ENGINE=InnoDB AUTO_INCREMENT=23 DEFAULT CHARSET=utf8mb4 COLLATE=utf8mb4_unicode_ci;
/*!40101 SET character_set_client = @saved_cs_client */;

--
-- Dumping data for table `advertising_banners_translations`
--

LOCK TABLES `advertising_banners_translations` WRITE;
/*!40000 ALTER TABLE `advertising_banners_translations` DISABLE KEYS */;
INSERT INTO `advertising_banners_translations` VALUES (1,2,'en','Home - Join as instructor','/store/1/default_images/banners/become_instructor_banner.png'),(2,3,'en','Certificate validation - Home','/store/1/default_images/banners/validate_certificates_banner.png'),(3,4,'en','Reserve a meeting - Home','/store/1/default_images/banners/reserve_a_meeting.png'),(4,6,'en','Reserve a meeting - Course page','/store/1/default_images/banners/reserve_a_meeting.png'),(5,7,'en','Certificate validation - Course page','/store/1/default_images/banners/validate_certificates_banner.png'),(7,2,'ar','  -  ','/store/1/default_images/banners/become_instructor_banner_ar.png'),(8,2,'es','Inicio - nete como instructora','/store/1/default_images/banners/become_instructor_banner_es.png'),(9,3,'ar','    -  ','/store/1/default_images/banners/validate_certificates_banner_ar.png'),(10,3,'es','Validacin de certificados - Inicio','/store/1/default_images/banners/validate_certificates_banner_es.png'),(11,4,'ar','  -  ','/store/1/default_images/banners/reserve_a_meeting_ar.png'),(12,4,'es','Reservar una reunin - Inicio','/store/1/default_images/banners/reserve_a_meeting_es.png'),(13,6,'ar','  -  ','/store/1/default_images/banners/reserve_a_meeting_ar.png'),(14,6,'es','Reservar una reunin - pgina del curso','/store/1/default_images/banners/reserve_a_meeting_es.png'),(15,7,'ar','    -  ','/store/1/default_images/banners/validate_certificates_banner_ar.png'),(16,7,'es','Validacin del certificado - pgina del curso','/store/1/default_images/banners/validate_certificates_banner_es.png'),(17,8,'en','Store - Product page','/store/1/default_images/banners/store_en.png'),(18,8,'ar',' -  ','/store/1/default_images/banners/store_ar.png'),(19,8,'es','Tienda - Pgina del producto','/store/1/default_images/banners/store_es.png'),(20,9,'en','Course Bundle - Sidebar','/store/1/default_images/banners/bundle_en.png'),(21,9,'ar','  -  ','/store/1/default_images/banners/bundle_ar.png'),(22,9,'es','Paquete de cursos - Barra lateral','/store/1/default_images/banners/bundle_es.png');
/*!40000 ALTER TABLE `advertising_banners_translations` ENABLE KEYS */;
UNLOCK TABLES;

--
-- Table structure for table `affiliates`
--

DROP TABLE IF EXISTS `affiliates`;
/*!40101 SET @saved_cs_client     = @@character_set_client */;
/*!50503 SET character_set_client = utf8mb4 */;
CREATE TABLE `affiliates` (
  `id` int unsigned NOT NULL AUTO_INCREMENT,
  `affiliate_user_id` int unsigned NOT NULL,
  `referred_user_id` int unsigned NOT NULL,
  `created_at` int unsigned NOT NULL,
  PRIMARY KEY (`id`),
  KEY `affiliates_affiliate_user_id_foreign` (`affiliate_user_id`),
  KEY `affiliates_referred_user_id_foreign` (`referred_user_id`),
  CONSTRAINT `affiliates_affiliate_user_id_foreign` FOREIGN KEY (`affiliate_user_id`) REFERENCES `users` (`id`) ON DELETE CASCADE,
  CONSTRAINT `affiliates_referred_user_id_foreign` FOREIGN KEY (`referred_user_id`) REFERENCES `users` (`id`) ON DELETE CASCADE
) ENGINE=InnoDB AUTO_INCREMENT=16 DEFAULT CHARSET=utf8mb4 COLLATE=utf8mb4_unicode_ci;
/*!40101 SET character_set_client = @saved_cs_client */;

--
-- Dumping data for table `affiliates`
--

LOCK TABLES `affiliates` WRITE;
/*!40000 ALTER TABLE `affiliates` DISABLE KEYS */;
/*!40000 ALTER TABLE `affiliates` ENABLE KEYS */;
UNLOCK TABLES;

--
-- Table structure for table `affiliates_codes`
--

DROP TABLE IF EXISTS `affiliates_codes`;
/*!40101 SET @saved_cs_client     = @@character_set_client */;
/*!50503 SET character_set_client = utf8mb4 */;
CREATE TABLE `affiliates_codes` (
  `id` int unsigned NOT NULL AUTO_INCREMENT,
  `user_id` int unsigned NOT NULL,
  `code` varchar(32) CHARACTER SET utf8mb4 COLLATE utf8mb4_unicode_ci NOT NULL,
  `created_at` int unsigned NOT NULL,
  PRIMARY KEY (`id`),
  UNIQUE KEY `affiliates_codes_code_unique` (`code`),
  KEY `affiliates_codes_user_id_foreign` (`user_id`),
  CONSTRAINT `affiliates_codes_user_id_foreign` FOREIGN KEY (`user_id`) REFERENCES `users` (`id`) ON DELETE CASCADE
) ENGINE=InnoDB AUTO_INCREMENT=5 DEFAULT CHARSET=utf8mb4 COLLATE=utf8mb4_unicode_ci;
/*!40101 SET character_set_client = @saved_cs_client */;

--
-- Dumping data for table `affiliates_codes`
--

LOCK TABLES `affiliates_codes` WRITE;
/*!40000 ALTER TABLE `affiliates_codes` DISABLE KEYS */;
INSERT INTO `affiliates_codes` VALUES (4,1015,'822047',1639378662);
/*!40000 ALTER TABLE `affiliates_codes` ENABLE KEYS */;
UNLOCK TABLES;

--
-- Table structure for table `agora_history`
--

DROP TABLE IF EXISTS `agora_history`;
/*!40101 SET @saved_cs_client     = @@character_set_client */;
/*!50503 SET character_set_client = utf8mb4 */;
CREATE TABLE `agora_history` (
  `id` int unsigned NOT NULL AUTO_INCREMENT,
  `session_id` int unsigned NOT NULL,
  `start_at` int unsigned NOT NULL,
  `end_at` int unsigned DEFAULT NULL,
  PRIMARY KEY (`id`),
  KEY `agora_history_session_id_foreign` (`session_id`),
  CONSTRAINT `agora_history_session_id_foreign` FOREIGN KEY (`session_id`) REFERENCES `sessions` (`id`) ON DELETE CASCADE
) ENGINE=InnoDB AUTO_INCREMENT=29 DEFAULT CHARSET=utf8mb4 COLLATE=utf8mb4_unicode_ci;
/*!40101 SET character_set_client = @saved_cs_client */;

--
-- Dumping data for table `agora_history`
--

LOCK TABLES `agora_history` WRITE;
/*!40000 ALTER TABLE `agora_history` DISABLE KEYS */;
INSERT INTO `agora_history` VALUES (1,74,1646391218,1646391343),(2,76,1646391739,1646391984);
/*!40000 ALTER TABLE `agora_history` ENABLE KEYS */;
UNLOCK TABLES;

--
-- Table structure for table `ai_content_template_translations`
--

DROP TABLE IF EXISTS `ai_content_template_translations`;
/*!40101 SET @saved_cs_client     = @@character_set_client */;
/*!50503 SET character_set_client = utf8mb4 */;
CREATE TABLE `ai_content_template_translations` (
  `id` int unsigned NOT NULL AUTO_INCREMENT,
  `ai_content_template_id` int unsigned NOT NULL,
  `locale` varchar(191) CHARACTER SET utf8mb4 COLLATE utf8mb4_unicode_ci NOT NULL,
  `title` varchar(255) CHARACTER SET utf8mb4 COLLATE utf8mb4_unicode_ci NOT NULL,
  `prompt` text CHARACTER SET utf8mb4 COLLATE utf8mb4_unicode_ci,
  PRIMARY KEY (`id`),
  KEY `ai_content_template_id_trans` (`ai_content_template_id`),
  KEY `ai_content_template_translations_locale_index` (`locale`),
  CONSTRAINT `ai_content_template_id_trans` FOREIGN KEY (`ai_content_template_id`) REFERENCES `ai_content_templates` (`id`) ON DELETE CASCADE
) ENGINE=InnoDB AUTO_INCREMENT=21 DEFAULT CHARSET=utf8mb4 COLLATE=utf8mb4_unicode_ci;
/*!40101 SET character_set_client = @saved_cs_client */;

--
-- Dumping data for table `ai_content_template_translations`
--

LOCK TABLES `ai_content_template_translations` WRITE;
/*!40000 ALTER TABLE `ai_content_template_translations` DISABLE KEYS */;
INSERT INTO `ai_content_template_translations` VALUES (1,1,'en','Course Title','Generate a text with the [keyword] subject in [language] language with less than [length] word for a course title.'),(2,2,'en','Course Short Description','Generate a text with the [keyword] subject in the [language] language with less than [length] words.'),(3,3,'en','Course Long Description','Generate a text with the [keyword] subject in the [language] language with less than [length] words.'),(4,4,'en','Blog Title','Generate a text with the [keyword] subject in the [language] language with less than [length] words for a blog title.'),(5,5,'en','Blog Short Description','Generate a text with the [keyword] subject in the [language] language with less than [length] words for a blog short description.'),(6,6,'en','Blog Long Description','Generate a text with the [keyword] subject in the [language] language with less than [length] words for a blog description.'),(7,7,'en','Genrate Image','Generate an image with the [keyword] subject.'),(8,8,'en','Course SEO Description','Generate a text with the [keyword] subject in the [language] language with less than [length] words for a course SEO description.'),(9,9,'en','Blog SEO Description','Generate a text with the [keyword] subject in the [language] language with less than [length] words for a blog SEO description.'),(10,10,'en','Upcoming Course Description','Generate a text with the [keyword] subject in the [language] language with less than [length] words for an upcoming course.'),(11,11,'en','Quiz Question','Generate a question with the [keyword] subject in the [language] language with less than [length] words.'),(12,12,'en','Generate FAQ','Generate a faq with the [keyword] subject in the [keyword] language.'),(13,13,'en','Course Requirements','Generate requirements for a course with [keyword] subject in [language].'),(14,14,'en','Form Description','Generate a text with the [keyword] subject in the [language] language with less than [length] words for a form description.'),(15,15,'en','Course Advertising Description','Generate a text with the [keyword] subject in [language] with less than [length] words for a course advertising description.'),(16,16,'en','\"About Us\" Page Description','Generate a text with the [keyword] subject in [language] with less than [length] words for the \"About Us\" page description.'),(17,17,'en','Generate Notice','Generate a text with the [keyword] subject in [language] with less than [length] words for notice.'),(18,18,'en','Store Product Title','Generate a text with the [keyword] subject in [language] language with less than [length] word for a product title.'),(19,19,'en','Store Product Description','Generate a text with the [keyword] subject in the [language] language with less than [length] words for a store product description.'),(20,20,'en','Store Product SEO Description','Generate a text with the [keyword] subject in the [language] language with less than [length] words for a store product  SEO description.');
/*!40000 ALTER TABLE `ai_content_template_translations` ENABLE KEYS */;
UNLOCK TABLES;

--
-- Table structure for table `ai_content_templates`
--

DROP TABLE IF EXISTS `ai_content_templates`;
/*!40101 SET @saved_cs_client     = @@character_set_client */;
/*!50503 SET character_set_client = utf8mb4 */;
CREATE TABLE `ai_content_templates` (
  `id` int unsigned NOT NULL AUTO_INCREMENT,
  `type` enum('text','image') CHARACTER SET utf8mb4 COLLATE utf8mb4_unicode_ci NOT NULL,
  `enable_length` tinyint(1) NOT NULL DEFAULT '0',
  `length` int unsigned DEFAULT NULL,
  `image_size` enum('256','512','1024') CHARACTER SET utf8mb4 COLLATE utf8mb4_unicode_ci DEFAULT NULL,
  `enable` tinyint(1) NOT NULL DEFAULT '0',
  `created_at` bigint unsigned NOT NULL,
  PRIMARY KEY (`id`)
) ENGINE=InnoDB AUTO_INCREMENT=21 DEFAULT CHARSET=utf8mb4 COLLATE=utf8mb4_unicode_ci;
/*!40101 SET character_set_client = @saved_cs_client */;

--
-- Dumping data for table `ai_content_templates`
--

LOCK TABLES `ai_content_templates` WRITE;
/*!40000 ALTER TABLE `ai_content_templates` DISABLE KEYS */;
INSERT INTO `ai_content_templates` VALUES (1,'text',1,5,NULL,1,1694939030),(2,'text',1,40,NULL,1,1694940999),(3,'text',1,300,NULL,1,1694941070),(4,'text',1,5,NULL,1,1694941199),(5,'text',1,100,NULL,1,1694941500),(6,'text',1,300,NULL,1,1694941560),(7,'image',0,NULL,'512',1,1694942113),(8,'text',1,160,NULL,1,1694942972),(9,'text',1,160,NULL,1,1694970677),(10,'text',1,300,NULL,1,1694970808),(11,'text',1,150,NULL,1,1694971282),(12,'text',0,NULL,NULL,1,1694994114),(13,'text',0,NULL,NULL,1,1694994456),(14,'text',1,200,NULL,1,1694994762),(15,'text',1,200,NULL,1,1694995011),(16,'text',1,300,NULL,1,1694995299),(17,'text',1,100,NULL,1,1694995502),(18,'text',1,5,NULL,1,1695024064),(19,'text',1,300,NULL,1,1695024166),(20,'text',1,160,NULL,1,1695024265);
/*!40000 ALTER TABLE `ai_content_templates` ENABLE KEYS */;
UNLOCK TABLES;

--
-- Table structure for table `ai_contents`
--

DROP TABLE IF EXISTS `ai_contents`;
/*!40101 SET @saved_cs_client     = @@character_set_client */;
/*!50503 SET character_set_client = utf8mb4 */;
CREATE TABLE `ai_contents` (
  `id` int unsigned NOT NULL AUTO_INCREMENT,
  `user_id` int unsigned NOT NULL,
  `service_type` enum('text','image') CHARACTER SET utf8mb4 COLLATE utf8mb4_unicode_ci NOT NULL,
  `service_id` int unsigned DEFAULT NULL,
  `keyword` varchar(255) CHARACTER SET utf8mb4 COLLATE utf8mb4_unicode_ci DEFAULT NULL,
  `language` varchar(255) CHARACTER SET utf8mb4 COLLATE utf8mb4_unicode_ci DEFAULT NULL,
  `prompt` text CHARACTER SET utf8mb4 COLLATE utf8mb4_unicode_ci,
  `result` text CHARACTER SET utf8mb4 COLLATE utf8mb4_unicode_ci,
  `created_at` bigint unsigned NOT NULL,
  PRIMARY KEY (`id`),
  KEY `ai_contents_user_id_foreign` (`user_id`),
  KEY `ai_contents_service_id_foreign` (`service_id`),
  CONSTRAINT `ai_contents_service_id_foreign` FOREIGN KEY (`service_id`) REFERENCES `ai_content_templates` (`id`) ON DELETE CASCADE,
  CONSTRAINT `ai_contents_user_id_foreign` FOREIGN KEY (`user_id`) REFERENCES `users` (`id`) ON DELETE CASCADE
) ENGINE=InnoDB AUTO_INCREMENT=8 DEFAULT CHARSET=utf8mb4 COLLATE=utf8mb4_unicode_ci;
/*!40101 SET character_set_client = @saved_cs_client */;

--
-- Dumping data for table `ai_contents`
--

LOCK TABLES `ai_contents` WRITE;
/*!40000 ALTER TABLE `ai_contents` DISABLE KEYS */;
INSERT INTO `ai_contents` VALUES (1,1,'text',5,'Laravel','English','Generate a text with the Laravel subject in English language with less than 100 word for a blog short description.','{\"text\":\"Discover the power of Laravel \\u2013 an elegant and intuitive PHP framework designed for web artisans. With its extensive set of tools and libraries, Laravel empowers developers to create robust and scalable web applications with ease. Whether you\\u2019re a beginner or a seasoned professional, delve into the world of Laravel and unlock unparalleled efficiency and productivity in your coding journey. Join us as we explore the wonders of Laravel and its seamless integration capabilities, making web development a breeze.\",\"images\":[]}',1694943786),(2,1015,'text',2,'Photoshop','English','Generate a text with the Photoshop subject in English language with less than 40 word.','{\"text\":\"\\\"Learn Photoshop to create stunning graphics, edit images, and design captivating visuals like a pro. Enhance your skills with tools like layers, filters, and blending modes, and unleash your creativity with endless possibilities in the world of digital art.\\\"\",\"images\":[]}',1694943916),(4,1015,'image',7,'Solar Energy','English','Generate an image with the Solar Energy subject.','{\"text\":null,\"images\":[\"https:\\/\\/oaidalleapiprodscus.blob.core.windows.net\\/private\\/org-GBuDNNbkAYzVp9PHiPsBuZQ0\\/user-pJ94XsEfNjj0eLFo1wAdIwaZ\\/img-ZJvNYiEHIhmNhSpwLOM3ACQ7.png?st=2023-09-17T08%3A54%3A47Z&se=2023-09-17T10%3A54%3A47Z&sp=r&sv=2021-08-06&sr=b&rscd=inline&rsct=image\\/png&skoid=6aaadede-4fb3-4698-a8f6-684d7786b067&sktid=a48cca56-e6da-484e-a814-9c849652bcb3&skt=2023-09-16T23%3A11%3A34Z&ske=2023-09-17T23%3A11%3A34Z&sks=b&skv=2021-08-06&sig=mpGi\\/cRB0RQGPdGeubJnAE4K92tkBam16iV4VLKrd%2BU%3D\"]}',1694944488),(5,870,'image',7,'Health And Fitness','English','Generate an image with the Health And Fitness subject.','{\"text\":null,\"images\":[\"https:\\/\\/oaidalleapiprodscus.blob.core.windows.net\\/private\\/org-GBuDNNbkAYzVp9PHiPsBuZQ0\\/user-pJ94XsEfNjj0eLFo1wAdIwaZ\\/img-DwaSM7I2pREUcycrl5CqeBFj.png?st=2023-09-17T08%3A59%3A21Z&se=2023-09-17T10%3A59%3A21Z&sp=r&sv=2021-08-06&sr=b&rscd=inline&rsct=image\\/png&skoid=6aaadede-4fb3-4698-a8f6-684d7786b067&sktid=a48cca56-e6da-484e-a814-9c849652bcb3&skt=2023-09-16T23%3A09%3A38Z&ske=2023-09-17T23%3A09%3A38Z&sks=b&skv=2021-08-06&sig=ajGTGay2jhn\\/%2BwFUkllhoWCTCDBhifM2Ux3K5yghpeA%3D\"]}',1694944761),(6,870,'text',2,'Fitness','English','Generate a text with the Fitness subject in English language with less than 40 word.','{\"text\":\"\\\"Regular exercise is crucial for maintaining a healthy lifestyle. It improves cardiovascular health, boosts mental wellbeing, and enhances overall strength and endurance. Don\'t underestimate the power of staying fit!\\\"\",\"images\":[]}',1694944995),(7,870,'image',7,'Gym','English','Generate an image with the Gym subject.','{\"text\":null,\"images\":[\"https:\\/\\/oaidalleapiprodscus.blob.core.windows.net\\/private\\/org-GBuDNNbkAYzVp9PHiPsBuZQ0\\/user-pJ94XsEfNjj0eLFo1wAdIwaZ\\/img-fXlKAqDK3czIYoRwrWMbyBTY.png?st=2023-09-17T09%3A03%3A51Z&se=2023-09-17T11%3A03%3A51Z&sp=r&sv=2021-08-06&sr=b&rscd=inline&rsct=image\\/png&skoid=6aaadede-4fb3-4698-a8f6-684d7786b067&sktid=a48cca56-e6da-484e-a814-9c849652bcb3&skt=2023-09-16T23%3A16%3A02Z&ske=2023-09-17T23%3A16%3A02Z&sks=b&skv=2021-08-06&sig=0f%2BXJgBKuXWbutQOE\\/ZThK6a27Hg2rofDll2VW2CRDM%3D\"]}',1694945031);
/*!40000 ALTER TABLE `ai_contents` ENABLE KEYS */;
UNLOCK TABLES;

--
-- Table structure for table `badge_translations`
--

DROP TABLE IF EXISTS `badge_translations`;
/*!40101 SET @saved_cs_client     = @@character_set_client */;
/*!50503 SET character_set_client = utf8mb4 */;
CREATE TABLE `badge_translations` (
  `id` bigint unsigned NOT NULL AUTO_INCREMENT,
  `badge_id` int unsigned NOT NULL,
  `locale` varchar(255) CHARACTER SET utf8mb4 COLLATE utf8mb4_unicode_ci NOT NULL,
  `title` varchar(255) CHARACTER SET utf8mb4 COLLATE utf8mb4_unicode_ci NOT NULL,
  `description` text CHARACTER SET utf8mb4 COLLATE utf8mb4_unicode_ci NOT NULL,
  PRIMARY KEY (`id`),
  KEY `badge_translations_badge_id_foreign` (`badge_id`),
  KEY `badge_translations_locale_index` (`locale`),
  CONSTRAINT `badge_translations_badge_id_foreign` FOREIGN KEY (`badge_id`) REFERENCES `badges` (`id`) ON DELETE CASCADE
) ENGINE=InnoDB AUTO_INCREMENT=22 DEFAULT CHARSET=utf8mb4 COLLATE=utf8mb4_unicode_ci;
/*!40101 SET character_set_client = @saved_cs_client */;

--
-- Dumping data for table `badge_translations`
--

LOCK TABLES `badge_translations` WRITE;
/*!40000 ALTER TABLE `badge_translations` DISABLE KEYS */;
INSERT INTO `badge_translations` VALUES (1,21,'en','New User','1 Month of Membership'),(2,22,'en','Loyal User','1 year of Membership'),(3,23,'en','Faithful User','Old Membership'),(4,24,'en','Junior Vendor','Has 1 Class'),(5,25,'en','Senior Vendor','Has 2 Classes'),(6,26,'en','Expert Vendor','Has 3 to 6 Classes'),(7,27,'en','Bronze Classes','Classes Rating from 2 to 3'),(8,28,'en','Silver Classes','Classes Rating from 3 to 4'),(9,29,'en','Golden Classes','Classes Rating from 4 to 5'),(10,30,'en','Best Seller','Classes Sales from 1 to 2'),(11,31,'en','Top Seller','Classes Sales from 3 to 9'),(12,32,'en','King Seller','Classes Sales from 10 to 20'),(13,33,'en','Good Support','Support Rating from 2 to 3'),(14,34,'en','Amazing Support','Support Rating from 3 to 4'),(15,35,'en','Fantastic Support','Support Rating from 4 to 5'),(16,36,'en','Store Best Seller','Store Products Sales from 1 to 5'),(17,37,'en','Store King Seller','Store Products Sales from 6 to 15'),(18,38,'en','Forums Top User','Has 2 to 5 Topics'),(19,39,'en','Forums Best User','Has 6 to 10 Topics'),(20,40,'en','Loyal Writer','Has 5 to 10 Articles'),(21,41,'en','Forum Loyal User','Has 20 to 30 Posts in Forums');
/*!40000 ALTER TABLE `badge_translations` ENABLE KEYS */;
UNLOCK TABLES;

--
-- Table structure for table `badges`
--

DROP TABLE IF EXISTS `badges`;
/*!40101 SET @saved_cs_client     = @@character_set_client */;
/*!50503 SET character_set_client = utf8mb4 */;
CREATE TABLE `badges` (
  `id` int unsigned NOT NULL AUTO_INCREMENT,
  `image` varchar(255) CHARACTER SET utf8mb4 COLLATE utf8mb4_unicode_ci NOT NULL,
  `type` enum('register_date','course_count','course_rate','sale_count','support_rate','product_sale_count','make_topic','send_post_in_topic','instructor_blog') CHARACTER SET utf8mb4 COLLATE utf8mb4_unicode_ci NOT NULL,
  `condition` varchar(128) CHARACTER SET utf8mb4 COLLATE utf8mb4_unicode_ci NOT NULL,
  `score` int DEFAULT NULL,
  `created_at` int unsigned NOT NULL,
  PRIMARY KEY (`id`) USING BTREE,
  KEY `badges_type_index` (`type`) USING BTREE
) ENGINE=InnoDB AUTO_INCREMENT=42 DEFAULT CHARSET=utf8mb4 COLLATE=utf8mb4_unicode_ci ROW_FORMAT=DYNAMIC;
/*!40101 SET character_set_client = @saved_cs_client */;

--
-- Dumping data for table `badges`
--

LOCK TABLES `badges` WRITE;
/*!40000 ALTER TABLE `badges` DISABLE KEYS */;
INSERT INTO `badges` VALUES (21,'/store/1/default_images/badges/new_user.png','register_date','{\"from\":\"1\",\"to\":\"30\"}',5,1625553769),(22,'/store/1/default_images/badges/loyal_user.png','register_date','{\"from\":\"31\",\"to\":\"365\"}',10,1625554171),(23,'/store/1/default_images/badges/faithful_user.png','register_date','{\"from\":\"365\",\"to\":\"1000\"}',15,1625554495),(24,'/store/1/default_images/badges/junior_vendor.png','course_count','{\"from\":\"1\",\"to\":\"1\"}',10,1625554772),(25,'/store/1/default_images/badges/senior_vendor.png','course_count','{\"from\":\"2\",\"to\":\"2\"}',20,1625554960),(26,'/store/1/default_images/badges/expert_vendor.png','course_count','{\"from\":\"3\",\"to\":\"6\"}',30,1625555421),(27,'/store/1/default_images/badges/bronze_classes.png','course_rate','{\"from\":\"2\",\"to\":\"3\"}',NULL,1625556048),(28,'/store/1/default_images/badges/silver_classes.png','course_rate','{\"from\":\"3\",\"to\":\"4\"}',10,1625556159),(29,'/store/1/default_images/badges/golden_classes.png','course_rate','{\"from\":\"4\",\"to\":\"5\"}',50,1625556284),(30,'/store/1/default_images/badges/best_seller.png','sale_count','{\"from\":\"1\",\"to\":\"2\"}',NULL,1625557021),(31,'/store/1/default_images/badges/top_seller.png','sale_count','{\"from\":\"3\",\"to\":\"9\"}',20,1625557247),(32,'/store/1/default_images/badges/king_seller.png','sale_count','{\"from\":\"10\",\"to\":\"20\"}',50,1625558061),(33,'/store/1/default_images/badges/good_support.png','support_rate','{\"from\":\"2\",\"to\":\"3\"}',NULL,1625558473),(34,'/store/1/default_images/badges/amazing_support.png','support_rate','{\"from\":\"3\",\"to\":\"4\"}',NULL,1625558682),(35,'/store/1/default_images/badges/fantastic_support.png','support_rate','{\"from\":\"4\",\"to\":\"5\"}',20,1625558892),(36,'/store/1/default_images/badges/Best Store Seller.svg','product_sale_count','{\"from\":\"5\",\"to\":\"9\"}',5,1656145531),(37,'/store/1/default_images/badges/King Store Seller.svg','product_sale_count','{\"from\":\"10\",\"to\":\"15\"}',10,1656145677),(38,'/store/1/default_images/badges/Forums Top User.svg','make_topic','{\"from\":\"1\",\"to\":\"5\"}',10,1656145989),(39,'/store/1/default_images/badges/Forums Best User.svg','make_topic','{\"from\":\"6\",\"to\":\"10\"}',15,1656146136),(40,'/store/1/default_images/badges/Loyal Writer.svg','instructor_blog','{\"from\":\"5\",\"to\":\"10\"}',20,1656146397),(41,'/store/1/default_images/badges/Forums Loyal User.svg','send_post_in_topic','{\"from\":\"20\",\"to\":\"30\"}',10,1656146689);
/*!40000 ALTER TABLE `badges` ENABLE KEYS */;
UNLOCK TABLES;

--
-- Table structure for table `become_instructors`
--

DROP TABLE IF EXISTS `become_instructors`;
/*!40101 SET @saved_cs_client     = @@character_set_client */;
/*!50503 SET character_set_client = utf8mb4 */;
CREATE TABLE `become_instructors` (
  `id` int unsigned NOT NULL AUTO_INCREMENT,
  `user_id` int unsigned NOT NULL,
  `role` enum('teacher','organization') CHARACTER SET utf8mb4 COLLATE utf8mb4_unicode_ci NOT NULL,
  `package_id` int unsigned DEFAULT NULL,
  `certificate` varchar(255) CHARACTER SET utf8mb4 COLLATE utf8mb4_unicode_ci DEFAULT NULL,
  `description` text CHARACTER SET utf8mb4 COLLATE utf8mb4_unicode_ci,
  `status` enum('pending','accept','reject') CHARACTER SET utf8mb4 COLLATE utf8mb4_unicode_ci NOT NULL DEFAULT 'pending',
  `created_at` int unsigned NOT NULL,
  PRIMARY KEY (`id`) USING BTREE,
  KEY `become_instructors_user_id_foreign` (`user_id`) USING BTREE,
  CONSTRAINT `become_instructors_user_id_foreign` FOREIGN KEY (`user_id`) REFERENCES `users` (`id`) ON DELETE CASCADE
) ENGINE=InnoDB AUTO_INCREMENT=15 DEFAULT CHARSET=utf8mb4 COLLATE=utf8mb4_unicode_ci ROW_FORMAT=DYNAMIC;
/*!40101 SET character_set_client = @saved_cs_client */;

--
-- Dumping data for table `become_instructors`
--

LOCK TABLES `become_instructors` WRITE;
/*!40000 ALTER TABLE `become_instructors` DISABLE KEYS */;
INSERT INTO `become_instructors` VALUES (14,1114,'teacher',NULL,'/store/1114/Becoming a Clipper King CST.docx.pdf',NULL,'pending',1737456459);
/*!40000 ALTER TABLE `become_instructors` ENABLE KEYS */;
UNLOCK TABLES;

--
-- Table structure for table `blog`
--

DROP TABLE IF EXISTS `blog`;
/*!40101 SET @saved_cs_client     = @@character_set_client */;
/*!50503 SET character_set_client = utf8mb4 */;
CREATE TABLE `blog` (
  `id` int unsigned NOT NULL AUTO_INCREMENT,
  `category_id` int unsigned DEFAULT NULL,
  `author_id` int unsigned NOT NULL,
  `slug` varchar(255) CHARACTER SET utf8mb4 COLLATE utf8mb4_unicode_ci NOT NULL,
  `image` varchar(255) CHARACTER SET utf8mb4 COLLATE utf8mb4_unicode_ci NOT NULL,
  `visit_count` int unsigned DEFAULT '0',
  `enable_comment` tinyint(1) NOT NULL DEFAULT '1',
  `status` enum('pending','publish') CHARACTER SET utf8mb4 COLLATE utf8mb4_unicode_ci NOT NULL DEFAULT 'pending',
  `created_at` int unsigned NOT NULL,
  `updated_at` int unsigned DEFAULT NULL,
  PRIMARY KEY (`id`) USING BTREE,
  KEY `blog_category_id_foreign` (`category_id`) USING BTREE,
  KEY `slug` (`slug`) USING BTREE,
  CONSTRAINT `blog_category_id_foreign` FOREIGN KEY (`category_id`) REFERENCES `blog_categories` (`id`) ON DELETE CASCADE
) ENGINE=InnoDB AUTO_INCREMENT=31 DEFAULT CHARSET=utf8mb4 COLLATE=utf8mb4_unicode_ci ROW_FORMAT=DYNAMIC;
/*!40101 SET character_set_client = @saved_cs_client */;

--
-- Dumping data for table `blog`
--

LOCK TABLES `blog` WRITE;
/*!40000 ALTER TABLE `blog` DISABLE KEYS */;
INSERT INTO `blog` VALUES (28,39,1116,'hshshs','/store/1075/Untitled design (27).png',1,0,'publish',1737713823,1737713933),(29,34,1116,'Enroll-in-any-course-with-these-easy-steps','/store/1075/20944343.jpg',0,0,'publish',1737714040,1737714040),(30,34,1116,'How-to-access-your-certificates-on-the-platform','/store/1075/high-angle-laptop-with-wooden-figurine-academic-cap.jpg',2,0,'publish',1737714150,1737714150);
/*!40000 ALTER TABLE `blog` ENABLE KEYS */;
UNLOCK TABLES;

--
-- Table structure for table `blog_categories`
--

DROP TABLE IF EXISTS `blog_categories`;
/*!40101 SET @saved_cs_client     = @@character_set_client */;
/*!50503 SET character_set_client = utf8mb4 */;
CREATE TABLE `blog_categories` (
  `id` int unsigned NOT NULL AUTO_INCREMENT,
  `slug` varchar(255) CHARACTER SET utf8mb4 COLLATE utf8mb4_unicode_ci NOT NULL,
  PRIMARY KEY (`id`) USING BTREE
) ENGINE=InnoDB AUTO_INCREMENT=40 DEFAULT CHARSET=utf8mb4 COLLATE=utf8mb4_unicode_ci ROW_FORMAT=DYNAMIC;
/*!40101 SET character_set_client = @saved_cs_client */;

--
-- Dumping data for table `blog_categories`
--

LOCK TABLES `blog_categories` WRITE;
/*!40000 ALTER TABLE `blog_categories` DISABLE KEYS */;
INSERT INTO `blog_categories` VALUES (33,'Vel-consequatur'),(34,'Facilis-ea'),(36,'Fugit-dignissimos-possimus'),(37,'new'),(39,'Account-Management');
/*!40000 ALTER TABLE `blog_categories` ENABLE KEYS */;
UNLOCK TABLES;

--
-- Table structure for table `blog_category_translations`
--

DROP TABLE IF EXISTS `blog_category_translations`;
/*!40101 SET @saved_cs_client     = @@character_set_client */;
/*!50503 SET character_set_client = utf8mb4 */;
CREATE TABLE `blog_category_translations` (
  `id` int unsigned NOT NULL AUTO_INCREMENT,
  `blog_category_id` int unsigned NOT NULL,
  `locale` varchar(191) CHARACTER SET utf8mb4 COLLATE utf8mb4_general_ci NOT NULL,
  `title` varchar(255) CHARACTER SET utf8mb4 COLLATE utf8mb4_general_ci NOT NULL,
  PRIMARY KEY (`id`),
  KEY `blog_category_translations_blog_category_id_foreign` (`blog_category_id`),
  KEY `blog_category_translations_locale_index` (`locale`),
  CONSTRAINT `blog_category_translations_blog_category_id_foreign` FOREIGN KEY (`blog_category_id`) REFERENCES `blog_categories` (`id`) ON DELETE CASCADE
) ENGINE=InnoDB AUTO_INCREMENT=6 DEFAULT CHARSET=utf8mb4 COLLATE=utf8mb4_general_ci;
/*!40101 SET character_set_client = @saved_cs_client */;

--
-- Dumping data for table `blog_category_translations`
--

LOCK TABLES `blog_category_translations` WRITE;
/*!40000 ALTER TABLE `blog_category_translations` DISABLE KEYS */;
INSERT INTO `blog_category_translations` VALUES (1,33,'en','Technical Support'),(2,34,'en','Platform Navigation and Features'),(3,36,'en','Technical Support'),(4,37,'en','News'),(5,39,'en','Account Management');
/*!40000 ALTER TABLE `blog_category_translations` ENABLE KEYS */;
UNLOCK TABLES;

--
-- Table structure for table `blog_translations`
--

DROP TABLE IF EXISTS `blog_translations`;
/*!40101 SET @saved_cs_client     = @@character_set_client */;
/*!50503 SET character_set_client = utf8mb4 */;
CREATE TABLE `blog_translations` (
  `id` bigint unsigned NOT NULL AUTO_INCREMENT,
  `blog_id` int unsigned NOT NULL,
  `locale` varchar(255) CHARACTER SET utf8mb4 COLLATE utf8mb4_unicode_ci NOT NULL,
  `title` varchar(255) CHARACTER SET utf8mb4 COLLATE utf8mb4_unicode_ci NOT NULL,
  `description` text CHARACTER SET utf8mb4 COLLATE utf8mb4_unicode_ci NOT NULL,
  `content` longtext CHARACTER SET utf8mb4 COLLATE utf8mb4_unicode_ci NOT NULL,
  `meta_description` text CHARACTER SET utf8mb4 COLLATE utf8mb4_unicode_ci,
  PRIMARY KEY (`id`),
  UNIQUE KEY `blog_translations_blog_id_locale_unique` (`blog_id`,`locale`),
  KEY `blog_translations_locale_index` (`locale`),
  CONSTRAINT `blog_translations_blog_id_foreign` FOREIGN KEY (`blog_id`) REFERENCES `blog` (`id`) ON DELETE CASCADE
) ENGINE=InnoDB AUTO_INCREMENT=33 DEFAULT CHARSET=utf8mb4 COLLATE=utf8mb4_unicode_ci;
/*!40101 SET character_set_client = @saved_cs_client */;

--
-- Dumping data for table `blog_translations`
--

LOCK TABLES `blog_translations` WRITE;
/*!40000 ALTER TABLE `blog_translations` DISABLE KEYS */;
INSERT INTO `blog_translations` VALUES (30,28,'en','How to Register on the NJI Learning Platform','<p>In this article, Ill guide you through the simple steps to register on the NJI Learning Platform. By following these two straightforward rules, youll gain access to a wealth of resources tailored to enhance your judicial knowledge and professional growth.</p>','<p>Creating an account on the NJI Learning Platform is simple and ensures you gain access to a wealth of resources tailored for legal and judicial professionals. Follow these steps to get started:</p><h3><span style=\"font-weight: bolder;\"><br></span></h3><h3><span style=\"font-weight: bolder;\">Step 1: Click on Register</span></h3><p>Begin by visiting the NJI Learning Platform homepage and clicking the \"Register\" button. This will take you to the sign-up page where you can create your account.</p><p><br></p><p><img src=\"https://nji.sapphitalgroup.net/store/1075/Screenshot%202025-01-24%20091511.png\" style=\"width: 1022.22px;\"><span style=\"font-weight: bolder; font-size: 1.75rem;\"><br></span></p><p><span style=\"font-weight: bolder; font-size: 1.75rem;\">Step 2: Enter Your Details</span></p><p>On the registration page, provide the following details:</p><ul><li><span style=\"font-weight: bolder;\">Full Name:</span>&nbsp;Enter your official name as it appears in your professional records.</li><li><span style=\"font-weight: bolder;\">Email Address:</span>&nbsp;Use a valid email address you can access regularly.</li><li><span style=\"font-weight: bolder;\">Password:</span>&nbsp;Choose a strong password that is secure and easy for you to remember.</li></ul><p>Once all fields are completed, click on the&nbsp;<span style=\"font-weight: bolder;\">\"Sign Up\"</span>&nbsp;button to proceed.<br><br><br><img src=\"https://nji.sapphitalgroup.net/store/1075/Screenshot%202025-01-23%20143614.png\" style=\"width: 1022.22px;\"><br></p><h3><span style=\"font-weight: bolder;\"><br></span></h3><h3><span style=\"font-weight: bolder;\">Step 3: Verify Your Email</span></h3><p>After signing up, a verification email will be sent to the address you provided. Open the email and follow the instructions to verify your account. This may include entering a verification code.<br><br><img src=\"https://nji.sapphitalgroup.net/store/1075/Screenshot%202025-01-23%20143949.png\" style=\"width: 1022.22px;\"><br></p><h3><span style=\"font-weight: bolder;\">Step 4: Access Your Dashboard</span></h3><p>Once your email is verified, youll have full access to your personalized dashboard. Here, you can explore courses, track your progress, and connect with other professionals on the platform.</p><p>By completing these steps, youll be fully registered and ready to begin your learning journey with the NJI Learning Platform. If you encounter any issues during registration, feel free to contact support for assistance.</p><p><img src=\"https://nji.sapphitalgroup.net/store/1075/Screenshot%202025-01-23%20144102.png\" style=\"width: 1022.22px;\"><br></p><p>Ready to get started? Click&nbsp;<span style=\"font-weight: bolder;\">Register</span>&nbsp;today!</p>','In this article, Ill guide you through the simple steps to register on the NJI Learning Platform. By following these two straightforward rules, youll gain access to a wealth of resources tailored to enhance your judicial knowledge and professional growth.'),(31,29,'en','Enroll in any course with these easy steps','<p>In this article, Ill explain the steps to enroll in a course on the NJI Learning Platform. If you follow my advice, youll unlock valuable learning opportunities while staying organized and efficient in your professional development.</p>','<h3><span style=\"font-weight: bolder;\">Step 1: Log In to Your Account</span></h3><p>Begin by logging into your account on the NJI Learning Platform using your email and password. If you dont have an account yet, refer to the guide on creating an account.</p><hr><h3><span style=\"font-weight: bolder;\">Step 2: Browse Available Courses</span></h3><p>Once logged in, click on the&nbsp;<span style=\"font-weight: bolder;\">Courses</span>&nbsp;tab in the navigation menu. Youll see a catalog of courses categorized by topic or area of interest. Use the search bar or filters to find the course that suits your needs.</p><p><img src=\"https://nji.sapphitalgroup.net/store/1075/Screenshot%202025-01-24%20090641.png\" style=\"width: 1022.22px;\"><span style=\"font-weight: bolder; font-size: 1.75rem;\"><br></span></p><p><img src=\"https://nji.sapphitalgroup.net/store/1075/Screenshot%202025-01-24%20091036.png\" style=\"width: 1022.22px;\"><span style=\"font-weight: bolder; font-size: 1.75rem;\"><br></span></p><p><span style=\"font-weight: bolder; font-size: 1.75rem;\">Step 3: Review Course Details</span></p><p>Click on the course youre interested in to view its description. Read through the objectives, curriculum, and requirements to ensure it aligns with your goals.</p><h3><img src=\"https://nji.sapphitalgroup.net/store/1075/Screenshot%202025-01-23%20155622.png\" style=\"width: 1022.22px;\"><span style=\"font-weight: bolder; font-size: 1.75rem;\"><br></span></h3><h3><span style=\"font-weight: bolder; font-size: 1.75rem;\">Step 4: Enroll in the Course</span></h3><ul><li>If the course is&nbsp;<span style=\"font-weight: bolder;\">free</span>, simply click on the&nbsp;<span style=\"font-weight: bolder;\">Enroll</span>&nbsp;button, and youll be automatically enrolled.</li><li>If the course is&nbsp;<span style=\"font-weight: bolder;\">paid</span>, you will be redirected to a secure payment page. Complete the payment process to confirm your enrollment.</li><li>You can then click on the \" Go to Learning Page\" button to begin learning immediately&nbsp;</li></ul><h3><img src=\"https://nji.sapphitalgroup.net/store/1075/Screenshot%202025-01-23%20155654.png\" style=\"width: 1022.22px;\"><span style=\"font-weight: bolder;\"><br></span></h3><h3><img src=\"https://nji.sapphitalgroup.net/store/1075/Screenshot%202025-01-24%20091212.png\" style=\"width: 1022.22px;\"><span style=\"font-weight: bolder;\"><br></span></h3><h3><span style=\"font-weight: bolder; font-size: 1.75rem;\">Step 5: Access All Your Enrolled Courses</span></h3><p>If you want to access all your enrolled courses,&nbsp; navigate to your dashboard and click on the&nbsp;<span style=\"font-weight: bolder;\">Purchased Courses</span>&nbsp;section on your personalized dashboard. Here, youll find all the courses youre enrolled in. Select any course to begin learning at your convenience.</p><p><img src=\"https://nji.sapphitalgroup.net/store/1075/Screenshot%202025-01-24%20091800.png\" style=\"width: 1022.22px;\"><br></p><p><br></p><p><br></p><p><img src=\"https://nji.sapphitalgroup.net/store/1075/Screenshot%202025-01-24%20091854.png\" style=\"width: 1022.22px;\"><br></p><p>By following these steps, you can easily start accessing the knowledge and resources you need to enhance your legal expertise. If you encounter any issues during enrollment, dont hesitate to contact the support team for assistance.</p><p></p><p>Start exploring your courses today and take the next step in your professional development!</p>','In this article, Ill explain the steps to enroll in a course on the NJI Learning Platform. If you follow my advice, youll unlock valuable learning opportunities while staying organized and efficient in your professional development.'),(32,30,'en','How to access your certificates on the platform','<p>In this article, Ill guide you through the simple steps to access your certificate on the NJI</p>','<p>After successfully completing a course on the NJI Learning Platform, you can easily access your certificate of completion. Follow these steps to view and manage your certificates:</p><hr><h3><span style=\"font-weight: bolder;\">Step 1: Complete the Course</span></h3><p>Ensure that you have completed the course with 100% progress. Certificates are only generated once all course requirements are fulfilled.</p><h3><img src=\"https://nji.sapphitalgroup.net/store/1075/Screenshot%202025-01-24%20094521.png\" style=\"width: 1022.22px;\"><span style=\"font-weight: bolder; font-size: 1.75rem;\">Step 2: Access the Certificate Button</span></h3><p>On the course learning page, locate the&nbsp;<span style=\"font-weight: bolder;\">Certificate</span>&nbsp;button. Click on it and then select&nbsp;<span style=\"font-weight: bolder;\">Show</span>&nbsp;to view your certificate.</p><h3><img src=\"https://nji.sapphitalgroup.net/store/1075/Screenshot%202025-01-24%20094553.png\" style=\"width: 1022.22px;\"><span style=\"font-weight: bolder; font-size: 1.75rem;\">Step 3: View All Certificates</span></h3><p>To see all your earned certificates:</p><ol><li>Navigate to your&nbsp;<span style=\"font-weight: bolder;\">Dashboard</span>.</li><li>Click on the&nbsp;<span style=\"font-weight: bolder;\">Certificates</span>&nbsp;and&nbsp;<span style=\"font-weight: bolder;\">Certificates of Completion</span>&nbsp;section.</li></ol><p><img src=\"https://nji.sapphitalgroup.net/store/1075/humm.png\" style=\"width: 1022.22px;\"><br></p><p>Here, youll find a list of all certificates tied to your completed courses.</p><hr><h3><span style=\"font-weight: bolder;\">Step 4: Open Certificates</span></h3><p>Select any certificate from the list and click&nbsp;<span style=\"font-weight: bolder;\">Open</span>&nbsp;to view it in detail. Each certificate comes with a unique ID for verification and authentication purposes.</p><hr><p>By following these steps, you can showcase your achievements and download certificates for your records. If you face any challenges while accessing certificates, the support team is always ready to assist.</p><p><img src=\"https://nji.sapphitalgroup.net/store/1075/Screenshot%202025-01-24%20095013.png\" style=\"width: 1022.22px;\"><br><br>Start earning your certificates today by completing your courses!</p>','In this article, Ill guide you through the simple steps to access your certificate on the NJI');
/*!40000 ALTER TABLE `blog_translations` ENABLE KEYS */;
UNLOCK TABLES;

--
-- Table structure for table `bundle_filter_option`
--

DROP TABLE IF EXISTS `bundle_filter_option`;
/*!40101 SET @saved_cs_client     = @@character_set_client */;
/*!50503 SET character_set_client = utf8mb4 */;
CREATE TABLE `bundle_filter_option` (
  `id` int unsigned NOT NULL AUTO_INCREMENT,
  `bundle_id` int unsigned NOT NULL,
  `filter_option_id` int unsigned NOT NULL,
  PRIMARY KEY (`id`),
  KEY `bundle_filter_option_bundle_id_foreign` (`bundle_id`),
  KEY `bundle_filter_option_filter_option_id_foreign` (`filter_option_id`),
  CONSTRAINT `bundle_filter_option_bundle_id_foreign` FOREIGN KEY (`bundle_id`) REFERENCES `bundles` (`id`) ON DELETE CASCADE,
  CONSTRAINT `bundle_filter_option_filter_option_id_foreign` FOREIGN KEY (`filter_option_id`) REFERENCES `filter_options` (`id`) ON DELETE CASCADE
) ENGINE=InnoDB AUTO_INCREMENT=52 DEFAULT CHARSET=utf8mb4 COLLATE=utf8mb4_unicode_ci;
/*!40101 SET character_set_client = @saved_cs_client */;

--
-- Dumping data for table `bundle_filter_option`
--

LOCK TABLES `bundle_filter_option` WRITE;
/*!40000 ALTER TABLE `bundle_filter_option` DISABLE KEYS */;
INSERT INTO `bundle_filter_option` VALUES (31,2,9148),(32,2,9216),(33,2,9279),(34,2,9280),(35,2,9281),(39,3,9120),(40,3,9166),(41,3,9240),(47,1,9138),(48,1,9139),(49,1,9140),(50,1,9196),(51,1,9266);
/*!40000 ALTER TABLE `bundle_filter_option` ENABLE KEYS */;
UNLOCK TABLES;

--
-- Table structure for table `bundle_translations`
--

DROP TABLE IF EXISTS `bundle_translations`;
/*!40101 SET @saved_cs_client     = @@character_set_client */;
/*!50503 SET character_set_client = utf8mb4 */;
CREATE TABLE `bundle_translations` (
  `id` bigint unsigned NOT NULL AUTO_INCREMENT,
  `bundle_id` int unsigned NOT NULL,
  `locale` varchar(255) CHARACTER SET utf8mb4 COLLATE utf8mb4_unicode_ci NOT NULL,
  `title` varchar(255) CHARACTER SET utf8mb4 COLLATE utf8mb4_unicode_ci NOT NULL,
  `seo_description` text CHARACTER SET utf8mb4 COLLATE utf8mb4_unicode_ci,
  `description` longtext CHARACTER SET utf8mb4 COLLATE utf8mb4_unicode_ci,
  PRIMARY KEY (`id`),
  KEY `bundle_translations_bundle_id_foreign` (`bundle_id`),
  KEY `bundle_translations_locale_index` (`locale`),
  CONSTRAINT `bundle_translations_bundle_id_foreign` FOREIGN KEY (`bundle_id`) REFERENCES `bundles` (`id`) ON DELETE CASCADE
) ENGINE=InnoDB AUTO_INCREMENT=5 DEFAULT CHARSET=utf8mb4 COLLATE=utf8mb4_unicode_ci;
/*!40101 SET character_set_client = @saved_cs_client */;

--
-- Dumping data for table `bundle_translations`
--

LOCK TABLES `bundle_translations` WRITE;
/*!40000 ALTER TABLE `bundle_translations` DISABLE KEYS */;
INSERT INTO `bundle_translations` VALUES (1,1,'en','Microsoft Office Beginner to Expert Bundle','Learn to create professional documents with this beginner to advanced Ultimate Microsoft office Course.','<p>In this MS Office video course, you will learn everything you need to know about MS Office Accounting. software needs to be installed and link is included in the training. We\'ll take advantage of a 30-day free trial that anyone who registers in the US will get for free. You can also use the Accountants Edition, which is currently free if you are in the US</p><p><br></p><p>Very clear step by step instructions show you how to navigate each part of MS Office. We\'ll do the complete setup together. You will then experience every common type of transaction that can be entered into MS Office . You will learn how to manage and customize the most important reports in MS Office. You can find and fix data entry errors, and even find everything you\'ve entered into your MS Office account. Projects and tests reproduce real-world challenges I\'m going to show you how to use MS Office. You can learn about any industry-specific assignments you might need by watching this topic on MS Office Desktop Videos. In this course, you can apply this particular topic to MS Office .</p><p><br></p><p>The transactions we learned about are what businesses need when using MS Office. We enter customer invoices, sales receipts and payments to the MS Office Accounting By Sage. This training includes depositing and banking related to MS Office, as well as entering supplier accounts and paying invoices in MS Office. This MS Office video training course also covers cash transactions and other cashbacks. I am constantly providing MS Office tips and MS Office tricks so that students have complete control over all their MS Office entries. The main features of MS Office Accounting will help you become an expert at MS Office</p>'),(2,1,'es','Paquete definitivo de Microsoft Office para principiantes y expertos','Paquete definitivo de Microsoft Office para principiantes y expertos','<p>En este curso de video de MS Office, aprender todo lo que necesita saber sobre la contabilidad de MS Office. es necesario instalar el software y el enlace est incluido en la capacitacin. Aprovecharemos una prueba gratuita de 30 das que cualquier persona que se registre en los EE. UU. obtendr de forma gratuita. Tambin puede usar la Edicin de contadores, que actualmente es gratuita si se encuentra en los EE. UU.</p><p><br></p><p>Las instrucciones paso a paso muy claras le muestran cmo navegar por cada parte de MS Office. Haremos la configuracin completa juntos. Luego experimentar cada tipo comn de transaccin que se puede ingresar en MS Office. Aprender a administrar y personalizar los informes ms importantes en MS Office. Puede encontrar y corregir errores de entrada de datos, e incluso encontrar todo lo que ha ingresado en su cuenta de MS Office. Los proyectos y las pruebas reproducen desafos del mundo real. Le mostrar cmo usar MS Office. Puede obtener informacin sobre las asignaciones especficas de la industria que pueda necesitar al ver este tema en los videos de escritorio de MS Office. En este curso, puede aplicar este tema en particular a MS Office.</p><p><br></p><p>Las transacciones que aprendimos son lo que las empresas necesitan cuando usan MS Office. Ingresamos facturas de clientes, recibos de ventas y pagos al MS Office Accounting By Sage. Esta capacitacin incluye depsitos y operaciones bancarias relacionadas con MS Office, adems de ingresar cuentas de proveedores y pagar facturas en MS Office. Este curso de capacitacin en video de MS Office tambin cubre transacciones en efectivo y otros reembolsos. Constantemente brindo consejos y trucos de MS Office para que los estudiantes tengan control total sobre todas sus entradas de MS Office. Las caractersticas principales de MS Office Accounting lo ayudarn a convertirse en un experto en MS Office</p>'),(3,2,'en','A-Z Web Programming','The most complete course available on Web Programming.','<p>Brad Hussey is updating the entire course to be even more relevant to the modern web designer and front-end web developer as we enter into 2022. Join now to get access!</p><p><br></p><p>This course by Brad Hussey is the go-to, most comprehensive, A to Z web design, web development and career-building course that will kickstart your progress by focusing on what you need to learn, and avoiding the unnecessary details.</p><p><br></p><p>- - -</p><p><br></p><p>Do you want to learn web design and front-end development? Do you need a career change but don\'t know where to start?</p><p><br></p><p>Are you a total beginner looking for an all-in-one Web Design, Web Development and Career Building course that takes you step-by-step through all of the necessary skills you need to know to start working professionally as a web designer or developer?</p><p><br></p><p>Are you a programmer or web developer looking to improve your design skills, so your designer colleagues can stop making fun of your bad designs?</p><p><br></p><p>Or maybe you\'re a graphic designer looking to learn how to code, so your programmer colleagues can stop laughing at your sad coding attempts?</p><p><br></p><p>Have you wasted time & hard earned money watching boring, drawn-out and overwhelming web design and web development courses that promise to make you a complete master of every possible discipline known to man?</p><p><br></p><p>Look no further! There\'s no better place to learn web design and become a skilled front-end developer than with The Ultimate Web Designer & Front-End Developer Course by Brad Hussey.</p><p><br></p><p>This course will teach you everything you need to know (and none of what you don\'t need to know).</p><p><br></p><p>With more than 80,000 happy students, this Udemy course is trusted by beginners and experts alike. Brad Hussey  an experienced web designer and front-end developer  will teach you everything from web design basics to creating beautiful user interfaces with HTML and CSS. You\'ll also learn how to develop dynamic websites with JavaScript, PHP, MySQL and more. And that\'s just the beginning!</p><p><br></p><p>You\'ll also learn about creating responsive websites and user interfaces that look great on any device by using popular frameworks like Bootstrap and Tailwind CSS.</p><p><br></p><p>By the end of this course, you\'ll have the skills and knowledge you need to start your own successful web design career, whether you want to land a job as a web designer or start taking on clients as a freelance web designer.</p><p><br></p><p>So if you\'re ready to become a web designer in 2022?</p><p><br></p><p>Join the course today!</p><p><br></p><p>- - -</p><p><br></p><p>What can you expect from this course?</p><p><br></p><p>You will go from knowing nothing to creating over 23 impressive designs, websites, and applications  all with step-by-step instruction from one of the most entertaining, engaging and passionate web design educators on the web today!</p><p><br></p><p>We\'ll start by learning Visual & Web Design, how to use Adobe Photoshop, and how to sketch professional wireframes. We\'ll then learn to code with HTML5, CSS3, Javascript and jQuery. At this point, you\'ll be able to code custom websites, animations and web applications by yourself.</p><p><br></p><p>Once we\'re cool with the front-end languages, we\'ll then melt our brain-bits with highly advanced skills like Responsive Websites, PHP, MySQL, WordPress and custom WordPress plugin development. You\'ll then have the ability to build responsive, dynamic websites and blogs, basic eCommerce sites and online stores, and have a professional understanding of all aspects of web design & development.</p><p><br></p><p>After you\'ve learned everything from Design to Development, you\'ll be taken through a hands-on career section fully-loaded with valuable tips, resources, and real-world guidance to help you start your career  whether you want to work-from-home as a freelancer or secure a full-time studio gig at a design agency.</p>'),(4,3,'en','Solar Energy Design Course From Zero To Hero','Learn How To Design And Install Solar Energy Systems With Step By Step Examples Without Previous Knowledge','<p>The only course out there with everything you need to know about solar energy from A to Z</p><p><br></p><p>Throughout the course you will learn:</p><p><br></p><p>The fundamentals of solar energy</p><p><br></p><p>Components and design of on-grid and off-grid solar systems</p><p><br></p><p>Types and selection of solar modules</p><p><br></p><p>Types of charge controllers and their selection techniques</p><p><br></p><p>Types and selection of different solar inverters</p><p><br></p><p>Selection of suitable tilt angle and shading effect in PV systems.</p><p><br></p><p>- Types and selection of batteries in solar energy systems.</p><p><br></p><p>- Design and components of the solar water pumping system</p><p><br></p><p>- Design of grounding or earthing system</p><p><br></p><p>- Design of single line diagram of the PV system using the Autocad</p><p><br></p><p>- Design on and off-grid PV systems using the PVSyst program.</p><p><br></p><p>- Design of protection of PV system</p><p><br></p><p><br></p><p><b>After Taking This Course, You Will Be Able To</b></p><p><br></p><p>Understand everything about solar energy systems such as construction and how to select components such as solar panels, charge controllers, inverters, batteries, and busbars.</p><p><br></p><p>Design different solar energy systems such as off-grid, on-grid, and solar water pumping systems.</p><p><br></p><p>You will learn how to design protection and earthing system for solar energy systems.</p><p><br></p><p>You would be able to apply for jobs in the solar energy field without fear of rejection as you have all the knowledge you need to work in the field.</p><p><br></p><p><br></p><p>If you\'ve been looking for ONE COURSE with in-depth insight into solar energy, take this course.</p>');
/*!40000 ALTER TABLE `bundle_translations` ENABLE KEYS */;
UNLOCK TABLES;

--
-- Table structure for table `bundle_webinars`
--

DROP TABLE IF EXISTS `bundle_webinars`;
/*!40101 SET @saved_cs_client     = @@character_set_client */;
/*!50503 SET character_set_client = utf8mb4 */;
CREATE TABLE `bundle_webinars` (
  `id` int unsigned NOT NULL AUTO_INCREMENT,
  `creator_id` int unsigned NOT NULL,
  `bundle_id` int unsigned NOT NULL,
  `webinar_id` int unsigned NOT NULL,
  `order` int unsigned DEFAULT NULL,
  PRIMARY KEY (`id`),
  KEY `bundle_webinars_bundle_id_foreign` (`bundle_id`),
  KEY `bundle_webinars_webinar_id_foreign` (`webinar_id`),
  CONSTRAINT `bundle_webinars_bundle_id_foreign` FOREIGN KEY (`bundle_id`) REFERENCES `bundles` (`id`) ON DELETE CASCADE,
  CONSTRAINT `bundle_webinars_webinar_id_foreign` FOREIGN KEY (`webinar_id`) REFERENCES `webinars` (`id`) ON DELETE CASCADE
) ENGINE=InnoDB AUTO_INCREMENT=12 DEFAULT CHARSET=utf8mb4 COLLATE=utf8mb4_unicode_ci;
/*!40101 SET character_set_client = @saved_cs_client */;

--
-- Dumping data for table `bundle_webinars`
--

LOCK TABLES `bundle_webinars` WRITE;
/*!40000 ALTER TABLE `bundle_webinars` DISABLE KEYS */;
INSERT INTO `bundle_webinars` VALUES (1,1015,1,1998,NULL),(2,1015,1,2008,NULL),(4,1015,1,2009,NULL),(5,934,2,1997,NULL),(6,934,2,2005,NULL),(7,929,3,2004,NULL),(8,929,3,1999,NULL);
/*!40000 ALTER TABLE `bundle_webinars` ENABLE KEYS */;
UNLOCK TABLES;

--
-- Table structure for table `bundles`
--

DROP TABLE IF EXISTS `bundles`;
/*!40101 SET @saved_cs_client     = @@character_set_client */;
/*!50503 SET character_set_client = utf8mb4 */;
CREATE TABLE `bundles` (
  `id` int unsigned NOT NULL AUTO_INCREMENT,
  `creator_id` int unsigned NOT NULL,
  `teacher_id` int unsigned NOT NULL,
  `category_id` int unsigned DEFAULT NULL,
  `slug` varchar(255) CHARACTER SET utf8mb4 COLLATE utf8mb4_unicode_ci NOT NULL,
  `thumbnail` varchar(255) CHARACTER SET utf8mb4 COLLATE utf8mb4_unicode_ci NOT NULL,
  `image_cover` varchar(255) CHARACTER SET utf8mb4 COLLATE utf8mb4_unicode_ci NOT NULL,
  `video_demo` varchar(255) CHARACTER SET utf8mb4 COLLATE utf8mb4_unicode_ci DEFAULT NULL,
  `video_demo_source` enum('upload','youtube','vimeo','external_link','secure_host') CHARACTER SET utf8mb4 COLLATE utf8mb4_unicode_ci DEFAULT NULL,
  `price` int DEFAULT NULL,
  `points` int DEFAULT NULL,
  `subscribe` tinyint(1) NOT NULL DEFAULT '0',
  `certificate` tinyint(1) NOT NULL DEFAULT '0',
  `access_days` int unsigned DEFAULT NULL COMMENT 'Number of days to access the bundle',
  `message_for_reviewer` text CHARACTER SET utf8mb4 COLLATE utf8mb4_unicode_ci,
  `status` enum('active','pending','is_draft','inactive') CHARACTER SET utf8mb4 COLLATE utf8mb4_unicode_ci NOT NULL,
  `created_at` bigint unsigned NOT NULL,
  `updated_at` bigint unsigned DEFAULT NULL,
  PRIMARY KEY (`id`),
  KEY `bundles_creator_id_foreign` (`creator_id`),
  KEY `bundles_teacher_id_foreign` (`teacher_id`),
  KEY `bundles_category_id_foreign` (`category_id`),
  KEY `bundles_slug_index` (`slug`),
  CONSTRAINT `bundles_category_id_foreign` FOREIGN KEY (`category_id`) REFERENCES `categories` (`id`) ON DELETE CASCADE,
  CONSTRAINT `bundles_creator_id_foreign` FOREIGN KEY (`creator_id`) REFERENCES `users` (`id`) ON DELETE CASCADE,
  CONSTRAINT `bundles_teacher_id_foreign` FOREIGN KEY (`teacher_id`) REFERENCES `users` (`id`) ON DELETE CASCADE
) ENGINE=InnoDB AUTO_INCREMENT=5 DEFAULT CHARSET=utf8mb4 COLLATE=utf8mb4_unicode_ci;
/*!40101 SET character_set_client = @saved_cs_client */;

--
-- Dumping data for table `bundles`
--

LOCK TABLES `bundles` WRITE;
/*!40000 ALTER TABLE `bundles` DISABLE KEYS */;
INSERT INTO `bundles` VALUES (1,1015,1015,609,'Microsoft-Office-Beginner-to-Expert-Bundle','/store/1015/office_bundle.jpg','/store/1015/office_bundle_c.jpg','/store/1015/Microsoft Excel - Excel from Beginner to Advanced.mkv','upload',50,NULL,0,0,NULL,'Thank you','active',1656082487,1656399382),(2,934,934,606,'A-Z-Web-Programming','/store/934/A-Z Web Programming.jpg','/store/934/A-Z Web Programming_c.jpg','/store/934/Python for Beginners.mp4','upload',8,NULL,0,0,NULL,'Thank you for your review.','active',1656138736,1656138918),(3,929,929,602,'Solar-Energy-Design-Course-From-Zero-To-Hero','/store/929/Solar Energy Design Course From Zero To Hero.jpg','/store/929/Solar Energy Design Course From Zero To Hero_c.jpg',NULL,NULL,25,NULL,0,0,NULL,'Hi,\r\nThank you.','active',1656139531,1656139656);
/*!40000 ALTER TABLE `bundles` ENABLE KEYS */;
UNLOCK TABLES;

--
-- Table structure for table `cart`
--

DROP TABLE IF EXISTS `cart`;
/*!40101 SET @saved_cs_client     = @@character_set_client */;
/*!50503 SET character_set_client = utf8mb4 */;
CREATE TABLE `cart` (
  `id` int unsigned NOT NULL AUTO_INCREMENT,
  `creator_id` int unsigned NOT NULL,
  `webinar_id` int unsigned DEFAULT NULL,
  `bundle_id` int unsigned DEFAULT NULL,
  `product_order_id` int unsigned DEFAULT NULL,
  `reserve_meeting_id` int unsigned DEFAULT NULL,
  `subscribe_id` int unsigned DEFAULT NULL,
  `promotion_id` int unsigned DEFAULT NULL,
  `gift_id` int unsigned DEFAULT NULL,
  `ticket_id` int unsigned DEFAULT NULL,
  `special_offer_id` int unsigned DEFAULT NULL,
  `product_discount_id` int unsigned DEFAULT NULL,
  `installment_payment_id` int unsigned DEFAULT NULL,
  `created_at` int NOT NULL,
  PRIMARY KEY (`id`) USING BTREE,
  KEY `cart_creator_id_foreign` (`creator_id`) USING BTREE,
  KEY `cart_webinar_id_foreign` (`webinar_id`) USING BTREE,
  KEY `cart_ticket_id_foreign` (`ticket_id`) USING BTREE,
  KEY `cart_reserve_meeting_id_foreign` (`reserve_meeting_id`) USING BTREE,
  KEY `cart_subscribe_id_foreign` (`subscribe_id`) USING BTREE,
  KEY `cart_promotion_id_foreign` (`promotion_id`) USING BTREE,
  KEY `cart_special_offer_id_foreign` (`special_offer_id`),
  KEY `cart_product_order_id_foreign` (`product_order_id`),
  KEY `cart_product_discount_id_foreign` (`product_discount_id`),
  KEY `cart_bundle_id_foreign` (`bundle_id`),
  KEY `cart_installment_payment_id_foreign` (`installment_payment_id`),
  KEY `cart_gift_id_foreign` (`gift_id`),
  CONSTRAINT `cart_bundle_id_foreign` FOREIGN KEY (`bundle_id`) REFERENCES `bundles` (`id`) ON DELETE CASCADE,
  CONSTRAINT `cart_creator_id_foreign` FOREIGN KEY (`creator_id`) REFERENCES `users` (`id`) ON DELETE CASCADE,
  CONSTRAINT `cart_gift_id_foreign` FOREIGN KEY (`gift_id`) REFERENCES `gifts` (`id`) ON DELETE CASCADE,
  CONSTRAINT `cart_installment_payment_id_foreign` FOREIGN KEY (`installment_payment_id`) REFERENCES `installment_order_payments` (`id`) ON DELETE CASCADE,
  CONSTRAINT `cart_product_discount_id_foreign` FOREIGN KEY (`product_discount_id`) REFERENCES `product_discounts` (`id`) ON DELETE SET NULL,
  CONSTRAINT `cart_product_order_id_foreign` FOREIGN KEY (`product_order_id`) REFERENCES `product_orders` (`id`) ON DELETE CASCADE,
  CONSTRAINT `cart_promotion_id_foreign` FOREIGN KEY (`promotion_id`) REFERENCES `promotions` (`id`) ON DELETE CASCADE,
  CONSTRAINT `cart_reserve_meeting_id_foreign` FOREIGN KEY (`reserve_meeting_id`) REFERENCES `reserve_meetings` (`id`) ON DELETE CASCADE,
  CONSTRAINT `cart_special_offer_id_foreign` FOREIGN KEY (`special_offer_id`) REFERENCES `special_offers` (`id`) ON DELETE CASCADE,
  CONSTRAINT `cart_subscribe_id_foreign` FOREIGN KEY (`subscribe_id`) REFERENCES `subscribes` (`id`) ON DELETE CASCADE,
  CONSTRAINT `cart_ticket_id_foreign` FOREIGN KEY (`ticket_id`) REFERENCES `tickets` (`id`) ON DELETE CASCADE,
  CONSTRAINT `cart_webinar_id_foreign` FOREIGN KEY (`webinar_id`) REFERENCES `webinars` (`id`) ON DELETE CASCADE
) ENGINE=InnoDB AUTO_INCREMENT=218 DEFAULT CHARSET=utf8mb4 COLLATE=utf8mb4_unicode_ci ROW_FORMAT=DYNAMIC;
/*!40101 SET character_set_client = @saved_cs_client */;

--
-- Dumping data for table `cart`
--

LOCK TABLES `cart` WRITE;
/*!40000 ALTER TABLE `cart` DISABLE KEYS */;
INSERT INTO `cart` VALUES (216,1055,2028,NULL,NULL,NULL,NULL,NULL,NULL,NULL,NULL,NULL,NULL,1732402249);
/*!40000 ALTER TABLE `cart` ENABLE KEYS */;
UNLOCK TABLES;

--
-- Table structure for table `cart_discount_translations`
--

DROP TABLE IF EXISTS `cart_discount_translations`;
/*!40101 SET @saved_cs_client     = @@character_set_client */;
/*!50503 SET character_set_client = utf8mb4 */;
CREATE TABLE `cart_discount_translations` (
  `id` int unsigned NOT NULL AUTO_INCREMENT,
  `cart_discount_id` int unsigned NOT NULL,
  `locale` varchar(191) CHARACTER SET utf8mb4 COLLATE utf8mb4_general_ci NOT NULL,
  `title` varchar(255) CHARACTER SET utf8mb4 COLLATE utf8mb4_general_ci NOT NULL,
  `subtitle` text CHARACTER SET utf8mb4 COLLATE utf8mb4_general_ci NOT NULL,
  PRIMARY KEY (`id`),
  KEY `cart_discount_translations_cart_discount_id_foreign` (`cart_discount_id`),
  KEY `cart_discount_translations_locale_index` (`locale`),
  CONSTRAINT `cart_discount_translations_cart_discount_id_foreign` FOREIGN KEY (`cart_discount_id`) REFERENCES `cart_discounts` (`id`) ON DELETE CASCADE
) ENGINE=InnoDB AUTO_INCREMENT=2 DEFAULT CHARSET=utf8mb4 COLLATE=utf8mb4_general_ci;
/*!40101 SET character_set_client = @saved_cs_client */;

--
-- Dumping data for table `cart_discount_translations`
--

LOCK TABLES `cart_discount_translations` WRITE;
/*!40000 ALTER TABLE `cart_discount_translations` DISABLE KEYS */;
INSERT INTO `cart_discount_translations` VALUES (1,1,'en','Finalize your purchase with a discount','Please take advantage of this limited special offer by using the coupon and completing your purchase.');
/*!40000 ALTER TABLE `cart_discount_translations` ENABLE KEYS */;
UNLOCK TABLES;

--
-- Table structure for table `cart_discounts`
--

DROP TABLE IF EXISTS `cart_discounts`;
/*!40101 SET @saved_cs_client     = @@character_set_client */;
/*!50503 SET character_set_client = utf8mb4 */;
CREATE TABLE `cart_discounts` (
  `id` int unsigned NOT NULL AUTO_INCREMENT,
  `discount_id` int unsigned NOT NULL,
  `show_only_on_empty_cart` tinyint(1) NOT NULL DEFAULT '0',
  `enable` tinyint(1) NOT NULL DEFAULT '0',
  `created_at` bigint unsigned NOT NULL,
  PRIMARY KEY (`id`),
  KEY `cart_discounts_discount_id_foreign` (`discount_id`),
  CONSTRAINT `cart_discounts_discount_id_foreign` FOREIGN KEY (`discount_id`) REFERENCES `discounts` (`id`) ON DELETE CASCADE
) ENGINE=InnoDB AUTO_INCREMENT=2 DEFAULT CHARSET=utf8mb4 COLLATE=utf8mb4_general_ci;
/*!40101 SET character_set_client = @saved_cs_client */;

--
-- Dumping data for table `cart_discounts`
--

LOCK TABLES `cart_discounts` WRITE;
/*!40000 ALTER TABLE `cart_discounts` DISABLE KEYS */;
INSERT INTO `cart_discounts` VALUES (1,25,1,1,1709794527);
/*!40000 ALTER TABLE `cart_discounts` ENABLE KEYS */;
UNLOCK TABLES;

--
-- Table structure for table `cashback_rule_specification_items`
--

DROP TABLE IF EXISTS `cashback_rule_specification_items`;
/*!40101 SET @saved_cs_client     = @@character_set_client */;
/*!50503 SET character_set_client = utf8mb4 */;
CREATE TABLE `cashback_rule_specification_items` (
  `id` int unsigned NOT NULL AUTO_INCREMENT,
  `cashback_rule_id` int unsigned NOT NULL,
  `category_id` int unsigned DEFAULT NULL,
  `instructor_id` int unsigned DEFAULT NULL,
  `seller_id` int unsigned DEFAULT NULL,
  `webinar_id` int unsigned DEFAULT NULL,
  `product_id` int unsigned DEFAULT NULL,
  `bundle_id` int unsigned DEFAULT NULL,
  `subscribe_id` int unsigned DEFAULT NULL,
  `registration_package_id` int unsigned DEFAULT NULL,
  PRIMARY KEY (`id`),
  KEY `cashback_rule_specification_items_cashback_rule_id_foreign` (`cashback_rule_id`),
  KEY `cashback_rule_specification_items_category_id_foreign` (`category_id`),
  KEY `cashback_rule_specification_items_instructor_id_foreign` (`instructor_id`),
  KEY `cashback_rule_specification_items_seller_id_foreign` (`seller_id`),
  KEY `cashback_rule_specification_items_webinar_id_foreign` (`webinar_id`),
  KEY `cashback_rule_specification_items_product_id_foreign` (`product_id`),
  KEY `cashback_rule_specification_items_bundle_id_foreign` (`bundle_id`),
  KEY `cashback_rule_specification_items_subscribe_id_foreign` (`subscribe_id`),
  KEY `rules_registration_package_id` (`registration_package_id`),
  CONSTRAINT `cashback_rule_specification_items_bundle_id_foreign` FOREIGN KEY (`bundle_id`) REFERENCES `bundles` (`id`) ON DELETE CASCADE,
  CONSTRAINT `cashback_rule_specification_items_cashback_rule_id_foreign` FOREIGN KEY (`cashback_rule_id`) REFERENCES `cashback_rules` (`id`) ON DELETE CASCADE,
  CONSTRAINT `cashback_rule_specification_items_category_id_foreign` FOREIGN KEY (`category_id`) REFERENCES `categories` (`id`) ON DELETE CASCADE,
  CONSTRAINT `cashback_rule_specification_items_instructor_id_foreign` FOREIGN KEY (`instructor_id`) REFERENCES `users` (`id`) ON DELETE CASCADE,
  CONSTRAINT `cashback_rule_specification_items_product_id_foreign` FOREIGN KEY (`product_id`) REFERENCES `products` (`id`) ON DELETE CASCADE,
  CONSTRAINT `cashback_rule_specification_items_seller_id_foreign` FOREIGN KEY (`seller_id`) REFERENCES `users` (`id`) ON DELETE CASCADE,
  CONSTRAINT `cashback_rule_specification_items_subscribe_id_foreign` FOREIGN KEY (`subscribe_id`) REFERENCES `subscribes` (`id`) ON DELETE CASCADE,
  CONSTRAINT `cashback_rule_specification_items_webinar_id_foreign` FOREIGN KEY (`webinar_id`) REFERENCES `webinars` (`id`) ON DELETE CASCADE,
  CONSTRAINT `rules_registration_package_id` FOREIGN KEY (`registration_package_id`) REFERENCES `registration_packages` (`id`) ON DELETE CASCADE
) ENGINE=InnoDB AUTO_INCREMENT=20 DEFAULT CHARSET=utf8mb4 COLLATE=utf8mb4_unicode_ci;
/*!40101 SET character_set_client = @saved_cs_client */;

--
-- Dumping data for table `cashback_rule_specification_items`
--

LOCK TABLES `cashback_rule_specification_items` WRITE;
/*!40000 ALTER TABLE `cashback_rule_specification_items` DISABLE KEYS */;
/*!40000 ALTER TABLE `cashback_rule_specification_items` ENABLE KEYS */;
UNLOCK TABLES;

--
-- Table structure for table `cashback_rule_translations`
--

DROP TABLE IF EXISTS `cashback_rule_translations`;
/*!40101 SET @saved_cs_client     = @@character_set_client */;
/*!50503 SET character_set_client = utf8mb4 */;
CREATE TABLE `cashback_rule_translations` (
  `id` int unsigned NOT NULL AUTO_INCREMENT,
  `cashback_rule_id` int unsigned NOT NULL,
  `locale` varchar(255) CHARACTER SET utf8mb4 COLLATE utf8mb4_unicode_ci NOT NULL,
  `title` varchar(255) CHARACTER SET utf8mb4 COLLATE utf8mb4_unicode_ci NOT NULL,
  PRIMARY KEY (`id`),
  KEY `cashback_rule_translations_cashback_rule_id_foreign` (`cashback_rule_id`),
  KEY `cashback_rule_translations_locale_index` (`locale`),
  CONSTRAINT `cashback_rule_translations_cashback_rule_id_foreign` FOREIGN KEY (`cashback_rule_id`) REFERENCES `cashback_rules` (`id`) ON DELETE CASCADE
) ENGINE=InnoDB AUTO_INCREMENT=6 DEFAULT CHARSET=utf8mb4 COLLATE=utf8mb4_unicode_ci;
/*!40101 SET character_set_client = @saved_cs_client */;

--
-- Dumping data for table `cashback_rule_translations`
--

LOCK TABLES `cashback_rule_translations` WRITE;
/*!40000 ALTER TABLE `cashback_rule_translations` DISABLE KEYS */;
INSERT INTO `cashback_rule_translations` VALUES (5,5,'en','Christmas Cashback');
/*!40000 ALTER TABLE `cashback_rule_translations` ENABLE KEYS */;
UNLOCK TABLES;

--
-- Table structure for table `cashback_rule_users_groups`
--

DROP TABLE IF EXISTS `cashback_rule_users_groups`;
/*!40101 SET @saved_cs_client     = @@character_set_client */;
/*!50503 SET character_set_client = utf8mb4 */;
CREATE TABLE `cashback_rule_users_groups` (
  `id` int unsigned NOT NULL AUTO_INCREMENT,
  `cashback_rule_id` int unsigned NOT NULL,
  `group_id` int unsigned DEFAULT NULL,
  `user_id` int unsigned DEFAULT NULL,
  PRIMARY KEY (`id`),
  KEY `cashback_rule_users_groups_cashback_rule_id_foreign` (`cashback_rule_id`),
  KEY `cashback_rule_users_groups_group_id_foreign` (`group_id`),
  KEY `cashback_rule_users_groups_user_id_foreign` (`user_id`),
  CONSTRAINT `cashback_rule_users_groups_cashback_rule_id_foreign` FOREIGN KEY (`cashback_rule_id`) REFERENCES `cashback_rules` (`id`) ON DELETE CASCADE,
  CONSTRAINT `cashback_rule_users_groups_group_id_foreign` FOREIGN KEY (`group_id`) REFERENCES `groups` (`id`) ON DELETE CASCADE,
  CONSTRAINT `cashback_rule_users_groups_user_id_foreign` FOREIGN KEY (`user_id`) REFERENCES `users` (`id`) ON DELETE CASCADE
) ENGINE=InnoDB AUTO_INCREMENT=32 DEFAULT CHARSET=utf8mb4 COLLATE=utf8mb4_unicode_ci;
/*!40101 SET character_set_client = @saved_cs_client */;

--
-- Dumping data for table `cashback_rule_users_groups`
--

LOCK TABLES `cashback_rule_users_groups` WRITE;
/*!40000 ALTER TABLE `cashback_rule_users_groups` DISABLE KEYS */;
/*!40000 ALTER TABLE `cashback_rule_users_groups` ENABLE KEYS */;
UNLOCK TABLES;

--
-- Table structure for table `cashback_rules`
--

DROP TABLE IF EXISTS `cashback_rules`;
/*!40101 SET @saved_cs_client     = @@character_set_client */;
/*!50503 SET character_set_client = utf8mb4 */;
CREATE TABLE `cashback_rules` (
  `id` int unsigned NOT NULL AUTO_INCREMENT,
  `target_type` enum('all','courses','store_products','bundles','meetings','registration_packages','subscription_packages','recharge_wallet') CHARACTER SET utf8mb4 COLLATE utf8mb4_unicode_ci NOT NULL,
  `target` varchar(255) CHARACTER SET utf8mb4 COLLATE utf8mb4_unicode_ci DEFAULT NULL,
  `start_date` bigint unsigned DEFAULT NULL,
  `end_date` bigint unsigned DEFAULT NULL,
  `amount` double(15,2) DEFAULT NULL,
  `amount_type` enum('fixed_amount','percent') CHARACTER SET utf8mb4 COLLATE utf8mb4_unicode_ci DEFAULT NULL,
  `apply_cashback_per_item` tinyint(1) NOT NULL DEFAULT '0',
  `max_amount` double(15,2) DEFAULT NULL,
  `min_amount` double(15,2) DEFAULT NULL,
  `enable` tinyint(1) NOT NULL DEFAULT '0',
  `created_at` bigint unsigned NOT NULL,
  PRIMARY KEY (`id`)
) ENGINE=InnoDB AUTO_INCREMENT=6 DEFAULT CHARSET=utf8mb4 COLLATE=utf8mb4_unicode_ci;
/*!40101 SET character_set_client = @saved_cs_client */;

--
-- Dumping data for table `cashback_rules`
--

LOCK TABLES `cashback_rules` WRITE;
/*!40000 ALTER TABLE `cashback_rules` DISABLE KEYS */;
INSERT INTO `cashback_rules` VALUES (5,'all',NULL,1672610400,NULL,10.00,'percent',0,NULL,NULL,1,1678921892);
/*!40000 ALTER TABLE `cashback_rules` ENABLE KEYS */;
UNLOCK TABLES;

--
-- Table structure for table `categories`
--

DROP TABLE IF EXISTS `categories`;
/*!40101 SET @saved_cs_client     = @@character_set_client */;
/*!50503 SET character_set_client = utf8mb4 */;
CREATE TABLE `categories` (
  `id` int unsigned NOT NULL AUTO_INCREMENT,
  `slug` varchar(255) CHARACTER SET utf8mb4 COLLATE utf8mb4_unicode_ci NOT NULL,
  `parent_id` int DEFAULT NULL,
  `icon` varchar(255) CHARACTER SET utf8mb4 COLLATE utf8mb4_unicode_ci DEFAULT NULL,
  `order` int unsigned DEFAULT NULL,
  PRIMARY KEY (`id`) USING BTREE,
  KEY `parent_id` (`parent_id`) USING BTREE
) ENGINE=InnoDB AUTO_INCREMENT=635 DEFAULT CHARSET=utf8mb4 COLLATE=utf8mb4_unicode_ci;
/*!40101 SET character_set_client = @saved_cs_client */;

--
-- Dumping data for table `categories`
--

LOCK TABLES `categories` WRITE;
/*!40000 ALTER TABLE `categories` DISABLE KEYS */;
INSERT INTO `categories` VALUES (520,'anti-corruption',NULL,'/store/1/default_images/categories_icons/feather.png',7),(522,'electoral-law',NULL,'/store/1075/auction.png',6),(523,'criminal-law-justice',NULL,'/store/1075/auction.png',5),(524,'alternate-dispute-resolution',NULL,'/store/1075/auction.png',4),(525,'human-rights-fundamental',NULL,'/store/1075/auction.png',3),(526,'ict-tech-in-judiciary',NULL,'/store/1/default_images/categories_icons/anchor.png',2),(528,'judicial-ethics',NULL,'/store/1075/case-study.png',1),(601,'election-act',522,'/store/1/default_images/categories_icons/sub_categories/divide-square.png',1),(602,'tribunal-petition',522,'/store/1/default_images/categories_icons/sub_categories/zap.png',2),(603,'electoral-integrity',522,'/store/1/default_images/categories_icons/sub_categories/globe.png',3),(604,'mediation-arbitration',524,'/store/1/default_images/categories_icons/sub_categories/sun.png',1),(605,'family-dispute-resolution',524,'/store/1/default_images/categories_icons/sub_categories/droplet.png',2),(606,'code-of-conduct',528,'/store/1/default_images/categories_icons/sub_categories/layout.png',1),(607,'ethical-decision-making',528,'/store/1/default_images/categories_icons/sub_categories/smartphone.png',2),(608,'public-trust',528,'/store/1/default_images/categories_icons/sub_categories/codesandbox.png',3),(609,'efiling',526,'/store/1/default_images/categories_icons/sub_categories/users.png',1),(610,'virtual-court',526,'/store/1/default_images/categories_icons/sub_categories/share-2.png',2),(611,'digital-evidence',526,'/store/1/default_images/categories_icons/sub_categories/target.png',3),(612,'legal-writing',NULL,'/store/1075/auction.png',8),(613,'Case-Management-and-Court-Administration',NULL,'/store/1075/case-study.png',9),(614,'judicial-training-programs',NULL,'/store/1075/training.png',10),(615,'clarity-in-drafting',612,NULL,1),(616,'legal-precedents',612,NULL,2),(617,'error-free-proofreading',612,NULL,3),(618,'human-rights',525,NULL,1),(619,'protecting-groups',525,NULL,2),(620,'freedom-of-expression',525,NULL,3),(621,'adr-agreements',524,NULL,3),(622,'trial-management-procedures',523,NULL,1),(623,'sentencing-guidelines',523,NULL,2),(624,'cybercrime-case-handling',523,NULL,3),(625,'handling-money-laundering',520,NULL,1),(626,'asset-recovery',520,NULL,2),(627,'corruption-case',520,NULL,3),(628,'legal-updates-training',NULL,'/store/1075/case-study.png',11),(631,'recent-developments-law',628,NULL,1),(632,'international-best-practices-law',628,NULL,2),(633,'human-rights-social',628,NULL,3),(634,'anti-corruption-financial',628,NULL,4);
/*!40000 ALTER TABLE `categories` ENABLE KEYS */;
UNLOCK TABLES;

--
-- Table structure for table `category_translations`
--

DROP TABLE IF EXISTS `category_translations`;
/*!40101 SET @saved_cs_client     = @@character_set_client */;
/*!50503 SET character_set_client = utf8mb4 */;
CREATE TABLE `category_translations` (
  `id` bigint unsigned NOT NULL AUTO_INCREMENT,
  `category_id` int unsigned NOT NULL,
  `locale` varchar(255) CHARACTER SET utf8mb4 COLLATE utf8mb4_unicode_ci NOT NULL,
  `title` varchar(255) CHARACTER SET utf8mb4 COLLATE utf8mb4_unicode_ci NOT NULL,
  PRIMARY KEY (`id`) USING BTREE,
  KEY `category_translations_category_id_foreign` (`category_id`) USING BTREE,
  KEY `category_translations_locale_index` (`locale`) USING BTREE,
  CONSTRAINT `category_translations_category_id_foreign` FOREIGN KEY (`category_id`) REFERENCES `categories` (`id`) ON DELETE CASCADE
) ENGINE=InnoDB AUTO_INCREMENT=78 DEFAULT CHARSET=utf8mb4 COLLATE=utf8mb4_unicode_ci;
/*!40101 SET character_set_client = @saved_cs_client */;

--
-- Dumping data for table `category_translations`
--

LOCK TABLES `category_translations` WRITE;
/*!40000 ALTER TABLE `category_translations` DISABLE KEYS */;
INSERT INTO `category_translations` VALUES (1,520,'en','Anti-Corruption and Economic Crimes'),(2,522,'en','Electoral Law and Dispute Resolution'),(3,523,'en','Criminal Law and Justice'),(4,524,'en','Alternate Dispute Resolution (ADR)'),(5,525,'en','Human Rights and Fundamental Freedoms'),(6,526,'en','ICT and Technology in Judiciary'),(7,528,'en','Judicial Ethics and Conduct'),(8,601,'en','Election Act Overview'),(9,602,'en','Tribunal Petition Processes'),(10,603,'en','Electoral Integrity Maintenance'),(11,604,'en','Mediation and Arbitration'),(12,605,'en','Family Dispute Resolution'),(13,606,'en','Code of Conduct'),(14,607,'en','Ethical Decision Making'),(15,608,'en','Public Trust Building'),(16,609,'en','E-filing Systems'),(17,610,'en','Virtual Court Platforms'),(18,611,'en','Digital Evidence Handling'),(19,528,'ar',''),(20,606,'ar',' '),(21,607,'ar',' '),(22,608,'ar',' '),(23,526,'ar',''),(24,609,'ar',''),(25,610,'ar',' '),(26,611,'ar',' '),(27,525,'ar',''),(28,524,'ar',' '),(29,604,'ar',' '),(30,605,'ar',' '),(31,523,'ar','  '),(32,522,'ar',''),(33,601,'ar',''),(34,602,'ar',''),(35,603,'ar',''),(36,520,'ar',''),(37,528,'es','Desarrollo'),(38,606,'es','Desarrollo web'),(39,607,'es','Desarrollo mvil'),(40,608,'es','Desarrollo de juegos'),(41,526,'es','Negocio'),(42,609,'es','Gestin'),(43,610,'es','Comunicaciones'),(44,611,'es','Estrategia de negocios'),(45,525,'es','Mrketing'),(46,524,'es','Estilo de vida'),(47,604,'es','Estilo de vida'),(48,605,'es','Belleza y maquillaje'),(49,523,'es','salud y estado fisico'),(50,522,'es','Acadmica'),(51,601,'es','Matemticas'),(52,602,'es','Ciencias'),(53,603,'es','Idioma'),(54,520,'es','Diseo'),(55,612,'en','Legal Writing and Judgement Drafting'),(56,613,'en','Case Management and Court Administration'),(57,614,'en','Judicial Training Programs'),(58,615,'en','Clarity in Drafting'),(59,616,'en','Using Legal Precedents'),(60,617,'en','Error Free Proofreading'),(61,618,'en','Human Rights Frameworks'),(62,619,'en','Protecting Vulnerable Groups'),(63,620,'en','Freedom of Expression'),(64,621,'en','Enforcing ADR Agreements'),(65,622,'en','Trial management Procedures'),(66,623,'en','Sentencing Guidelines Application'),(67,624,'en','Cybercrime Case Handling'),(68,625,'en','Handling Money Laundering'),(69,626,'en','Asset Recovery Strategies'),(70,627,'en','Corruption Case Adjudication'),(71,628,'en','Legal Updates and Specialized Training'),(74,631,'en','Recent Developments in Nigerian Law'),(75,632,'en','International Best Practices in Law'),(76,633,'en','Human Rights and Social Justice'),(77,634,'en','Anti Corruption and Financial Crimes');
/*!40000 ALTER TABLE `category_translations` ENABLE KEYS */;
UNLOCK TABLES;

--
-- Table structure for table `certificate_template_translations`
--

DROP TABLE IF EXISTS `certificate_template_translations`;
/*!40101 SET @saved_cs_client     = @@character_set_client */;
/*!50503 SET character_set_client = utf8mb4 */;
CREATE TABLE `certificate_template_translations` (
  `id` bigint unsigned NOT NULL AUTO_INCREMENT,
  `certificate_template_id` int unsigned NOT NULL,
  `locale` varchar(255) CHARACTER SET utf8mb4 COLLATE utf8mb4_unicode_ci NOT NULL,
  `title` varchar(255) CHARACTER SET utf8mb4 COLLATE utf8mb4_unicode_ci DEFAULT NULL,
  `body` longtext CHARACTER SET utf8mb4 COLLATE utf8mb4_unicode_ci,
  `rtl` tinyint DEFAULT NULL,
  `elements` longtext CHARACTER SET utf8mb4 COLLATE utf8mb4_unicode_ci,
  PRIMARY KEY (`id`),
  KEY `certificate_template_id` (`certificate_template_id`),
  KEY `certificate_template_translations_locale_index` (`locale`),
  CONSTRAINT `certificate_template_id` FOREIGN KEY (`certificate_template_id`) REFERENCES `certificates_templates` (`id`) ON DELETE CASCADE
) ENGINE=InnoDB AUTO_INCREMENT=13 DEFAULT CHARSET=utf8mb4 COLLATE=utf8mb4_unicode_ci;
/*!40101 SET character_set_client = @saved_cs_client */;

--
-- Dumping data for table `certificate_template_translations`
--

LOCK TABLES `certificate_template_translations` WRITE;
/*!40000 ALTER TABLE `certificate_template_translations` DISABLE KEYS */;
INSERT INTO `certificate_template_translations` VALUES (9,7,'en','Quiz-depended Certificate Template','<div class=\"certificate-template-container\" style=\"background-image: url(&quot;https://lms.rocket-soft.org/store/1/default_images/certificate_background.jpg&quot;);\"><div class=\"draggable-element ui-draggable ui-draggable-handle\" data-name=\"title\" style=\"top: 225.134px; left: 247.125px; font-size: 22px; color: rgb(0, 0, 0); text-align: inherit; font-weight: bold;\">This certificate awarded to [student_name]</div><div class=\"draggable-element ui-draggable ui-draggable-handle ui-draggable-dragging\" data-name=\"subtitle\" style=\"top: 271.982px; left: 320.964px; font-size: 18px; color: rgb(0, 0, 0); text-align: inherit; font-weight: inherit;\">regarding passing [course_name]</div><div class=\"draggable-element ui-draggable ui-draggable-handle\" data-name=\"body\" style=\"top: 318.571px; left: 337.563px; font-size: 16px; color: rgb(0, 0, 0); text-align: inherit; font-weight: inherit;\">with the [grade] grade with success</div><div class=\"draggable-element ui-draggable ui-draggable-handle ui-draggable-dragging\" data-name=\"date\" style=\"top: 80.4286px; left: 57.4286px; font-size: 14px; color: rgb(0, 0, 0); text-align: inherit; font-weight: bold;\">[date]</div><div class=\"draggable-element ui-draggable ui-draggable-handle\" data-name=\"qr_code\" style=\"top: 392.42px; left: 728.42px; text-align: inherit; font-weight: inherit; width: 128px; height: 128px;\">[qr_code]</div><div class=\"draggable-element ui-draggable ui-draggable-handle\" data-name=\"hint\" style=\"top: 49.4286px; left: 760.429px; font-size: 14px; color: rgb(0, 0, 0); text-align: inherit; font-weight: bold;\">ID : [certificate_id]</div><div class=\"draggable-element ui-draggable ui-draggable-handle\" data-name=\"platform_name\" style=\"top: 47.7143px; left: 55.7143px; font-size: 16px; color: rgb(0, 0, 0); text-align: inherit; font-weight: bold;\">[platform_name]</div><div class=\"draggable-element ui-draggable ui-draggable-handle\" data-name=\"stamp\" style=\"display: flex; align-items: center; justify-content: center; top: 399.714px; left: 100.714px; text-align: inherit; font-weight: inherit; width: 128px; height: 128px;\"><img src=\"https://lms.rocket-soft.org/store/1/default_images/stamp.png\" style=\"max-height: 100%; max-width: 100%;\"></div><div class=\"draggable-element ui-draggable ui-draggable-handle\" data-name=\"platform_signature\" style=\"display: flex; align-items: center; justify-content: center; top: 399.429px; left: 241.429px; text-align: inherit; font-weight: inherit; width: 128px; height: 128px;\"><img src=\"https://lms.rocket-soft.org/store/1/default_images/signature.png\" style=\"max-height: 100%; max-width: 100%;\"></div></div>',NULL,'{\"title\":{\"content\":\"This certificate awarded to [student_name]\",\"font_size\":\"22\",\"font_color\":\"#000000\",\"styles\":null,\"font_weight_bold\":\"on\",\"enable\":\"on\"},\"subtitle\":{\"content\":\"regarding passing [course_name]\",\"font_size\":\"18\",\"font_color\":\"#000000\",\"styles\":null,\"enable\":\"on\"},\"body\":{\"content\":\"with the [grade] grade with success\",\"font_size\":\"16\",\"font_color\":\"#000000\",\"styles\":null,\"enable\":\"on\"},\"date\":{\"display_date\":\"textual\",\"font_size\":\"14\",\"font_color\":\"#000000\",\"styles\":null,\"font_weight_bold\":\"on\",\"enable\":\"on\",\"content\":\"[date]\"},\"qr_code\":{\"image_size\":\"128\",\"enable\":\"on\",\"content\":\"[qr_code]\"},\"hint\":{\"content\":\"ID : [certificate_id]\",\"font_size\":\"14\",\"font_color\":\"#000000\",\"styles\":null,\"font_weight_bold\":\"on\",\"enable\":\"on\"},\"student_name\":{\"font_size\":\"22\",\"font_color\":\"#000000\",\"styles\":null,\"font_weight_bold\":\"on\",\"content\":\"[student_name]\"},\"instructor_name\":{\"font_size\":null,\"font_color\":\"#000000\",\"styles\":null,\"content\":\"[instructor_name]\"},\"platform_name\":{\"font_size\":\"16\",\"font_color\":\"#000000\",\"styles\":null,\"font_weight_bold\":\"on\",\"enable\":\"on\",\"content\":\"[platform_name]\"},\"course_name\":{\"font_size\":\"22\",\"font_color\":\"#000000\",\"styles\":null,\"content\":\"[course_name]\"},\"instructor_signature\":{\"content\":\"[instructor_signature]\"},\"platform_signature\":{\"image\":\"\\/store\\/1\\/default_images\\/signature.png\",\"image_size\":\"128\",\"enable\":\"on\"},\"stamp\":{\"image\":\"\\/store\\/1\\/default_images\\/stamp.png\",\"image_size\":\"128\",\"enable\":\"on\"}}'),(10,8,'en','Completion Certificate Template','<div class=\"certificate-template-container\" style=\"background-image: url(&quot;https://lms.rocket-soft.org/store/1/default_images/certificate_background.jpg&quot;);\"><div class=\"draggable-element ui-draggable ui-draggable-handle\" data-name=\"title\" style=\"top: 244.134px; left: 272.125px; font-size: 22px; color: rgb(0, 0, 0); text-align: inherit; font-weight: bold;\">This certificate awarded to [student]</div><div class=\"draggable-element ui-draggable ui-draggable-handle\" data-name=\"subtitle\" style=\"top: 301.134px; left: 338.125px; font-size: 18px; color: rgb(0, 0, 0); text-align: inherit; font-weight: inherit;\">regarding completing [course]</div><div class=\"draggable-element ui-draggable ui-draggable-handle\" data-name=\"platform_signature\" style=\"display: flex; align-items: center; justify-content: center; top: 408.42px; left: 702.42px; text-align: inherit; font-weight: inherit; width: 128px; height: 128px;\"><img src=\"https://lms.rocket-soft.org/store/1/default_images/signature.png\" style=\"max-height: 100%; max-width: 100%;\"></div><div class=\"draggable-element ui-draggable ui-draggable-handle\" data-name=\"stamp\" style=\"display: flex; align-items: center; justify-content: center; top: 408.42px; left: 96.4286px; text-align: inherit; font-weight: inherit; width: 128px; height: 128px;\"><img src=\"https://lms.rocket-soft.org/store/1/default_images/stamp.png\" style=\"max-height: 100%; max-width: 100%;\"></div><div class=\"draggable-element ui-draggable ui-draggable-handle ui-draggable-dragging\" data-name=\"qr_code\" style=\"top: 58.4286px; left: 736.42px; text-align: inherit; font-weight: inherit; width: 128px; height: 128px;\">[qr_code]</div></div>',NULL,'{\"title\":{\"content\":\"This certificate awarded to [student]\",\"font_size\":\"22\",\"font_color\":\"#000000\",\"styles\":null,\"font_weight_bold\":\"on\",\"enable\":\"on\"},\"subtitle\":{\"content\":\"regarding completing [course]\",\"font_size\":\"18\",\"font_color\":\"#000000\",\"styles\":null,\"enable\":\"on\"},\"body\":{\"content\":null,\"font_size\":null,\"font_color\":\"#000000\",\"styles\":null},\"date\":{\"display_date\":\"textual\",\"font_size\":null,\"font_color\":\"#000000\",\"styles\":null,\"content\":\"[date]\"},\"qr_code\":{\"image_size\":\"128\",\"enable\":\"on\",\"content\":\"[qr_code]\"},\"hint\":{\"content\":null,\"font_size\":null,\"font_color\":\"#000000\",\"styles\":null},\"student_name\":{\"font_size\":\"22\",\"font_color\":\"#000000\",\"styles\":null,\"font_weight_bold\":\"on\",\"content\":\"[student_name]\"},\"instructor_name\":{\"font_size\":null,\"font_color\":\"#000000\",\"styles\":null,\"content\":\"[instructor_name]\"},\"platform_name\":{\"font_size\":null,\"font_color\":\"#000000\",\"styles\":null,\"content\":\"[platform_name]\"},\"course_name\":{\"font_size\":\"18\",\"font_color\":\"#000000\",\"styles\":null,\"content\":\"[course_name]\"},\"user_certificate_additional\":{\"content\":\"[user_certificate_additional]\"},\"instructor_signature\":{\"content\":\"[instructor_signature]\"},\"platform_signature\":{\"image\":\"\\/store\\/1\\/default_images\\/signature.png\",\"image_size\":\"128\",\"enable\":\"on\"},\"stamp\":{\"image\":\"\\/store\\/1\\/default_images\\/stamp.png\",\"image_size\":\"128\",\"enable\":\"on\"}}'),(11,9,'en','Certificate 2','<div class=\"certificate-template-container\" style=\"background-image: url(&quot;https://nji.sapphitalgroup.net/store/1051/certificates/SME Digital Academy Certificate.jpeg&quot;);\"><div class=\"draggable-element ui-draggable ui-draggable-handle\" data-name=\"body\" style=\"top: 301.6px; left: 233.6px; font-size: 16px; color: rgb(0, 0, 0); font-weight: bold; text-align: center;\">has successfully completed the following course</div><div class=\"draggable-element ui-draggable ui-draggable-handle\" data-name=\"date\" style=\"top: 567.8px; left: 666.8px; font-size: 11px; color: rgb(0, 0, 0); text-align: center; font-weight: bold;\">[date]</div><div class=\"draggable-element ui-draggable ui-draggable-handle\" data-name=\"student_name\" style=\"top: 244px; left: 365px; font-size: 35px; color: rgb(0, 0, 0); text-align: center; font-weight: bold;\">[student_name]</div><div class=\"draggable-element ui-draggable ui-draggable-handle ui-draggable-dragging\" data-name=\"course_name\" style=\"top: 330.4px; left: 211.4px; font-size: 25px; color: rgb(0, 0, 0); text-align: center; font-weight: bold;\">[course_name]</div><div class=\"draggable-element ui-draggable ui-draggable-handle\" data-name=\"stamp\" style=\"display: flex; align-items: center; justify-content: center; top: 284.6px; left: 54.6px; text-align: inherit; font-weight: inherit; width: 128px; height: 128px;\"><img src=\"https://nji.sapphitalgroup.net/store/1051/certificates/certificate-161050_1280.png\" style=\"max-height: 100%; max-width: 100%;\"></div><div class=\"draggable-element ui-draggable ui-draggable-handle ui-draggable-dragging\" data-name=\"platform_signature\" style=\"display: flex; align-items: center; justify-content: center; top: 360px; left: 587px; text-align: inherit; font-weight: inherit; width: 128px; height: 128px;\"><img src=\"https://nji.sapphitalgroup.net/store/1051/certificates/DG SMEDAN Digital Signature Croped.png\" style=\"max-height: 100%; max-width: 100%;\"></div></div>',NULL,'{\"title\":{\"content\":\"Congratulations\",\"font_size\":\"17\",\"font_color\":\"#000000\",\"styles\":null,\"font_weight_bold\":\"on\",\"text_center\":\"on\"},\"subtitle\":{\"content\":\"Thank you for finishing the course, You have done yourself proud by being part of the scholars of this great course\",\"font_size\":\"12\",\"font_color\":\"#000000\",\"styles\":null,\"font_weight_bold\":\"on\",\"text_center\":\"on\"},\"body\":{\"content\":\"has successfully completed the following course\",\"font_size\":\"16\",\"font_color\":\"#000000\",\"styles\":\"text-align: center;\",\"font_weight_bold\":\"on\",\"text_center\":\"on\",\"enable\":\"on\"},\"date\":{\"display_date\":\"numerical\",\"font_size\":\"11\",\"font_color\":\"#000000\",\"styles\":null,\"font_weight_bold\":\"on\",\"text_center\":\"on\",\"enable\":\"on\",\"content\":\"[date]\"},\"qr_code\":{\"image_size\":\"128\",\"content\":\"[qr_code]\"},\"hint\":{\"content\":null,\"font_size\":null,\"font_color\":\"#000000\",\"styles\":null},\"student_name\":{\"font_size\":\"35\",\"font_color\":\"#000000\",\"styles\":null,\"font_weight_bold\":\"on\",\"text_center\":\"on\",\"enable\":\"on\",\"content\":\"[student_name]\"},\"instructor_name\":{\"font_size\":null,\"font_color\":\"#000000\",\"styles\":null,\"content\":\"[instructor_name]\"},\"platform_name\":{\"font_size\":null,\"font_color\":\"#000000\",\"styles\":null,\"content\":\"[platform_name]\"},\"course_name\":{\"font_size\":\"25\",\"font_color\":\"#000000\",\"styles\":null,\"font_weight_bold\":\"on\",\"text_center\":\"on\",\"enable\":\"on\",\"content\":\"[course_name]\"},\"user_certificate_additional\":{\"content\":\"[user_certificate_additional]\"},\"instructor_signature\":{\"content\":\"[instructor_signature]\"},\"platform_signature\":{\"image\":\"\\/store\\/1051\\/certificates\\/DG SMEDAN Digital Signature Croped.png\",\"image_size\":\"128\",\"enable\":\"on\"},\"stamp\":{\"image\":\"\\/store\\/1051\\/certificates\\/certificate-161050_1280.png\",\"image_size\":\"128\",\"enable\":\"on\"}}'),(12,10,'en','Cert','<div class=\"certificate-template-container\" style=\"background-image: url(&quot;https://nji.sapphitalgroup.net/store/1119/11.jpg&quot;);\"><div class=\"draggable-element ui-draggable ui-draggable-handle\" data-name=\"student_name\" style=\"top: 201px; left: 350px; font-size: 19px; color: rgb(0, 0, 0); text-align: center; font-weight: bold;\">[student_name]</div><div class=\"draggable-element ui-draggable ui-draggable-handle ui-draggable-dragging\" data-name=\"course_name\" style=\"top: 287px; left: 317px; font-size: 30px; color: rgb(67, 198, 18); text-align: center; font-weight: bold;\">[course_name]</div><div class=\"draggable-element ui-draggable ui-draggable-handle\" data-name=\"platform_signature\" style=\"display: flex; align-items: center; justify-content: center; top: 314px; left: 33px; text-align: inherit; font-weight: inherit; width: 192px; height: 192px;\"><img src=\"https://nji.sapphitalgroup.net/store/1051/certificates/certificate-161050_1280.png\" style=\"max-height: 100%; max-width: 100%;\"></div><div class=\"draggable-element ui-draggable ui-draggable-handle\" data-name=\"date\" style=\"top: 471px; left: 650px; font-size: 19px; color: rgb(0, 0, 0); text-align: center; font-weight: bold;\">[date]</div></div>',NULL,'{\"title\":{\"content\":null,\"font_size\":null,\"font_color\":\"#000000\",\"styles\":null},\"subtitle\":{\"content\":null,\"font_size\":null,\"font_color\":\"#000000\",\"styles\":null},\"body\":{\"content\":null,\"font_size\":null,\"font_color\":\"#000000\",\"styles\":null},\"date\":{\"display_date\":\"textual\",\"font_size\":\"19\",\"font_color\":\"#000000\",\"styles\":null,\"font_weight_bold\":\"on\",\"text_center\":\"on\",\"enable\":\"on\",\"content\":\"[date]\"},\"qr_code\":{\"image_size\":\"128\",\"content\":\"[qr_code]\"},\"hint\":{\"content\":null,\"font_size\":null,\"font_color\":\"#000000\",\"styles\":null},\"student_name\":{\"font_size\":\"19\",\"font_color\":\"#000000\",\"styles\":null,\"font_weight_bold\":\"on\",\"text_center\":\"on\",\"enable\":\"on\",\"content\":\"[student_name]\"},\"instructor_name\":{\"font_size\":null,\"font_color\":\"#000000\",\"styles\":null,\"content\":\"[instructor_name]\"},\"platform_name\":{\"font_size\":null,\"font_color\":\"#000000\",\"styles\":null,\"content\":\"[platform_name]\"},\"course_name\":{\"font_size\":\"30\",\"font_color\":\"#43c612\",\"styles\":null,\"font_weight_bold\":\"on\",\"text_center\":\"on\",\"enable\":\"on\",\"content\":\"[course_name]\"},\"user_certificate_additional\":{\"content\":\"[user_certificate_additional]\"},\"instructor_signature\":{\"content\":\"[instructor_signature]\"},\"platform_signature\":{\"image\":\"\\/store\\/1051\\/certificates\\/certificate-161050_1280.png\",\"image_size\":\"192\",\"enable\":\"on\"},\"stamp\":{\"image\":null,\"image_size\":\"128\"}}');
/*!40000 ALTER TABLE `certificate_template_translations` ENABLE KEYS */;
UNLOCK TABLES;

--
-- Table structure for table `certificates`
--

DROP TABLE IF EXISTS `certificates`;
/*!40101 SET @saved_cs_client     = @@character_set_client */;
/*!50503 SET character_set_client = utf8mb4 */;
CREATE TABLE `certificates` (
  `id` int unsigned NOT NULL AUTO_INCREMENT,
  `quiz_id` int unsigned DEFAULT NULL,
  `quiz_result_id` int unsigned DEFAULT NULL,
  `student_id` int unsigned NOT NULL,
  `webinar_id` int unsigned DEFAULT NULL,
  `bundle_id` int unsigned DEFAULT NULL,
  `user_grade` int unsigned DEFAULT NULL,
  `type` enum('quiz','course','bundle') CHARACTER SET utf8mb4 COLLATE utf8mb4_unicode_ci NOT NULL,
  `created_at` int NOT NULL,
  PRIMARY KEY (`id`) USING BTREE,
  KEY `certificates_quiz_id_foreign` (`quiz_id`) USING BTREE,
  KEY `certificates_quiz_result_id_foreign` (`quiz_result_id`) USING BTREE,
  KEY `certificates_student_id_foreign` (`student_id`) USING BTREE,
  KEY `certificates_webinar_id_foreign` (`webinar_id`),
  KEY `certificates_bundle_id_foreign` (`bundle_id`),
  CONSTRAINT `certificates_bundle_id_foreign` FOREIGN KEY (`bundle_id`) REFERENCES `bundles` (`id`) ON DELETE CASCADE,
  CONSTRAINT `certificates_quiz_id_foreign` FOREIGN KEY (`quiz_id`) REFERENCES `quizzes` (`id`) ON DELETE CASCADE,
  CONSTRAINT `certificates_quiz_result_id_foreign` FOREIGN KEY (`quiz_result_id`) REFERENCES `quizzes_results` (`id`) ON DELETE CASCADE,
  CONSTRAINT `certificates_student_id_foreign` FOREIGN KEY (`student_id`) REFERENCES `users` (`id`) ON DELETE CASCADE,
  CONSTRAINT `certificates_webinar_id_foreign` FOREIGN KEY (`webinar_id`) REFERENCES `webinars` (`id`) ON DELETE CASCADE
) ENGINE=InnoDB AUTO_INCREMENT=18 DEFAULT CHARSET=utf8mb4 COLLATE=utf8mb4_unicode_ci ROW_FORMAT=DYNAMIC;
/*!40101 SET character_set_client = @saved_cs_client */;

--
-- Dumping data for table `certificates`
--

LOCK TABLES `certificates` WRITE;
/*!40000 ALTER TABLE `certificates` DISABLE KEYS */;
INSERT INTO `certificates` VALUES (13,45,58,1055,NULL,NULL,100,'quiz',1732401598),(14,NULL,NULL,1061,2028,NULL,NULL,'course',1733771692),(15,NULL,NULL,1075,2030,NULL,NULL,'course',1737625481),(16,NULL,NULL,1117,2031,NULL,NULL,'course',1737818502),(17,NULL,NULL,1121,1997,NULL,NULL,'course',1737836255);
/*!40000 ALTER TABLE `certificates` ENABLE KEYS */;
UNLOCK TABLES;

--
-- Table structure for table `certificates_templates`
--

DROP TABLE IF EXISTS `certificates_templates`;
/*!40101 SET @saved_cs_client     = @@character_set_client */;
/*!50503 SET character_set_client = utf8mb4 */;
CREATE TABLE `certificates_templates` (
  `id` int unsigned NOT NULL AUTO_INCREMENT,
  `image` varchar(255) CHARACTER SET utf8mb4 COLLATE utf8mb4_general_ci NOT NULL,
  `type` enum('quiz','course','bundle') CHARACTER SET utf8mb4 COLLATE utf8mb4_unicode_ci NOT NULL,
  `position_x` varchar(255) CHARACTER SET utf8mb4 COLLATE utf8mb4_general_ci DEFAULT NULL,
  `position_y` varchar(255) CHARACTER SET utf8mb4 COLLATE utf8mb4_general_ci DEFAULT NULL,
  `font_size` varchar(255) CHARACTER SET utf8mb4 COLLATE utf8mb4_general_ci DEFAULT NULL,
  `text_color` varchar(255) CHARACTER SET utf8mb4 COLLATE utf8mb4_general_ci DEFAULT NULL,
  `status` enum('draft','publish') CHARACTER SET utf8mb4 COLLATE utf8mb4_unicode_ci NOT NULL,
  `created_at` int NOT NULL,
  `updated_at` int DEFAULT NULL,
  PRIMARY KEY (`id`) USING BTREE
) ENGINE=InnoDB AUTO_INCREMENT=11 DEFAULT CHARSET=utf8mb4 COLLATE=utf8mb4_unicode_ci ROW_FORMAT=DYNAMIC;
/*!40101 SET character_set_client = @saved_cs_client */;

--
-- Dumping data for table `certificates_templates`
--

LOCK TABLES `certificates_templates` WRITE;
/*!40000 ALTER TABLE `certificates_templates` DISABLE KEYS */;
INSERT INTO `certificates_templates` VALUES (7,'/store/1/default_images/certificate_background.jpg','quiz',NULL,NULL,NULL,NULL,'publish',1709112544,NULL),(8,'/store/1/default_images/certificate_background.jpg','course',NULL,NULL,NULL,NULL,'draft',1709713472,NULL),(9,'/store/1051/certificates/SME Digital Academy Certificate.jpeg','course','auto','0',NULL,NULL,'draft',1733980647,NULL),(10,'/store/1119/11.jpg','course',NULL,NULL,NULL,NULL,'publish',1737828915,NULL);
/*!40000 ALTER TABLE `certificates_templates` ENABLE KEYS */;
UNLOCK TABLES;

--
-- Table structure for table `comments`
--

DROP TABLE IF EXISTS `comments`;
/*!40101 SET @saved_cs_client     = @@character_set_client */;
/*!50503 SET character_set_client = utf8mb4 */;
CREATE TABLE `comments` (
  `id` int unsigned NOT NULL AUTO_INCREMENT,
  `user_id` int unsigned NOT NULL,
  `review_id` int unsigned DEFAULT NULL,
  `webinar_id` int unsigned DEFAULT NULL,
  `bundle_id` int unsigned DEFAULT NULL,
  `upcoming_course_id` int unsigned DEFAULT NULL,
  `blog_id` int unsigned DEFAULT NULL,
  `product_id` int unsigned DEFAULT NULL,
  `product_review_id` int unsigned DEFAULT NULL,
  `reply_id` int unsigned DEFAULT NULL,
  `comment` text CHARACTER SET utf8mb4 COLLATE utf8mb4_unicode_ci,
  `status` enum('pending','active') CHARACTER SET utf8mb4 COLLATE utf8mb4_unicode_ci NOT NULL,
  `report` tinyint(1) NOT NULL DEFAULT '0',
  `disabled` tinyint(1) NOT NULL DEFAULT '0',
  `created_at` int NOT NULL,
  `viewed_at` int unsigned DEFAULT NULL,
  PRIMARY KEY (`id`) USING BTREE,
  KEY `comments_webinar_id_foreign` (`webinar_id`) USING BTREE,
  KEY `comments_user_id_foreign` (`user_id`) USING BTREE,
  KEY `comments_review_id_foreign` (`review_id`) USING BTREE,
  KEY `comments_reply_id_foreign` (`reply_id`) USING BTREE,
  KEY `comments_product_id_foreign` (`product_id`),
  KEY `comments_bundle_id_foreign` (`bundle_id`),
  KEY `blog_id` (`blog_id`),
  KEY `comments_upcoming_course_id_foreign` (`upcoming_course_id`),
  CONSTRAINT `comments_bundle_id_foreign` FOREIGN KEY (`bundle_id`) REFERENCES `bundles` (`id`) ON DELETE CASCADE,
  CONSTRAINT `comments_ibfk_1` FOREIGN KEY (`blog_id`) REFERENCES `blog` (`id`) ON DELETE CASCADE,
  CONSTRAINT `comments_product_id_foreign` FOREIGN KEY (`product_id`) REFERENCES `products` (`id`) ON DELETE CASCADE,
  CONSTRAINT `comments_reply_id_foreign` FOREIGN KEY (`reply_id`) REFERENCES `comments` (`id`) ON DELETE CASCADE,
  CONSTRAINT `comments_review_id_foreign` FOREIGN KEY (`review_id`) REFERENCES `webinar_reviews` (`id`) ON DELETE CASCADE,
  CONSTRAINT `comments_upcoming_course_id_foreign` FOREIGN KEY (`upcoming_course_id`) REFERENCES `upcoming_courses` (`id`) ON DELETE CASCADE,
  CONSTRAINT `comments_user_id_foreign` FOREIGN KEY (`user_id`) REFERENCES `users` (`id`) ON DELETE CASCADE,
  CONSTRAINT `comments_webinar_id_foreign` FOREIGN KEY (`webinar_id`) REFERENCES `webinars` (`id`) ON DELETE CASCADE
) ENGINE=InnoDB AUTO_INCREMENT=76 DEFAULT CHARSET=utf8mb4 COLLATE=utf8mb4_unicode_ci ROW_FORMAT=DYNAMIC;
/*!40101 SET character_set_client = @saved_cs_client */;

--
-- Dumping data for table `comments`
--

LOCK TABLES `comments` WRITE;
/*!40000 ALTER TABLE `comments` DISABLE KEYS */;
INSERT INTO `comments` VALUES (52,1015,NULL,2002,NULL,NULL,NULL,NULL,NULL,NULL,'Perfect course, thank you.','active',0,0,1626235679,NULL),(65,863,NULL,2002,NULL,NULL,NULL,NULL,NULL,52,'We are very happy that you are satisfied with this course.','pending',0,0,1626509913,NULL),(67,1075,NULL,2008,NULL,NULL,NULL,NULL,NULL,NULL,'great one','pending',0,0,1734277376,NULL),(68,1,NULL,2030,NULL,NULL,NULL,NULL,NULL,NULL,'The Course was really nice','pending',0,0,1735463014,NULL),(69,1,NULL,2030,NULL,NULL,NULL,NULL,NULL,NULL,'The Course was really nice','active',0,0,1735463015,NULL),(70,1,NULL,2030,NULL,NULL,NULL,NULL,NULL,NULL,'The Course us amazing','active',0,0,1735463041,NULL),(72,1114,NULL,2030,NULL,NULL,NULL,NULL,NULL,NULL,'A very nice course','pending',0,0,1737457733,NULL),(73,1114,NULL,2030,NULL,NULL,NULL,NULL,NULL,70,'Yeah I totally agree','pending',0,0,1737457754,NULL),(74,1113,NULL,2030,NULL,NULL,NULL,NULL,NULL,NULL,'nice corse','pending',0,0,1737459178,NULL),(75,1114,NULL,2029,NULL,NULL,NULL,NULL,NULL,NULL,'Nice Course','pending',0,0,1737459316,NULL);
/*!40000 ALTER TABLE `comments` ENABLE KEYS */;
UNLOCK TABLES;

--
-- Table structure for table `comments_reports`
--

DROP TABLE IF EXISTS `comments_reports`;
/*!40101 SET @saved_cs_client     = @@character_set_client */;
/*!50503 SET character_set_client = utf8mb4 */;
CREATE TABLE `comments_reports` (
  `id` int unsigned NOT NULL AUTO_INCREMENT,
  `user_id` int unsigned NOT NULL,
  `blog_id` int unsigned DEFAULT NULL,
  `product_id` int unsigned DEFAULT NULL,
  `webinar_id` int unsigned DEFAULT NULL,
  `bundle_id` int unsigned DEFAULT NULL,
  `comment_id` int unsigned NOT NULL,
  `message` text CHARACTER SET utf8mb4 COLLATE utf8mb4_unicode_ci NOT NULL,
  `created_at` int unsigned NOT NULL,
  PRIMARY KEY (`id`) USING BTREE,
  KEY `comments_reports_comment_id_foreign` (`comment_id`) USING BTREE,
  KEY `comments_reports_product_id_foreign` (`product_id`),
  CONSTRAINT `comments_reports_comment_id_foreign` FOREIGN KEY (`comment_id`) REFERENCES `comments` (`id`) ON DELETE CASCADE,
  CONSTRAINT `comments_reports_product_id_foreign` FOREIGN KEY (`product_id`) REFERENCES `products` (`id`) ON DELETE CASCADE
) ENGINE=InnoDB AUTO_INCREMENT=9 DEFAULT CHARSET=utf8mb4 COLLATE=utf8mb4_unicode_ci ROW_FORMAT=DYNAMIC;
/*!40101 SET character_set_client = @saved_cs_client */;

--
-- Dumping data for table `comments_reports`
--

LOCK TABLES `comments_reports` WRITE;
/*!40000 ALTER TABLE `comments_reports` DISABLE KEYS */;
/*!40000 ALTER TABLE `comments_reports` ENABLE KEYS */;
UNLOCK TABLES;

--
-- Table structure for table `contacts`
--

DROP TABLE IF EXISTS `contacts`;
/*!40101 SET @saved_cs_client     = @@character_set_client */;
/*!50503 SET character_set_client = utf8mb4 */;
CREATE TABLE `contacts` (
  `id` int unsigned NOT NULL AUTO_INCREMENT,
  `name` varchar(255) CHARACTER SET utf8mb4 COLLATE utf8mb4_unicode_ci NOT NULL,
  `email` varchar(255) CHARACTER SET utf8mb4 COLLATE utf8mb4_unicode_ci NOT NULL,
  `phone` varchar(255) CHARACTER SET utf8mb4 COLLATE utf8mb4_unicode_ci NOT NULL,
  `subject` varchar(255) CHARACTER SET utf8mb4 COLLATE utf8mb4_unicode_ci NOT NULL,
  `message` text CHARACTER SET utf8mb4 COLLATE utf8mb4_unicode_ci NOT NULL,
  `reply` text CHARACTER SET utf8mb4 COLLATE utf8mb4_unicode_ci,
  `status` enum('pending','replied') CHARACTER SET utf8mb4 COLLATE utf8mb4_unicode_ci NOT NULL DEFAULT 'pending',
  `created_at` int unsigned NOT NULL,
  PRIMARY KEY (`id`) USING BTREE
) ENGINE=InnoDB AUTO_INCREMENT=4 DEFAULT CHARSET=utf8mb4 COLLATE=utf8mb4_unicode_ci ROW_FORMAT=DYNAMIC;
/*!40101 SET character_set_client = @saved_cs_client */;

--
-- Dumping data for table `contacts`
--

LOCK TABLES `contacts` WRITE;
/*!40000 ALTER TABLE `contacts` DISABLE KEYS */;
/*!40000 ALTER TABLE `contacts` ENABLE KEYS */;
UNLOCK TABLES;

--
-- Table structure for table `content_delete_requests`
--

DROP TABLE IF EXISTS `content_delete_requests`;
/*!40101 SET @saved_cs_client     = @@character_set_client */;
/*!50503 SET character_set_client = utf8mb4 */;
CREATE TABLE `content_delete_requests` (
  `id` int unsigned NOT NULL AUTO_INCREMENT,
  `user_id` int unsigned NOT NULL,
  `targetable_id` int unsigned NOT NULL,
  `targetable_type` varchar(255) CHARACTER SET utf8mb4 COLLATE utf8mb4_unicode_ci NOT NULL,
  `description` text CHARACTER SET utf8mb4 COLLATE utf8mb4_unicode_ci,
  `content_title` varchar(255) CHARACTER SET utf8mb4 COLLATE utf8mb4_unicode_ci DEFAULT NULL,
  `content_published_date` bigint unsigned DEFAULT NULL,
  `customers_count` int unsigned DEFAULT NULL,
  `sales` decimal(15,2) DEFAULT NULL,
  `status` enum('pending','approved','rejected') CHARACTER SET utf8mb4 COLLATE utf8mb4_unicode_ci NOT NULL DEFAULT 'pending',
  `created_at` bigint unsigned NOT NULL,
  PRIMARY KEY (`id`),
  KEY `content_delete_requests_user_id_foreign` (`user_id`),
  CONSTRAINT `content_delete_requests_user_id_foreign` FOREIGN KEY (`user_id`) REFERENCES `users` (`id`) ON DELETE CASCADE
) ENGINE=InnoDB AUTO_INCREMENT=2 DEFAULT CHARSET=utf8mb4 COLLATE=utf8mb4_general_ci;
/*!40101 SET character_set_client = @saved_cs_client */;

--
-- Dumping data for table `content_delete_requests`
--

LOCK TABLES `content_delete_requests` WRITE;
/*!40000 ALTER TABLE `content_delete_requests` DISABLE KEYS */;
/*!40000 ALTER TABLE `content_delete_requests` ENABLE KEYS */;
UNLOCK TABLES;

--
-- Table structure for table `course_forum_answers`
--

DROP TABLE IF EXISTS `course_forum_answers`;
/*!40101 SET @saved_cs_client     = @@character_set_client */;
/*!50503 SET character_set_client = utf8mb4 */;
CREATE TABLE `course_forum_answers` (
  `id` int unsigned NOT NULL AUTO_INCREMENT,
  `forum_id` int unsigned NOT NULL,
  `user_id` int unsigned NOT NULL,
  `description` text CHARACTER SET utf8mb4 COLLATE utf8mb4_unicode_ci NOT NULL,
  `pin` tinyint(1) NOT NULL DEFAULT '0',
  `resolved` tinyint(1) NOT NULL DEFAULT '0',
  `created_at` bigint unsigned NOT NULL,
  PRIMARY KEY (`id`),
  KEY `course_forum_answers_user_id_foreign` (`user_id`),
  KEY `course_forum_answers_forum_id_foreign` (`forum_id`),
  CONSTRAINT `course_forum_answers_forum_id_foreign` FOREIGN KEY (`forum_id`) REFERENCES `course_forums` (`id`) ON DELETE CASCADE,
  CONSTRAINT `course_forum_answers_user_id_foreign` FOREIGN KEY (`user_id`) REFERENCES `users` (`id`) ON DELETE CASCADE
) ENGINE=InnoDB AUTO_INCREMENT=14 DEFAULT CHARSET=utf8mb4 COLLATE=utf8mb4_unicode_ci;
/*!40101 SET character_set_client = @saved_cs_client */;

--
-- Dumping data for table `course_forum_answers`
--

LOCK TABLES `course_forum_answers` WRITE;
/*!40000 ALTER TABLE `course_forum_answers` DISABLE KEYS */;
/*!40000 ALTER TABLE `course_forum_answers` ENABLE KEYS */;
UNLOCK TABLES;

--
-- Table structure for table `course_forums`
--

DROP TABLE IF EXISTS `course_forums`;
/*!40101 SET @saved_cs_client     = @@character_set_client */;
/*!50503 SET character_set_client = utf8mb4 */;
CREATE TABLE `course_forums` (
  `id` int unsigned NOT NULL AUTO_INCREMENT,
  `webinar_id` int unsigned NOT NULL,
  `user_id` int unsigned NOT NULL,
  `title` varchar(255) CHARACTER SET utf8mb4 COLLATE utf8mb4_unicode_ci NOT NULL,
  `description` text CHARACTER SET utf8mb4 COLLATE utf8mb4_unicode_ci NOT NULL,
  `attach` varchar(255) CHARACTER SET utf8mb4 COLLATE utf8mb4_unicode_ci DEFAULT NULL,
  `pin` tinyint(1) NOT NULL DEFAULT '0',
  `created_at` bigint unsigned NOT NULL,
  PRIMARY KEY (`id`),
  KEY `course_forums_webinar_id_foreign` (`webinar_id`),
  KEY `course_forums_user_id_foreign` (`user_id`),
  CONSTRAINT `course_forums_user_id_foreign` FOREIGN KEY (`user_id`) REFERENCES `users` (`id`) ON DELETE CASCADE,
  CONSTRAINT `course_forums_webinar_id_foreign` FOREIGN KEY (`webinar_id`) REFERENCES `webinars` (`id`) ON DELETE CASCADE
) ENGINE=InnoDB AUTO_INCREMENT=6 DEFAULT CHARSET=utf8mb4 COLLATE=utf8mb4_unicode_ci;
/*!40101 SET character_set_client = @saved_cs_client */;

--
-- Dumping data for table `course_forums`
--

LOCK TABLES `course_forums` WRITE;
/*!40000 ALTER TABLE `course_forums` DISABLE KEYS */;
/*!40000 ALTER TABLE `course_forums` ENABLE KEYS */;
UNLOCK TABLES;

--
-- Table structure for table `course_learning`
--

DROP TABLE IF EXISTS `course_learning`;
/*!40101 SET @saved_cs_client     = @@character_set_client */;
/*!50503 SET character_set_client = utf8mb4 */;
CREATE TABLE `course_learning` (
  `id` int unsigned NOT NULL AUTO_INCREMENT,
  `user_id` int unsigned NOT NULL,
  `text_lesson_id` int unsigned DEFAULT NULL,
  `file_id` int unsigned DEFAULT NULL,
  `session_id` int unsigned DEFAULT NULL,
  `created_at` int unsigned NOT NULL,
  PRIMARY KEY (`id`),
  KEY `course_learning_user_id_foreign` (`user_id`),
  KEY `course_learning_text_lesson_id_foreign` (`text_lesson_id`),
  KEY `course_learning_file_id_foreign` (`file_id`),
  KEY `course_learning_session_id_foreign` (`session_id`),
  CONSTRAINT `course_learning_file_id_foreign` FOREIGN KEY (`file_id`) REFERENCES `files` (`id`) ON DELETE CASCADE,
  CONSTRAINT `course_learning_session_id_foreign` FOREIGN KEY (`session_id`) REFERENCES `sessions` (`id`) ON DELETE CASCADE,
  CONSTRAINT `course_learning_text_lesson_id_foreign` FOREIGN KEY (`text_lesson_id`) REFERENCES `text_lessons` (`id`) ON DELETE CASCADE,
  CONSTRAINT `course_learning_user_id_foreign` FOREIGN KEY (`user_id`) REFERENCES `users` (`id`) ON DELETE CASCADE
) ENGINE=InnoDB AUTO_INCREMENT=116 DEFAULT CHARSET=utf8mb4 COLLATE=utf8mb4_unicode_ci;
/*!40101 SET character_set_client = @saved_cs_client */;

--
-- Dumping data for table `course_learning`
--

LOCK TABLES `course_learning` WRITE;
/*!40000 ALTER TABLE `course_learning` DISABLE KEYS */;
INSERT INTO `course_learning` VALUES (76,1050,NULL,98,NULL,1730284576),(77,1050,NULL,99,NULL,1730284717),(78,1050,NULL,100,NULL,1730284739),(79,1050,NULL,101,NULL,1730284792),(80,1050,NULL,103,NULL,1730284899),(81,1050,NULL,102,NULL,1730284902),(82,1050,NULL,104,NULL,1730284924),(83,1050,NULL,105,NULL,1730284940),(94,1055,NULL,98,NULL,1732401453),(95,1055,NULL,99,NULL,1732401457),(96,1055,NULL,100,NULL,1732401461),(97,1055,NULL,101,NULL,1732401466),(98,1055,NULL,102,NULL,1732401471),(99,1055,NULL,103,NULL,1732401476),(100,1055,NULL,104,NULL,1732401482),(101,1055,NULL,105,NULL,1732401489),(102,1061,NULL,113,NULL,1733769220),(103,1061,NULL,114,NULL,1733769268),(105,1075,NULL,64,NULL,1734277415),(106,1081,13,NULL,NULL,1734806392),(108,1114,NULL,121,NULL,1737459505),(109,1115,NULL,119,NULL,1737560126),(110,1117,NULL,119,NULL,1737708134),(111,1117,NULL,120,NULL,1737708156),(112,1121,NULL,35,NULL,1737828199),(113,1121,13,NULL,NULL,1737828350),(114,1121,14,NULL,NULL,1737828353),(115,1121,15,NULL,NULL,1737828360);
/*!40000 ALTER TABLE `course_learning` ENABLE KEYS */;
UNLOCK TABLES;

--
-- Table structure for table `course_learning_last_views`
--

DROP TABLE IF EXISTS `course_learning_last_views`;
/*!40101 SET @saved_cs_client     = @@character_set_client */;
/*!50503 SET character_set_client = utf8mb4 */;
CREATE TABLE `course_learning_last_views` (
  `id` int unsigned NOT NULL AUTO_INCREMENT,
  `user_id` int unsigned NOT NULL,
  `webinar_id` int unsigned NOT NULL,
  `item_id` int unsigned NOT NULL,
  `item_type` enum('file','session','text_lesson','assignment','quiz') CHARACTER SET utf8mb4 COLLATE utf8mb4_general_ci NOT NULL,
  `visited_at` bigint unsigned NOT NULL,
  PRIMARY KEY (`id`),
  KEY `course_learning_last_views_user_id_foreign` (`user_id`),
  KEY `course_learning_last_views_webinar_id_foreign` (`webinar_id`),
  CONSTRAINT `course_learning_last_views_user_id_foreign` FOREIGN KEY (`user_id`) REFERENCES `users` (`id`) ON DELETE CASCADE,
  CONSTRAINT `course_learning_last_views_webinar_id_foreign` FOREIGN KEY (`webinar_id`) REFERENCES `webinars` (`id`) ON DELETE CASCADE
) ENGINE=InnoDB AUTO_INCREMENT=25 DEFAULT CHARSET=utf8mb4 COLLATE=utf8mb4_general_ci;
/*!40101 SET character_set_client = @saved_cs_client */;

--
-- Dumping data for table `course_learning_last_views`
--

LOCK TABLES `course_learning_last_views` WRITE;
/*!40000 ALTER TABLE `course_learning_last_views` DISABLE KEYS */;
INSERT INTO `course_learning_last_views` VALUES (5,1050,2024,45,'quiz',1730285020),(8,1056,1997,35,'file',1730578557),(9,1055,2024,45,'quiz',1732401492),(10,1061,2028,114,'file',1733769333),(11,1075,2030,22,'text_lesson',1734276711),(12,1075,2008,64,'file',1734277416),(13,1075,2031,119,'file',1734802518),(14,1,2031,119,'file',1734910450),(16,1080,2029,121,'file',1735203913),(17,1075,1999,30,'quiz',1735020600),(18,1051,2030,22,'text_lesson',1736350158),(19,1113,2029,121,'file',1737456171),(20,934,2028,116,'file',1737457092),(21,1114,2029,122,'file',1737459507),(22,1115,2031,120,'file',1737560144),(23,1117,2031,120,'file',1737708267),(24,1121,1997,35,'file',1737829515);
/*!40000 ALTER TABLE `course_learning_last_views` ENABLE KEYS */;
UNLOCK TABLES;

--
-- Table structure for table `course_noticeboard_status`
--

DROP TABLE IF EXISTS `course_noticeboard_status`;
/*!40101 SET @saved_cs_client     = @@character_set_client */;
/*!50503 SET character_set_client = utf8mb4 */;
CREATE TABLE `course_noticeboard_status` (
  `id` int unsigned NOT NULL AUTO_INCREMENT,
  `user_id` int unsigned NOT NULL,
  `noticeboard_id` int unsigned NOT NULL,
  `seen_at` int unsigned NOT NULL,
  PRIMARY KEY (`id`),
  KEY `course_noticeboard_status_noticeboard_id_foreign` (`noticeboard_id`),
  CONSTRAINT `course_noticeboard_status_noticeboard_id_foreign` FOREIGN KEY (`noticeboard_id`) REFERENCES `course_noticeboards` (`id`) ON DELETE CASCADE
) ENGINE=InnoDB AUTO_INCREMENT=51 DEFAULT CHARSET=utf8mb4 COLLATE=utf8mb4_unicode_ci;
/*!40101 SET character_set_client = @saved_cs_client */;

--
-- Dumping data for table `course_noticeboard_status`
--

LOCK TABLES `course_noticeboard_status` WRITE;
/*!40000 ALTER TABLE `course_noticeboard_status` DISABLE KEYS */;
INSERT INTO `course_noticeboard_status` VALUES (1,995,1,1656103105),(2,996,1,1656103714),(3,995,5,1656142535),(4,995,6,1656142535),(5,996,5,1656219599),(6,996,6,1656219599),(7,995,2,1656406722),(8,995,3,1656406722),(9,995,4,1656406722),(10,996,2,1656407301),(11,996,3,1656407301),(12,996,4,1656407301);
/*!40000 ALTER TABLE `course_noticeboard_status` ENABLE KEYS */;
UNLOCK TABLES;

--
-- Table structure for table `course_noticeboards`
--

DROP TABLE IF EXISTS `course_noticeboards`;
/*!40101 SET @saved_cs_client     = @@character_set_client */;
/*!50503 SET character_set_client = utf8mb4 */;
CREATE TABLE `course_noticeboards` (
  `id` int unsigned NOT NULL AUTO_INCREMENT,
  `creator_id` int unsigned NOT NULL,
  `webinar_id` int unsigned NOT NULL,
  `color` enum('warning','danger','neutral','info','success') CHARACTER SET utf8mb4 COLLATE utf8mb4_unicode_ci NOT NULL,
  `title` varchar(255) CHARACTER SET utf8mb4 COLLATE utf8mb4_unicode_ci NOT NULL,
  `message` text CHARACTER SET utf8mb4 COLLATE utf8mb4_unicode_ci NOT NULL,
  `created_at` bigint unsigned NOT NULL,
  PRIMARY KEY (`id`),
  KEY `course_noticeboards_creator_id_foreign` (`creator_id`),
  KEY `course_noticeboards_webinar_id_foreign` (`webinar_id`),
  CONSTRAINT `course_noticeboards_creator_id_foreign` FOREIGN KEY (`creator_id`) REFERENCES `users` (`id`) ON DELETE CASCADE,
  CONSTRAINT `course_noticeboards_webinar_id_foreign` FOREIGN KEY (`webinar_id`) REFERENCES `webinars` (`id`) ON DELETE CASCADE
) ENGINE=InnoDB AUTO_INCREMENT=8 DEFAULT CHARSET=utf8mb4 COLLATE=utf8mb4_unicode_ci;
/*!40101 SET character_set_client = @saved_cs_client */;

--
-- Dumping data for table `course_noticeboards`
--

LOCK TABLES `course_noticeboards` WRITE;
/*!40000 ALTER TABLE `course_noticeboards` DISABLE KEYS */;
INSERT INTO `course_noticeboards` VALUES (1,1015,2008,'danger','Important notice','<p>Dear students. I will upload the new assignment for you soon. Please send the previous assignment by the end of the month.</p><p>The final quiz&nbsp;will be held at the end of next month. The exact date of the quiz will be announced.</p>',1656083692),(2,1015,2008,'warning','Quiz date changed','<p>Hi, Dear students</p><p>The mid-term Quiz date changed.</p><p>We hope to you take mentioned quiz next week.</p><p>Regards.</p>',1656136473),(3,1015,2008,'info','Upload final chapter','<p>Hi, Dear students.</p><p>We are going to upload the last chapter next month.</p><p>Regards.</p>',1656136763),(4,1015,2008,'success','Top Students','<p>Hi, Dear students</p><p>We intend to appreciate the top students.</p><p>We will announce the list of top students.</p><p>Regards.</p><p><br></p>',1656136896),(5,929,2010,'success','Top Students','<p>Hi, Dear students</p><p>We intend to appreciate the top students.</p><p>We will announce the list of top students.</p><p>Regards.</p>',1656137511),(6,929,2010,'warning','Quiz date changed','<p>Hi, Dear students</p><p>The mid-term Quiz date changed.</p><p>We hope to you take mentioned quiz next week.</p><p>Regards.</p>',1656137557);
/*!40000 ALTER TABLE `course_noticeboards` ENABLE KEYS */;
UNLOCK TABLES;

--
-- Table structure for table `course_personal_notes`
--

DROP TABLE IF EXISTS `course_personal_notes`;
/*!40101 SET @saved_cs_client     = @@character_set_client */;
/*!50503 SET character_set_client = utf8mb4 */;
CREATE TABLE `course_personal_notes` (
  `id` int unsigned NOT NULL AUTO_INCREMENT,
  `user_id` int unsigned NOT NULL,
  `course_id` int unsigned NOT NULL,
  `targetable_id` int unsigned NOT NULL,
  `targetable_type` varchar(255) CHARACTER SET utf8mb4 COLLATE utf8mb4_general_ci NOT NULL,
  `note` text CHARACTER SET utf8mb4 COLLATE utf8mb4_general_ci,
  `attachment` varchar(255) CHARACTER SET utf8mb4 COLLATE utf8mb4_general_ci DEFAULT NULL,
  `created_at` bigint unsigned NOT NULL,
  PRIMARY KEY (`id`),
  KEY `course_personal_notes_user_id_foreign` (`user_id`),
  KEY `course_personal_notes_course_id_foreign` (`course_id`),
  CONSTRAINT `course_personal_notes_course_id_foreign` FOREIGN KEY (`course_id`) REFERENCES `webinars` (`id`) ON DELETE CASCADE,
  CONSTRAINT `course_personal_notes_user_id_foreign` FOREIGN KEY (`user_id`) REFERENCES `users` (`id`) ON DELETE CASCADE
) ENGINE=InnoDB AUTO_INCREMENT=9 DEFAULT CHARSET=utf8mb4 COLLATE=utf8mb4_general_ci;
/*!40101 SET character_set_client = @saved_cs_client */;

--
-- Dumping data for table `course_personal_notes`
--

LOCK TABLES `course_personal_notes` WRITE;
/*!40000 ALTER TABLE `course_personal_notes` DISABLE KEYS */;
INSERT INTO `course_personal_notes` VALUES (5,1061,2028,113,'App\\Models\\File','Thank you I learnt everything',NULL,1733769210),(6,1061,2028,114,'App\\Models\\File','Done',NULL,1733769258),(7,1075,2030,22,'App\\Models\\TextLesson','i enjoyed this',NULL,1734276696),(8,1121,1997,35,'App\\Models\\File','Testing this class',NULL,1737828181);
/*!40000 ALTER TABLE `course_personal_notes` ENABLE KEYS */;
UNLOCK TABLES;

--
-- Table structure for table `currencies`
--

DROP TABLE IF EXISTS `currencies`;
/*!40101 SET @saved_cs_client     = @@character_set_client */;
/*!50503 SET character_set_client = utf8mb4 */;
CREATE TABLE `currencies` (
  `id` int unsigned NOT NULL AUTO_INCREMENT,
  `currency` varchar(255) CHARACTER SET utf8mb4 COLLATE utf8mb4_unicode_ci NOT NULL,
  `currency_position` enum('left','right','left_with_space','right_with_space') CHARACTER SET utf8mb4 COLLATE utf8mb4_unicode_ci NOT NULL,
  `currency_separator` enum('dot','comma') CHARACTER SET utf8mb4 COLLATE utf8mb4_unicode_ci NOT NULL,
  `currency_decimal` int unsigned DEFAULT NULL,
  `exchange_rate` double(15,2) DEFAULT NULL,
  `order` int unsigned DEFAULT NULL,
  `created_at` bigint NOT NULL,
  PRIMARY KEY (`id`)
) ENGINE=InnoDB AUTO_INCREMENT=9 DEFAULT CHARSET=utf8mb4 COLLATE=utf8mb4_unicode_ci;
/*!40101 SET character_set_client = @saved_cs_client */;

--
-- Dumping data for table `currencies`
--

LOCK TABLES `currencies` WRITE;
/*!40000 ALTER TABLE `currencies` DISABLE KEYS */;
INSERT INTO `currencies` VALUES (8,'USD','left','comma',2,1600.00,1,1737506120);
/*!40000 ALTER TABLE `currencies` ENABLE KEYS */;
UNLOCK TABLES;

--
-- Table structure for table `delete_account_requests`
--

DROP TABLE IF EXISTS `delete_account_requests`;
/*!40101 SET @saved_cs_client     = @@character_set_client */;
/*!50503 SET character_set_client = utf8mb4 */;
CREATE TABLE `delete_account_requests` (
  `id` int unsigned NOT NULL AUTO_INCREMENT,
  `user_id` int unsigned NOT NULL,
  `created_at` bigint unsigned NOT NULL,
  PRIMARY KEY (`id`),
  KEY `delete_account_requests_user_id_foreign` (`user_id`),
  CONSTRAINT `delete_account_requests_user_id_foreign` FOREIGN KEY (`user_id`) REFERENCES `users` (`id`) ON DELETE CASCADE
) ENGINE=InnoDB AUTO_INCREMENT=4 DEFAULT CHARSET=utf8mb4 COLLATE=utf8mb4_unicode_ci;
/*!40101 SET character_set_client = @saved_cs_client */;

--
-- Dumping data for table `delete_account_requests`
--

LOCK TABLES `delete_account_requests` WRITE;
/*!40000 ALTER TABLE `delete_account_requests` DISABLE KEYS */;
/*!40000 ALTER TABLE `delete_account_requests` ENABLE KEYS */;
UNLOCK TABLES;

--
-- Table structure for table `discount_bundles`
--

DROP TABLE IF EXISTS `discount_bundles`;
/*!40101 SET @saved_cs_client     = @@character_set_client */;
/*!50503 SET character_set_client = utf8mb4 */;
CREATE TABLE `discount_bundles` (
  `id` int unsigned NOT NULL AUTO_INCREMENT,
  `discount_id` int unsigned NOT NULL,
  `bundle_id` int unsigned NOT NULL,
  `created_at` int unsigned NOT NULL,
  PRIMARY KEY (`id`),
  KEY `discount_bundles_discount_id_foreign` (`discount_id`),
  KEY `discount_bundles_bundle_id_foreign` (`bundle_id`),
  CONSTRAINT `discount_bundles_bundle_id_foreign` FOREIGN KEY (`bundle_id`) REFERENCES `bundles` (`id`) ON DELETE CASCADE,
  CONSTRAINT `discount_bundles_discount_id_foreign` FOREIGN KEY (`discount_id`) REFERENCES `discounts` (`id`) ON DELETE CASCADE
) ENGINE=InnoDB AUTO_INCREMENT=5 DEFAULT CHARSET=utf8mb4 COLLATE=utf8mb4_unicode_ci;
/*!40101 SET character_set_client = @saved_cs_client */;

--
-- Dumping data for table `discount_bundles`
--

LOCK TABLES `discount_bundles` WRITE;
/*!40000 ALTER TABLE `discount_bundles` DISABLE KEYS */;
/*!40000 ALTER TABLE `discount_bundles` ENABLE KEYS */;
UNLOCK TABLES;

--
-- Table structure for table `discount_categories`
--

DROP TABLE IF EXISTS `discount_categories`;
/*!40101 SET @saved_cs_client     = @@character_set_client */;
/*!50503 SET character_set_client = utf8mb4 */;
CREATE TABLE `discount_categories` (
  `id` int unsigned NOT NULL AUTO_INCREMENT,
  `discount_id` int unsigned NOT NULL,
  `category_id` int unsigned NOT NULL,
  `created_at` int unsigned NOT NULL,
  PRIMARY KEY (`id`),
  KEY `discount_categories_discount_id_foreign` (`discount_id`),
  KEY `discount_categories_category_id_foreign` (`category_id`),
  CONSTRAINT `discount_categories_category_id_foreign` FOREIGN KEY (`category_id`) REFERENCES `categories` (`id`) ON DELETE CASCADE,
  CONSTRAINT `discount_categories_discount_id_foreign` FOREIGN KEY (`discount_id`) REFERENCES `discounts` (`id`) ON DELETE CASCADE
) ENGINE=InnoDB AUTO_INCREMENT=13 DEFAULT CHARSET=utf8mb4 COLLATE=utf8mb4_unicode_ci;
/*!40101 SET character_set_client = @saved_cs_client */;

--
-- Dumping data for table `discount_categories`
--

LOCK TABLES `discount_categories` WRITE;
/*!40000 ALTER TABLE `discount_categories` DISABLE KEYS */;
INSERT INTO `discount_categories` VALUES (10,10,520,1709728551),(11,10,608,1709728551),(12,10,606,1709728551);
/*!40000 ALTER TABLE `discount_categories` ENABLE KEYS */;
UNLOCK TABLES;

--
-- Table structure for table `discount_courses`
--

DROP TABLE IF EXISTS `discount_courses`;
/*!40101 SET @saved_cs_client     = @@character_set_client */;
/*!50503 SET character_set_client = utf8mb4 */;
CREATE TABLE `discount_courses` (
  `id` int unsigned NOT NULL AUTO_INCREMENT,
  `discount_id` int unsigned NOT NULL,
  `course_id` int unsigned NOT NULL,
  `created_at` int unsigned NOT NULL,
  PRIMARY KEY (`id`),
  KEY `discount_courses_discount_id_foreign` (`discount_id`),
  KEY `discount_courses_course_id_foreign` (`course_id`),
  CONSTRAINT `discount_courses_course_id_foreign` FOREIGN KEY (`course_id`) REFERENCES `webinars` (`id`) ON DELETE CASCADE,
  CONSTRAINT `discount_courses_discount_id_foreign` FOREIGN KEY (`discount_id`) REFERENCES `discounts` (`id`) ON DELETE CASCADE
) ENGINE=InnoDB AUTO_INCREMENT=12 DEFAULT CHARSET=utf8mb4 COLLATE=utf8mb4_unicode_ci;
/*!40101 SET character_set_client = @saved_cs_client */;

--
-- Dumping data for table `discount_courses`
--

LOCK TABLES `discount_courses` WRITE;
/*!40000 ALTER TABLE `discount_courses` DISABLE KEYS */;
/*!40000 ALTER TABLE `discount_courses` ENABLE KEYS */;
UNLOCK TABLES;

--
-- Table structure for table `discount_groups`
--

DROP TABLE IF EXISTS `discount_groups`;
/*!40101 SET @saved_cs_client     = @@character_set_client */;
/*!50503 SET character_set_client = utf8mb4 */;
CREATE TABLE `discount_groups` (
  `id` int unsigned NOT NULL AUTO_INCREMENT,
  `discount_id` int unsigned NOT NULL,
  `group_id` int unsigned NOT NULL,
  `created_at` int unsigned NOT NULL,
  PRIMARY KEY (`id`),
  KEY `discount_groups_discount_id_foreign` (`discount_id`),
  KEY `discount_groups_group_id_foreign` (`group_id`),
  CONSTRAINT `discount_groups_discount_id_foreign` FOREIGN KEY (`discount_id`) REFERENCES `discounts` (`id`) ON DELETE CASCADE,
  CONSTRAINT `discount_groups_group_id_foreign` FOREIGN KEY (`group_id`) REFERENCES `groups` (`id`) ON DELETE CASCADE
) ENGINE=InnoDB AUTO_INCREMENT=8 DEFAULT CHARSET=utf8mb4 COLLATE=utf8mb4_unicode_ci;
/*!40101 SET character_set_client = @saved_cs_client */;

--
-- Dumping data for table `discount_groups`
--

LOCK TABLES `discount_groups` WRITE;
/*!40000 ALTER TABLE `discount_groups` DISABLE KEYS */;
/*!40000 ALTER TABLE `discount_groups` ENABLE KEYS */;
UNLOCK TABLES;

--
-- Table structure for table `discount_users`
--

DROP TABLE IF EXISTS `discount_users`;
/*!40101 SET @saved_cs_client     = @@character_set_client */;
/*!50503 SET character_set_client = utf8mb4 */;
CREATE TABLE `discount_users` (
  `id` int unsigned NOT NULL AUTO_INCREMENT,
  `discount_id` int unsigned NOT NULL,
  `user_id` int unsigned NOT NULL,
  `created_at` int unsigned NOT NULL,
  PRIMARY KEY (`id`) USING BTREE,
  KEY `discount_users_discount_id_foreign` (`discount_id`) USING BTREE,
  KEY `discount_users_user_id_foreign` (`user_id`) USING BTREE,
  CONSTRAINT `discount_users_discount_id_foreign` FOREIGN KEY (`discount_id`) REFERENCES `discounts` (`id`) ON DELETE CASCADE,
  CONSTRAINT `discount_users_user_id_foreign` FOREIGN KEY (`user_id`) REFERENCES `users` (`id`) ON DELETE CASCADE
) ENGINE=InnoDB AUTO_INCREMENT=9 DEFAULT CHARSET=utf8mb4 COLLATE=utf8mb4_unicode_ci ROW_FORMAT=DYNAMIC;
/*!40101 SET character_set_client = @saved_cs_client */;

--
-- Dumping data for table `discount_users`
--

LOCK TABLES `discount_users` WRITE;
/*!40000 ALTER TABLE `discount_users` DISABLE KEYS */;
/*!40000 ALTER TABLE `discount_users` ENABLE KEYS */;
UNLOCK TABLES;

--
-- Table structure for table `discounts`
--

DROP TABLE IF EXISTS `discounts`;
/*!40101 SET @saved_cs_client     = @@character_set_client */;
/*!50503 SET character_set_client = utf8mb4 */;
CREATE TABLE `discounts` (
  `id` int unsigned NOT NULL AUTO_INCREMENT,
  `creator_id` int unsigned NOT NULL,
  `title` varchar(255) CHARACTER SET utf8mb4 COLLATE utf8mb4_unicode_ci NOT NULL,
  `subtitle` varchar(255) CHARACTER SET utf8mb4 COLLATE utf8mb4_general_ci DEFAULT NULL,
  `discount_type` enum('percentage','fixed_amount') CHARACTER SET utf8mb4 COLLATE utf8mb4_unicode_ci NOT NULL,
  `source` enum('all','course','category','meeting','product','bundle') CHARACTER SET utf8mb4 COLLATE utf8mb4_unicode_ci NOT NULL,
  `code` varchar(64) CHARACTER SET utf8mb4 COLLATE utf8mb4_unicode_ci NOT NULL,
  `percent` int unsigned DEFAULT NULL,
  `amount` int unsigned DEFAULT NULL,
  `max_amount` int unsigned DEFAULT NULL,
  `minimum_order` int unsigned DEFAULT NULL,
  `count` int NOT NULL DEFAULT '1',
  `user_type` enum('all_users','special_users') CHARACTER SET utf8mb4 COLLATE utf8mb4_unicode_ci NOT NULL,
  `product_type` enum('all','physical','virtual') CHARACTER SET utf8mb4 COLLATE utf8mb4_unicode_ci DEFAULT NULL,
  `for_first_purchase` tinyint(1) NOT NULL DEFAULT '0',
  `status` enum('active','disable') CHARACTER SET utf8mb4 COLLATE utf8mb4_unicode_ci NOT NULL DEFAULT 'active',
  `expired_at` int unsigned NOT NULL,
  `created_at` int unsigned NOT NULL,
  PRIMARY KEY (`id`) USING BTREE,
  UNIQUE KEY `discounts_code_unique` (`code`),
  KEY `discounts_creator_id_foreign` (`creator_id`) USING BTREE,
  CONSTRAINT `discounts_creator_id_foreign` FOREIGN KEY (`creator_id`) REFERENCES `users` (`id`) ON DELETE CASCADE
) ENGINE=InnoDB AUTO_INCREMENT=26 DEFAULT CHARSET=utf8mb4 COLLATE=utf8mb4_unicode_ci ROW_FORMAT=DYNAMIC;
/*!40101 SET character_set_client = @saved_cs_client */;

--
-- Dumping data for table `discounts`
--

LOCK TABLES `discounts` WRITE;
/*!40000 ALTER TABLE `discounts` DISABLE KEYS */;
INSERT INTO `discounts` VALUES (7,1,'Black Friday',NULL,'percentage','course','BLK2021',20,10,NULL,NULL,20,'all_users','all',0,'active',1797193740,1626132792),(8,1,'Store Physical Products Coupon',NULL,'percentage','product','SPGH22',10,NULL,NULL,NULL,5,'all_users','physical',0,'active',1773185400,1656320198),(9,1,'Store Virtual Products Coupon',NULL,'percentage','product','VKRYT22',20,NULL,NULL,NULL,10,'all_users','virtual',0,'active',1775052000,1656320568),(10,1,'Categories Coupon',NULL,'percentage','category','GJKTPW',10,NULL,10,NULL,1,'all_users','all',0,'active',1828915200,1656320749),(24,1015,'Black Firday Offer','Buy now with a special offer','percentage','all','BLK10',10,NULL,50,NULL,100,'all_users','all',0,'active',1806379200,1709540145),(25,1,'2024 Offer for All Users',NULL,'percentage','all','All10',10,NULL,NULL,NULL,50,'all_users','all',0,'active',1805515200,1709728742);
/*!40000 ALTER TABLE `discounts` ENABLE KEYS */;
UNLOCK TABLES;

--
-- Table structure for table `failed_jobs`
--

DROP TABLE IF EXISTS `failed_jobs`;
/*!40101 SET @saved_cs_client     = @@character_set_client */;
/*!50503 SET character_set_client = utf8mb4 */;
CREATE TABLE `failed_jobs` (
  `id` bigint unsigned NOT NULL AUTO_INCREMENT,
  `uuid` varchar(255) CHARACTER SET utf8mb4 COLLATE utf8mb4_unicode_ci NOT NULL,
  `connection` text CHARACTER SET utf8mb4 COLLATE utf8mb4_unicode_ci NOT NULL,
  `queue` text CHARACTER SET utf8mb4 COLLATE utf8mb4_unicode_ci NOT NULL,
  `payload` longtext CHARACTER SET utf8mb4 COLLATE utf8mb4_unicode_ci NOT NULL,
  `exception` longtext CHARACTER SET utf8mb4 COLLATE utf8mb4_unicode_ci NOT NULL,
  `failed_at` timestamp NOT NULL DEFAULT CURRENT_TIMESTAMP,
  PRIMARY KEY (`id`)
) ENGINE=MyISAM DEFAULT CHARSET=utf8mb4 COLLATE=utf8mb4_unicode_ci;
/*!40101 SET character_set_client = @saved_cs_client */;

--
-- Dumping data for table `failed_jobs`
--

LOCK TABLES `failed_jobs` WRITE;
/*!40000 ALTER TABLE `failed_jobs` DISABLE KEYS */;
/*!40000 ALTER TABLE `failed_jobs` ENABLE KEYS */;
UNLOCK TABLES;

--
-- Table structure for table `faq_translations`
--

DROP TABLE IF EXISTS `faq_translations`;
/*!40101 SET @saved_cs_client     = @@character_set_client */;
/*!50503 SET character_set_client = utf8mb4 */;
CREATE TABLE `faq_translations` (
  `id` bigint unsigned NOT NULL AUTO_INCREMENT,
  `faq_id` int unsigned NOT NULL,
  `locale` varchar(255) CHARACTER SET utf8mb4 COLLATE utf8mb4_unicode_ci NOT NULL,
  `title` varchar(255) CHARACTER SET utf8mb4 COLLATE utf8mb4_unicode_ci NOT NULL,
  `answer` text CHARACTER SET utf8mb4 COLLATE utf8mb4_unicode_ci NOT NULL,
  PRIMARY KEY (`id`),
  KEY `faq_translations_faq_id_foreign` (`faq_id`),
  KEY `faq_translations_locale_index` (`locale`),
  CONSTRAINT `faq_translations_faq_id_foreign` FOREIGN KEY (`faq_id`) REFERENCES `faqs` (`id`) ON DELETE CASCADE
) ENGINE=InnoDB AUTO_INCREMENT=49 DEFAULT CHARSET=utf8mb4 COLLATE=utf8mb4_unicode_ci;
/*!40101 SET character_set_client = @saved_cs_client */;

--
-- Dumping data for table `faq_translations`
--

LOCK TABLES `faq_translations` WRITE;
/*!40000 ALTER TABLE `faq_translations` DISABLE KEYS */;
INSERT INTO `faq_translations` VALUES (9,21,'en','What is the course level?','This is a course for beginners so you will get familiar with the topic from scratch.'),(10,22,'en','How can I get course updates?','You will receive a notification after each update is released so you can download updated files from the course page.'),(11,23,'en','What is the course level?','This is a course for beginners so you will get familiar with the topic from scratch.'),(12,24,'en','How can I download exercise files?','All of the exercise files could be downloaded from the content tab on the course page.'),(13,25,'en','Can I have a private meeting with the instructor?','Yes, you can reserve a 1 to 1 meeting with the instructor using the instructor profile.'),(20,32,'en','What is the course level?','This is a course for beginners so you will get familiar with the topic from scratch.'),(21,33,'en','Is it a supported course?','Yes, you can get in touch with the instructor using the support system.'),(22,34,'en','Can I have a private meeting with the instructor?','Yes, you can reserve a 1 to 1 meeting with the instructor using the instructor profile.'),(25,37,'en','What is the course level?','This is a course for beginners so you will get familiar with the topic from scratch.'),(26,38,'en','Is it a supported course?','Yes, you can get in touch with the instructor using the support system.'),(27,39,'en','Can I have a private meeting with the instructor?','Yes, you can reserve a 1 to 1 meeting with the instructor using the instructor profile.'),(28,40,'en','What is the course level?','This is a course for beginners so you will get familiar with the topic from scratch.'),(29,41,'en','How can I get course updates?','You will receive a notification after each update is released so you can download updated files from the course page.'),(30,42,'en','Is it a supported course?','Yes, you can get in touch with the instructor using the support system.'),(31,43,'en','Is it a supported course?','Yes, you can get in touch with the instructor using the support system.'),(32,44,'en','How can I get course updates?','You will receive a notification after each update is released so you can download updated files from the course page.'),(33,45,'en','What is the course level?','This is a course for beginners so you will get familiar with the topic from scratch.'),(34,46,'en','What is the course level?','This is a course for beginners so you will get familiar with the topic from scratch.'),(35,47,'en','Is it a supported course?','Yes, you can get in touch with the instructor using the support system.'),(36,48,'en','Can I have a private meeting with the instructor?','Yes, you can reserve a 1 to 1 meeting with the instructor using the instructor profile.'),(37,49,'en','What is the course level?','This is a course for beginners so you will get familiar with the topic from scratch.'),(38,50,'en','How can I get course updates?','You will receive a notification after each update is released so you can download updated files from the course page.'),(39,51,'en','Is it a supported course?','Yes, you can get in touch with the instructor using the support system.'),(40,52,'en','How can I get course updates?','You will receive a notification after each update is released so you can download updated files from the course page.'),(41,53,'en','How can I download exercise files?','All of the exercise files could be downloaded from the content tab on the course page.'),(42,54,'en','Why take this course?','This course starts with explaining what programming really is? Have you ever wondered how things actually work in a program?'),(43,55,'en','What is an installment payment?','An installment payment is a payment method that allows customers to spread the cost of a purchase over a period of time by making regular payments, typically on a monthly basis.'),(44,56,'en','How does an installment payment plan work?','When a customer chooses to pay by installment, they agree to pay the total cost of the purchase in smaller, more manageable amounts over a set period of time. The amount of each payment is determined by the total cost of the purchase and the length of the repayment period.'),(45,57,'en','Are there any fees or interest associated with installment payment?','Some installment plans may come with additional fees or higher interest rates than other payment methods. Customers should always read the terms and conditions carefully before agreeing to an installment payment plan to ensure they fully understand the costs involved.'),(47,59,'en','How to pay for the course?','Click a on pay and get the course');
/*!40000 ALTER TABLE `faq_translations` ENABLE KEYS */;
UNLOCK TABLES;

--
-- Table structure for table `faqs`
--

DROP TABLE IF EXISTS `faqs`;
/*!40101 SET @saved_cs_client     = @@character_set_client */;
/*!50503 SET character_set_client = utf8mb4 */;
CREATE TABLE `faqs` (
  `id` int unsigned NOT NULL AUTO_INCREMENT,
  `creator_id` int unsigned NOT NULL,
  `webinar_id` int unsigned DEFAULT NULL,
  `bundle_id` int unsigned DEFAULT NULL,
  `upcoming_course_id` int unsigned DEFAULT NULL,
  `order` int unsigned DEFAULT NULL,
  `created_at` int unsigned DEFAULT NULL,
  `updated_at` int unsigned DEFAULT NULL,
  PRIMARY KEY (`id`) USING BTREE,
  KEY `faqs_webinar_id_foreign` (`webinar_id`) USING BTREE,
  KEY `faqs_creator_id_foreign` (`creator_id`) USING BTREE,
  KEY `faqs_bundle_id_foreign` (`bundle_id`),
  KEY `faqs_upcoming_course_id_foreign` (`upcoming_course_id`),
  CONSTRAINT `faqs_bundle_id_foreign` FOREIGN KEY (`bundle_id`) REFERENCES `bundles` (`id`) ON DELETE CASCADE,
  CONSTRAINT `faqs_creator_id_foreign` FOREIGN KEY (`creator_id`) REFERENCES `users` (`id`) ON DELETE CASCADE,
  CONSTRAINT `faqs_upcoming_course_id_foreign` FOREIGN KEY (`upcoming_course_id`) REFERENCES `upcoming_courses` (`id`) ON DELETE CASCADE,
  CONSTRAINT `faqs_webinar_id_foreign` FOREIGN KEY (`webinar_id`) REFERENCES `webinars` (`id`) ON DELETE CASCADE
) ENGINE=InnoDB AUTO_INCREMENT=61 DEFAULT CHARSET=utf8mb4 COLLATE=utf8mb4_unicode_ci ROW_FORMAT=DYNAMIC;
/*!40101 SET character_set_client = @saved_cs_client */;

--
-- Dumping data for table `faqs`
--

LOCK TABLES `faqs` WRITE;
/*!40000 ALTER TABLE `faqs` DISABLE KEYS */;
INSERT INTO `faqs` VALUES (21,934,1997,NULL,NULL,NULL,1624956994,NULL),(22,934,1997,NULL,NULL,NULL,1624957014,NULL),(23,1076,1999,NULL,NULL,NULL,1625039334,NULL),(24,1076,1999,NULL,NULL,NULL,1625039363,NULL),(25,1076,1999,NULL,NULL,NULL,1625039377,NULL),(32,4,2005,NULL,NULL,NULL,1625691029,NULL),(33,4,2005,NULL,NULL,NULL,1625691056,NULL),(34,4,2005,NULL,NULL,NULL,1625691083,NULL),(37,1015,1998,NULL,NULL,NULL,1626109158,NULL),(38,1015,1998,NULL,NULL,NULL,1626109178,NULL),(39,1015,1998,NULL,NULL,NULL,1626109196,NULL),(40,867,2007,NULL,NULL,NULL,1626234581,NULL),(41,867,2007,NULL,NULL,NULL,1626234619,NULL),(42,867,2007,NULL,NULL,NULL,1626234666,NULL),(43,1015,2009,NULL,NULL,NULL,1646172991,NULL),(44,1015,2009,NULL,NULL,NULL,1646173018,NULL),(45,1015,2009,NULL,NULL,NULL,1646173035,NULL),(46,1015,2008,NULL,NULL,NULL,1646173113,NULL),(47,1015,2008,NULL,NULL,NULL,1646173127,NULL),(48,1015,2008,NULL,NULL,NULL,1646173143,NULL),(49,929,2010,NULL,NULL,NULL,1655801621,NULL),(50,929,2010,NULL,NULL,NULL,1655801642,NULL),(51,929,2010,NULL,NULL,NULL,1655803063,NULL),(52,1015,NULL,1,NULL,NULL,1656082919,NULL),(53,1015,NULL,1,NULL,NULL,1656082949,NULL),(54,1015,NULL,NULL,3,15,1678876257,NULL),(55,870,2022,NULL,NULL,1,1678911802,NULL),(56,870,2022,NULL,NULL,2,1678911826,NULL),(57,870,2022,NULL,NULL,3,1678911861,NULL),(59,1015,2024,NULL,NULL,1,1730214936,NULL);
/*!40000 ALTER TABLE `faqs` ENABLE KEYS */;
UNLOCK TABLES;

--
-- Table structure for table `favorites`
--

DROP TABLE IF EXISTS `favorites`;
/*!40101 SET @saved_cs_client     = @@character_set_client */;
/*!50503 SET character_set_client = utf8mb4 */;
CREATE TABLE `favorites` (
  `id` int unsigned NOT NULL AUTO_INCREMENT,
  `user_id` int unsigned NOT NULL,
  `webinar_id` int unsigned DEFAULT NULL,
  `bundle_id` int unsigned DEFAULT NULL,
  `upcoming_course_id` int unsigned DEFAULT NULL,
  `created_at` int NOT NULL,
  PRIMARY KEY (`id`) USING BTREE,
  KEY `favorites_webinar_id_foreign` (`webinar_id`) USING BTREE,
  KEY `favorites_user_id_foreign` (`user_id`) USING BTREE,
  KEY `favorites_bundle_id_foreign` (`bundle_id`),
  KEY `favorites_upcoming_course_id_foreign` (`upcoming_course_id`),
  CONSTRAINT `favorites_bundle_id_foreign` FOREIGN KEY (`bundle_id`) REFERENCES `bundles` (`id`) ON DELETE CASCADE,
  CONSTRAINT `favorites_upcoming_course_id_foreign` FOREIGN KEY (`upcoming_course_id`) REFERENCES `upcoming_courses` (`id`) ON DELETE CASCADE,
  CONSTRAINT `favorites_user_id_foreign` FOREIGN KEY (`user_id`) REFERENCES `users` (`id`) ON DELETE CASCADE,
  CONSTRAINT `favorites_webinar_id_foreign` FOREIGN KEY (`webinar_id`) REFERENCES `webinars` (`id`) ON DELETE CASCADE
) ENGINE=InnoDB AUTO_INCREMENT=21 DEFAULT CHARSET=utf8mb4 COLLATE=utf8mb4_unicode_ci ROW_FORMAT=DYNAMIC;
/*!40101 SET character_set_client = @saved_cs_client */;

--
-- Dumping data for table `favorites`
--

LOCK TABLES `favorites` WRITE;
/*!40000 ALTER TABLE `favorites` DISABLE KEYS */;
INSERT INTO `favorites` VALUES (19,1061,2028,NULL,NULL,1733769314),(20,1121,2031,NULL,NULL,1737829030);
/*!40000 ALTER TABLE `favorites` ENABLE KEYS */;
UNLOCK TABLES;

--
-- Table structure for table `feature_webinar_translations`
--

DROP TABLE IF EXISTS `feature_webinar_translations`;
/*!40101 SET @saved_cs_client     = @@character_set_client */;
/*!50503 SET character_set_client = utf8mb4 */;
CREATE TABLE `feature_webinar_translations` (
  `id` bigint unsigned NOT NULL AUTO_INCREMENT,
  `feature_webinar_id` int unsigned NOT NULL,
  `locale` varchar(255) CHARACTER SET utf8mb4 COLLATE utf8mb4_unicode_ci NOT NULL,
  `description` text CHARACTER SET utf8mb4 COLLATE utf8mb4_unicode_ci,
  PRIMARY KEY (`id`),
  KEY `feature_webinar_translations_feature_webinar_id_foreign` (`feature_webinar_id`),
  KEY `feature_webinar_translations_locale_index` (`locale`),
  CONSTRAINT `feature_webinar_translations_feature_webinar_id_foreign` FOREIGN KEY (`feature_webinar_id`) REFERENCES `feature_webinars` (`id`) ON DELETE CASCADE
) ENGINE=InnoDB AUTO_INCREMENT=25 DEFAULT CHARSET=utf8mb4 COLLATE=utf8mb4_unicode_ci;
/*!40101 SET character_set_client = @saved_cs_client */;

--
-- Dumping data for table `feature_webinar_translations`
--

LOCK TABLES `feature_webinar_translations` WRITE;
/*!40000 ALTER TABLE `feature_webinar_translations` DISABLE KEYS */;
INSERT INTO `feature_webinar_translations` VALUES (1,26,'en','Microsoft Excel is a spreadsheet developed by Microsoft for Windows, macOS, Android and iOS. It features calculation, graphing tools, pivot tables, and a macro programming language called Visual Basic for Applications (VBA).'),(2,28,'en','Learn step-by-step tips that help you get things done with your virtual team by increasing trust and accountability.If you manage a virtual team today, then you\'ll probably continue to do so for the rest of your career.'),(3,28,'es','Aprenda consejos paso a paso que lo ayudarn a hacer las cosas con su equipo virtual al aumentar la confianza y la responsabilidad. Si administra un equipo virtual hoy, probablemente continuar hacindolo durante el resto de su carrera.'),(4,28,'ar','                                 .'),(5,26,'ar','Microsoft Excel       Microsoft  Windows  macOS  Android  iOS.            Visual Basic for Applications (VBA).'),(6,26,'es','Microsoft Excel es una hoja de clculo desarrollada por Microsoft para Windows, macOS, Android e iOS. Cuenta con clculo, herramientas grficas, tablas dinmicas y un lenguaje de programacin de macros llamado Visual Basic para Aplicaciones (VBA).');
/*!40000 ALTER TABLE `feature_webinar_translations` ENABLE KEYS */;
UNLOCK TABLES;

--
-- Table structure for table `feature_webinars`
--

DROP TABLE IF EXISTS `feature_webinars`;
/*!40101 SET @saved_cs_client     = @@character_set_client */;
/*!50503 SET character_set_client = utf8mb4 */;
CREATE TABLE `feature_webinars` (
  `id` int unsigned NOT NULL AUTO_INCREMENT,
  `webinar_id` int unsigned NOT NULL,
  `page` enum('categories','home','home_categories') CHARACTER SET utf8mb4 COLLATE utf8mb4_unicode_ci NOT NULL,
  `status` enum('publish','pending') CHARACTER SET utf8mb4 COLLATE utf8mb4_unicode_ci NOT NULL,
  `updated_at` int unsigned NOT NULL,
  PRIMARY KEY (`id`) USING BTREE,
  KEY `feature_webinars_webinar_id_index` (`webinar_id`) USING BTREE,
  CONSTRAINT `feature_webinars_webinar_id_foreign` FOREIGN KEY (`webinar_id`) REFERENCES `webinars` (`id`) ON DELETE CASCADE
) ENGINE=InnoDB AUTO_INCREMENT=29 DEFAULT CHARSET=utf8mb4 COLLATE=utf8mb4_unicode_ci ROW_FORMAT=DYNAMIC;
/*!40101 SET character_set_client = @saved_cs_client */;

--
-- Dumping data for table `feature_webinars`
--

LOCK TABLES `feature_webinars` WRITE;
/*!40000 ALTER TABLE `feature_webinars` DISABLE KEYS */;
INSERT INTO `feature_webinars` VALUES (26,1998,'home','publish',1635438083),(28,2008,'home','publish',1677569150);
/*!40000 ALTER TABLE `feature_webinars` ENABLE KEYS */;
UNLOCK TABLES;

--
-- Table structure for table `file_translations`
--

DROP TABLE IF EXISTS `file_translations`;
/*!40101 SET @saved_cs_client     = @@character_set_client */;
/*!50503 SET character_set_client = utf8mb4 */;
CREATE TABLE `file_translations` (
  `id` bigint unsigned NOT NULL AUTO_INCREMENT,
  `file_id` int unsigned NOT NULL,
  `locale` varchar(255) CHARACTER SET utf8mb4 COLLATE utf8mb4_unicode_ci NOT NULL,
  `title` varchar(255) CHARACTER SET utf8mb4 COLLATE utf8mb4_unicode_ci NOT NULL,
  `description` text CHARACTER SET utf8mb4 COLLATE utf8mb4_unicode_ci,
  PRIMARY KEY (`id`),
  KEY `file_translations_file_id_foreign` (`file_id`),
  KEY `file_translations_locale_index` (`locale`),
  CONSTRAINT `file_translations_file_id_foreign` FOREIGN KEY (`file_id`) REFERENCES `files` (`id`) ON DELETE CASCADE
) ENGINE=InnoDB AUTO_INCREMENT=92 DEFAULT CHARSET=utf8mb4 COLLATE=utf8mb4_unicode_ci;
/*!40101 SET character_set_client = @saved_cs_client */;

--
-- Dumping data for table `file_translations`
--

LOCK TABLES `file_translations` WRITE;
/*!40000 ALTER TABLE `file_translations` DISABLE KEYS */;
INSERT INTO `file_translations` VALUES (5,35,'en','Introduction video','Python is an interpreted high-level general-purpose programming language. Python\'s design philosophy emphasizes code readability with its notable use of significant indentation.'),(6,36,'en','Introduction Class','Microsoft Excel is a spreadsheet developed by Microsoft for Windows, macOS, Android and iOS. It features calculation, graphing tools, pivot tables, and a macro programming language called Visual Basic for Applications (VBA).'),(7,37,'en','Introduction','In this welcome  video, I give you a quick overview of what the course is about.'),(8,38,'en','Principles of Behavior Change','In this lecture, I discuss an overview of the \"Principles of Behavior Change\" module, the 4 power principles of behavior change, and what you should know about those principles when managing your virtual team.'),(9,39,'en','The Power of Writing','In this lecture, I discuss the following: The mysterious power of writing things down and The advantages of writing tasks out to your virtual team'),(10,40,'en','Before the Meeting','In this lecture, I discuss the five things you should do before every meeting, and how to manage everyones expectations through a well-crafted meeting agenda.'),(11,41,'en','During the Meeting','In this lecture, I discuss the five things you should do during every meeting, and how to facilitate your meetings to keep everyone focused on their tasks.'),(12,42,'en','After the Meeting','In this lecture, I discuss the two things you should do after every meeting, and how to follow up with your team to make sure they are committed to getting their actions completed.'),(14,44,'en','Why Your Fitness Matters','Unfortunately, the internet is full of false fitness gurus that sell you all kinds of workouts plans and gimmicks that are overpriced and don\'t work.'),(16,46,'en','Exponential','Here you will gain and understanding of how consumption is more important than finds of non-renewable energy. Also other matters that affect the future development of non-renewable key and primary fuels'),(17,47,'en','Importance of Oil','Here we test your knowledge of what you learned hopefully listening to our second lecture.'),(18,48,'en','Behavioural Solutions','Here you will gain and understanding of how consumption is more important than finds of non-renewable energy. Also other matters that affect the future development of non-renewable key and primary fuels'),(19,49,'en','Welcome !!','Today we are going to learn the basics of creating a good design. This can apply from web design to graphic design in general.\r\nI put together my top 5 tips and tricks to create a good design from scratch.'),(20,50,'en','CSS Essentials','Chances are you have heard of relative and absolute position in CSS, but did you know there are still three other positions? In this video I will be covering all five CSS positions (static, relative, absolute, fixed, and sticky) .'),(21,51,'en','Intermediate CSS','Learn more about Intermediate CSS features like CSS Grid, Flexbox, and custom properties (aka. variables). Kyle, from Web Dev Simplified, will walk through a few Intermediate CSS challenges and discuss some of our favorite CSS tips and tricks.'),(26,56,'en','Overview','The course content is uniquely customized in a way to give each student who participates in this course the best skill orientation and the basic knowledge required to enter the travel and tourism industry.'),(27,57,'en','Understanding Maps','The course content is uniquely customized in a way to give each student who participates in this course the best skill orientation and the basic knowledge required to enter the travel and tourism industry.'),(28,58,'en','World Time','The course content is uniquely customized in a way to give each student who participates in this course the best skill orientation and the basic knowledge required to enter the travel and tourism industry.'),(29,59,'en','Travel Technology','The course content is uniquely customized in a way to give each student who participates in this course the best skill orientation and the basic knowledge require'),(30,60,'en','iSpring SCORM','iSpring Suite is a PowerPoint-based authoring toolkit produced by iSpring Solutions that allows users to create slide-based courses.'),(31,61,'en','Adobe Captivate SCORM','Adobe Captivate is an authoring tool that is used for creating eLearning content such as software demonstrations, software simulations, branched scenarios, and randomized quizzes in Shockwave Flash and HTML5 formats.'),(32,62,'en','Custom SCORM','Always remember to tune \"up\" to a pitch and not down to a pitch. This helps in keeping your guitar in tune.'),(33,63,'en','Upload Source','This course will teach you how to master your fretboard, understand music theory, and most importantly, how to use these tools to craft your unique sound.'),(34,64,'en','Youtube Source','YouTube is an American online video sharing and social media platform owned by Google. It was launched on February 14, 2005, by Steve Chen, Chad Hurley, and Jawed Karim.'),(35,65,'en','Vimeo Source','Vimeo, Inc. is an American video hosting, sharing, and services platform provider headquartered in New York City. Vimeo focuses on the delivery of high-definition video across a range of devices. Vimeo\'s business model is through software as a service.'),(36,66,'en','External Link Source','Rocket LMS mobile app is an Android mobile application for Rocket LMS. Rocket LMS is an online course marketplace that helps you run your online education business easily.'),(37,67,'en','Google Drive Source','Google Drive is a file storage and synchronization service developed by Google. Launched on April 24, 2012, Google Drive allows users to store files in the cloud, synchronize files across devices, and share files.'),(38,68,'en','PowerPoint File','Microsoft PowerPoint is a presentation program, created by Robert Gaskins and Dennis Austin at a software company named Forethought, Inc. It was released on April 20, 1987, initially for Macintosh computers only.'),(39,69,'en','PDF File','Portable Document Format (PDF), standardized as ISO 32000, is a file format developed by Adobe in 1992 to present documents, including text formatting and images, in a manner independent of application software, hardware, and operating systems.'),(40,70,'en','Direct Link','Rocket LMS mobile app is an Android mobile application for Rocket LMS. Rocket LMS is an online course marketplace that helps you run your online education business easily.'),(41,71,'en','iFrame Source','March 20 is the first day of spring for most people, while March 1 is the first spring day for meteorologists.'),(42,72,'en','Amazon S3 Stream','Amazon S3 or Amazon Simple Storage Service is a service offered by Amazon Web Services that provides object storage through a web service interface. Amazon S3 uses the same scalable storage infrastructure that Amazon.com uses to run its global e-commerce network.'),(43,73,'en','Amazon S3 File','Amazon S3 or Amazon Simple Storage Service is a service offered by Amazon Web Services that provides object storage through a web service interface. Amazon S3 uses the same scalable storage infrastructure that Amazon.com uses to run its global e-commerce network.'),(44,74,'en','Introduction video','Here we test your knowledge of what you learned, hopefully listening to our second lecture.'),(45,75,'en','Behavioural Solutions','Here you will gain and understanding of how consumption is more important than finds of non-renewable energy. Also other matters that affect the future development of non-renewable key and primary fuels'),(46,76,'en','Exponential','Here you will gain an understanding of how consumption is more important than finds of non-renewable energy. Also, other matters that affect the future development of non-renewable key and primary fuels.'),(47,77,'en','Why you need this course','I had a passion for education at a young age. I became valedictorian of my graduating class.'),(48,78,'en','Final Part','Simply put, drip content is the practice of releasing your content to your members in parts.'),(63,94,'en','What is Secure Host?','Overall, installment payment is a flexible and convenient option that can make it easier for customers to make purchases they may not be able to afford upfront.'),(64,95,'en','Why is Secure Host important?','With installment payment, customers are able to pay for a product or service in smaller, more manageable amounts rather than having to pay the full amount upfront.'),(67,98,'en','Introduction',NULL),(68,99,'en','Key Question',NULL),(69,100,'en','Customer Value Proposition','Learn how to define a clear value proposition that communicates the unique benefits your product or service offers to customers.'),(70,101,'en','Sketching your Concept','A Guide on how to conceptualize and outline their product or service, turning ideas into tangible offerings.'),(71,102,'en','Functional Requirement','Determine the key functionalities or features your product or service must have to deliver value.'),(72,103,'en','Use Cases','Practical examples of how customers will use the product or service, helping businesses anticipate challenges and optimize solutions.'),(73,104,'en','Product Service and Validation','Process of testing and validating your product or service to ensure it meets customer needs and market demand.'),(74,105,'en','Final Word','Key lessons and offers concluding advice for successful product and service design.'),(82,113,'en','Understanding Digital Transformation for SMEs','This subsection explores the concept of digital transformation, tailored specifically for SMEs. It covers the benefits of adopting digital tools, from increasing efficiency to improving customer satisfaction, and highlights why digital transformation is critical for small and medium businesses in todays economy.'),(83,114,'en','Selecting the Right Tools for Your Business','This subsection provides a guide to identifying and choosing digital tools that align with your business needs, such as project management software, CRM systems, and cloud-based solutions. It focuses on assessing functionality, cost, and scalability to ensure you select tools that can grow with your business.'),(84,115,'en','Introduction to Courtroom Management','Here\'s a brief introduction into courtroom management'),(85,116,'en','Common Mistakes while in court','Here are common mistakes to avoid while in court'),(86,117,'en','What is a Court Automation Process','Here\'s all you need to know about court automation'),(87,118,'en','Electronic Filing','Here\'s all you need to know about electronic filing systems'),(88,119,'en','Social Justice in all its entirety','In this course we\'ll discuss what social justice is all about'),(89,120,'en','Achieving Gender Equality From a Legal Perspective','Achieving Gender Equality From a Legal Perspective'),(90,121,'en','The Ethics of the Legal Profession','Ethics of the Legal Profession'),(91,122,'en','Being Professional in the Legal Profession','Being Professional in the Legal Profession');
/*!40000 ALTER TABLE `file_translations` ENABLE KEYS */;
UNLOCK TABLES;

--
-- Table structure for table `files`
--

DROP TABLE IF EXISTS `files`;
/*!40101 SET @saved_cs_client     = @@character_set_client */;
/*!50503 SET character_set_client = utf8mb4 */;
CREATE TABLE `files` (
  `id` int unsigned NOT NULL AUTO_INCREMENT,
  `creator_id` int unsigned NOT NULL,
  `webinar_id` int unsigned NOT NULL,
  `chapter_id` int unsigned DEFAULT NULL,
  `accessibility` enum('free','paid') CHARACTER SET utf8mb4 COLLATE utf8mb4_unicode_ci NOT NULL,
  `downloadable` tinyint(1) DEFAULT '0',
  `storage` enum('upload','youtube','vimeo','external_link','google_drive','dropbox','iframe','s3','upload_archive','secure_host') CHARACTER SET utf8mb4 COLLATE utf8mb4_unicode_ci NOT NULL,
  `file` text CHARACTER SET utf8mb4 COLLATE utf8mb4_unicode_ci NOT NULL,
  `volume` varchar(64) CHARACTER SET utf8mb4 COLLATE utf8mb4_unicode_ci NOT NULL,
  `file_type` varchar(64) CHARACTER SET utf8mb4 COLLATE utf8mb4_unicode_ci NOT NULL,
  `secure_host_upload_type` enum('direct','manual') CHARACTER SET utf8mb4 COLLATE utf8mb4_unicode_ci DEFAULT NULL,
  `interactive_type` enum('adobe_captivate','i_spring','custom') CHARACTER SET utf8mb4 COLLATE utf8mb4_unicode_ci DEFAULT NULL,
  `interactive_file_name` varchar(255) CHARACTER SET utf8mb4 COLLATE utf8mb4_unicode_ci DEFAULT NULL,
  `interactive_file_path` varchar(255) CHARACTER SET utf8mb4 COLLATE utf8mb4_unicode_ci DEFAULT NULL,
  `check_previous_parts` tinyint(1) NOT NULL DEFAULT '0',
  `access_after_day` int unsigned DEFAULT NULL,
  `online_viewer` tinyint(1) NOT NULL DEFAULT '0',
  `order` int unsigned DEFAULT NULL,
  `status` enum('active','inactive') CHARACTER SET utf8mb4 COLLATE utf8mb4_unicode_ci NOT NULL DEFAULT 'active',
  `created_at` int NOT NULL,
  `updated_at` int DEFAULT NULL,
  `deleted_at` int DEFAULT NULL,
  PRIMARY KEY (`id`) USING BTREE,
  KEY `files_webinar_id_foreign` (`webinar_id`) USING BTREE,
  KEY `files_creator_id_foreign` (`creator_id`) USING BTREE,
  KEY `files_chapter_id_foreign` (`chapter_id`),
  CONSTRAINT `files_chapter_id_foreign` FOREIGN KEY (`chapter_id`) REFERENCES `webinar_chapters` (`id`) ON DELETE CASCADE,
  CONSTRAINT `files_creator_id_foreign` FOREIGN KEY (`creator_id`) REFERENCES `users` (`id`) ON DELETE CASCADE,
  CONSTRAINT `files_webinar_id_foreign` FOREIGN KEY (`webinar_id`) REFERENCES `webinars` (`id`) ON DELETE CASCADE
) ENGINE=InnoDB AUTO_INCREMENT=123 DEFAULT CHARSET=utf8mb4 COLLATE=utf8mb4_unicode_ci ROW_FORMAT=DYNAMIC;
/*!40101 SET character_set_client = @saved_cs_client */;

--
-- Dumping data for table `files`
--

LOCK TABLES `files` WRITE;
/*!40000 ALTER TABLE `files` DISABLE KEYS */;
INSERT INTO `files` VALUES (35,934,1997,24,'free',1,'upload','/store/934/Python for Beginners.mp4','7.09 MB','mp4',NULL,NULL,NULL,NULL,0,NULL,0,NULL,'active',1624956937,1635417846,NULL),(36,1015,1998,20,'free',0,'upload','/store/1015/Microsoft Excel - Excel from Beginner to Advanced.mkv','4.10 MB','mkv',NULL,NULL,NULL,NULL,0,NULL,0,NULL,'active',1624966718,1635417493,NULL),(37,1076,1999,9,'free',0,'iframe','<iframe src=\"https://embed.voomly.com/embed/assets/embed.html?videoId=JMu78FWc00AlRBpawp_a98JYLlF5NyiBK382lBpNaLQ-IxE9D&amp;videoRatio=1.777778&amp;type=v&amp;skinColor=%23008EFF\" frameborder=\"0\" allow=\"accelerometer; autoplay; clipboard-write; encrypted-media; gyroscope; picture-in-picture\" allowfullscreen=\"\" width=\"100%\" height=\"100%\"></iframe>','0','video',NULL,NULL,NULL,NULL,0,NULL,0,NULL,'active',1625038371,1734801801,NULL),(38,1076,1999,9,'paid',1,'upload','/store/929/How To Manage & Influence Your Virtual Team.mkv','10.58 MB','mkv',NULL,NULL,NULL,NULL,0,NULL,0,NULL,'active',1625038447,1635414077,NULL),(39,1076,1999,10,'paid',1,'upload','/store/929/How To Manage & Influence Your Virtual Team.mkv','10.58 MB','mkv',NULL,NULL,NULL,NULL,0,NULL,0,NULL,'active',1625038633,1635414206,NULL),(40,1076,1999,10,'paid',1,'upload','/store/929/How To Manage & Influence Your Virtual Team.mkv','10.58 MB','mkv',NULL,NULL,NULL,NULL,0,NULL,0,NULL,'active',1625039003,1635415977,NULL),(41,1076,1999,10,'paid',1,'upload','/store/929/How To Manage & Influence Your Virtual Team.mkv','10.58 MB','mkv',NULL,NULL,NULL,NULL,0,NULL,0,NULL,'active',1625039096,1635416001,NULL),(42,1076,1999,10,'paid',1,'upload','/store/929/How To Manage & Influence Your Virtual Team.mkv','10.58 MB','mkv',NULL,NULL,NULL,NULL,0,NULL,0,NULL,'active',1625039180,1635416049,NULL),(44,863,2002,14,'free',0,'upload','/store/863/Why Your Fitness Matters.mp4','4.72 MB','mp4',NULL,NULL,NULL,NULL,0,NULL,0,NULL,'active',1625123527,1635416995,NULL),(46,929,2004,8,'paid',1,'upload','/store/929/The Future of Energy.mkv','15.00 MB','mkv',NULL,NULL,NULL,NULL,0,NULL,0,NULL,'active',1625685492,1635412637,NULL),(47,929,2004,8,'paid',1,'upload','/store/929/The Future of Energy.mkv','15.00 MB','mkv',NULL,NULL,NULL,NULL,0,NULL,0,NULL,'active',1625685578,1635412643,NULL),(48,929,2004,8,'paid',1,'upload','/store/929/The Future of Energy.mkv','15.00 MB','mkv',NULL,NULL,NULL,NULL,0,NULL,0,NULL,'active',1625685691,1635412656,NULL),(49,4,2005,7,'free',0,'youtube','https://youtu.be/z-xkbNLIB5w','52.00 MB','video',NULL,NULL,NULL,NULL,0,NULL,0,NULL,'active',1625690308,1635412526,NULL),(50,4,2005,7,'paid',0,'youtube','https://youtu.be/jx5jmI0UlXU','75.00 MB','video',NULL,NULL,NULL,NULL,0,NULL,0,NULL,'active',1625690699,1635412541,NULL),(51,4,2005,7,'paid',0,'youtube','https://youtu.be/IyYC-hSFEFQ','168.00 MB','video',NULL,NULL,NULL,NULL,0,NULL,0,NULL,'active',1625690835,1635412551,NULL),(56,867,2007,2,'free',0,'upload','/store/1/123.mp4','7.66 MB','mp4',NULL,NULL,NULL,NULL,0,NULL,0,NULL,'active',1626234339,1635408940,NULL),(57,867,2007,2,'free',1,'upload','/store/867/Travel Management Course.mkv','13.48 MB','mkv',NULL,NULL,NULL,NULL,0,NULL,0,NULL,'active',1626234398,1635407853,NULL),(58,867,2007,3,'free',1,'upload','/store/867/Travel Management Course.mkv','13.48 MB','mkv',NULL,NULL,NULL,NULL,0,NULL,0,NULL,'active',1626234448,1635408073,NULL),(59,867,2007,3,'free',1,'upload','/store/867/Travel Management Course.mkv','13.48 MB','mkv',NULL,NULL,NULL,NULL,0,NULL,0,NULL,'active',1626234512,1635408084,NULL),(60,1015,2008,28,'paid',0,'upload_archive','/store/1015/scorm/ispring.zip','4.76 MB','archive',NULL,'i_spring',NULL,'/store/1015/ispring/story.html',0,NULL,0,NULL,'active',1646119189,1646120896,NULL),(61,1015,2008,28,'paid',0,'upload_archive','/store/1015/scorm/captivate.zip','5.11 MB','archive',NULL,'adobe_captivate',NULL,'/store/1015/captivate/index.html',0,NULL,0,NULL,'active',1646119460,1646120931,NULL),(62,1015,2008,28,'paid',0,'upload_archive','/store/1015/scorm/custom.zip','4.75 MB','archive',NULL,'custom','next.html','/store/1015/custom/next.html',0,NULL,0,NULL,'active',1646119651,NULL,NULL),(63,1015,2008,29,'paid',0,'upload','/store/1015/Learn Linux In 5 Days.mp4','3.95 MB','mp4',NULL,NULL,NULL,NULL,0,NULL,0,1,'active',1646120871,1646124268,NULL),(64,1015,2008,29,'paid',0,'youtube','https://youtu.be/6Vo2v7WCyTs','0 bytes','video',NULL,NULL,NULL,NULL,0,NULL,0,2,'active',1646124099,1646124279,NULL),(65,1015,2008,29,'paid',0,'vimeo','https://vimeo.com/187511962','0 bytes','video',NULL,NULL,NULL,NULL,0,NULL,0,3,'active',1646124765,NULL,NULL),(66,1015,2008,29,'paid',1,'external_link','https://drive.google.com/file/d/18CDM0xG2KdOP6YvvTKEvPvtsb4XfQQF3/view','19.00 MB','archive',NULL,NULL,NULL,NULL,0,NULL,0,6,'active',1646124966,NULL,NULL),(67,1015,2008,29,'paid',0,'google_drive','<iframe src=\"https://drive.google.com/file/d/1pu1TgfcTFJeRU6Venxa46i_pStM4GCwH/preview\" width=\"640\" height=\"480\" allow=\"autoplay\"></iframe>','14.00 MB','video',NULL,NULL,NULL,NULL,0,NULL,0,8,'active',1646125437,1646128112,NULL),(68,1015,2008,29,'paid',0,'google_drive','<iframe src=\"https://drive.google.com/file/d/1BdiQQp3-7SPRdmuqeN8cdkO75U4wbU9i/preview\" width=\"640\" height=\"480\" allow=\"autoplay\"></iframe>','2.00 MB','powerpoint',NULL,NULL,NULL,NULL,0,NULL,0,10,'active',1646126002,1646128083,NULL),(69,1015,2008,29,'paid',0,'google_drive','<iframe src=\"https://drive.google.com/file/d/1KuEkNBCvXxFiWU5U2_Be4LlYLTg4VFq7/preview\" width=\"640\" height=\"480\" allow=\"autoplay\"></iframe>','2.00 MB','pdf',NULL,NULL,NULL,NULL,0,NULL,0,11,'active',1646126305,1646128068,NULL),(70,1015,2008,29,'paid',1,'external_link','https://uploads.rocket-soft.org/lms/Rocket_LMS_App.apk','19.00 MB','project',NULL,NULL,NULL,NULL,0,NULL,0,7,'active',1646126442,1646128137,NULL),(71,1015,2008,29,'paid',0,'iframe','<div style=\"position:relative;padding-bottom:56.25%;height:0;overflow:hidden;\"> <iframe style=\"width:100%;height:100%;position:absolute;left:0px;top:0px;overflow:hidden\" frameborder=\"0\" type=\"text/html\" src=\"https://www.dailymotion.com/embed/video/x88dvcq?autoplay=1\" width=\"100%\" height=\"100%\" allowfullscreen allow=\"autoplay\"> </iframe> </div>','0 bytes','video',NULL,NULL,NULL,NULL,0,NULL,0,9,'active',1646127121,1646127426,NULL),(72,1015,2008,29,'paid',0,'s3','https://s3.us-east-1.amazonaws.com/daghighy/store/1015/UMgeYxq2Z6Pn6C3bnQLBfjZyJNEx8dcvINbSXJtJ.mkv','4.00 MB','video',NULL,NULL,NULL,NULL,0,NULL,0,4,'active',1646130252,1646131442,NULL),(73,1015,2008,29,'paid',1,'s3','https://s3.us-east-1.amazonaws.com/daghighy/store/1015/ZXW0cMcembGqD7aJNnpmV6ft5Ovsf8tAGXogzb0N.pdf','2.00 MB','pdf',NULL,NULL,NULL,NULL,0,NULL,0,5,'active',1646130397,NULL,NULL),(74,929,2010,31,'paid',1,'upload','/store/929/The Future of Energy.mkv','15.00 MB','video',NULL,NULL,NULL,NULL,0,NULL,0,NULL,'active',1655799640,NULL,NULL),(75,929,2010,31,'paid',1,'upload','/store/929/How To Manage & Influence Your Virtual Team.mkv','10.58 MB','video',NULL,NULL,NULL,NULL,1,NULL,0,NULL,'active',1655799735,NULL,NULL),(76,929,2010,31,'paid',1,'upload','/store/929/The Future of Energy.mkv','15.00 MB','video',NULL,NULL,NULL,NULL,1,300,0,NULL,'active',1655800074,1655800089,NULL),(77,929,2010,32,'paid',1,'upload','/store/929/How To Manage & Influence Your Virtual Team.mkv','10.58 MB','video',NULL,NULL,NULL,NULL,0,NULL,0,NULL,'active',1655801399,NULL,NULL),(78,929,2010,33,'paid',1,'upload','/store/929/The Future of Energy.mkv','15.00 MB','video',NULL,NULL,NULL,NULL,0,NULL,0,NULL,'active',1655801529,NULL,NULL),(94,870,2022,41,'paid',0,'secure_host','https://iframe.mediadelivery.net/embed/103639/a81a511e-c34c-4612-9abc-7bd1d689f536?token=$2y$10$xyIUzuZg14eK04IErAjm8eNEJ00mltPt9/15FRVgtVn15H4YhIdS6','5.82 MB','video',NULL,NULL,NULL,NULL,0,NULL,0,NULL,'active',1678911505,NULL,NULL),(95,870,2022,41,'paid',0,'secure_host','https://iframe.mediadelivery.net/embed/103639/06191a1e-156d-42b9-903c-d96b469462e2?token=$2y$10$DmBSyuPsCror/kVsMf5LMeNoHfB65p0gDmszu2m.4Fycm/0KCwXYW','3.95 MB','video',NULL,NULL,NULL,NULL,0,NULL,0,NULL,'active',1678911686,NULL,NULL),(98,1015,2024,45,'free',0,'iframe','<iframe src=\"https://player.vimeo.com/video/797620162?badge=0&amp;autopause=0&amp;player_id=0&amp;app_id=58479\" width=\"1920\" height=\"1080\" frameborder=\"0\" allow=\"autoplay; fullscreen; picture-in-picture; clipboard-write\" title=\"PRODUCT DESIGN AND SERVICES_INTRODUCTION\"></iframe>','0','video','direct',NULL,NULL,NULL,0,NULL,0,NULL,'active',1730212607,NULL,NULL),(99,1015,2024,46,'free',0,'iframe','<iframe src=\"https://player.vimeo.com/video/797622794?badge=0&amp;autopause=0&amp;player_id=0&amp;app_id=58479\" width=\"1920\" height=\"1080\" frameborder=\"0\" allow=\"autoplay; fullscreen; picture-in-picture; clipboard-write\" title=\"PRODUCT DESIGN AND SERVICES_KEY QUESTIONS\"></iframe>','0','video','direct',NULL,NULL,NULL,0,NULL,0,NULL,'active',1730212665,NULL,NULL),(100,1015,2024,47,'free',0,'iframe','<iframe src=\"https://player.vimeo.com/video/797616008?badge=0&amp;autopause=0&amp;player_id=0&amp;app_id=58479\" width=\"1920\" height=\"1080\" frameborder=\"0\" allow=\"autoplay; fullscreen; picture-in-picture; clipboard-write\" title=\"PRODUCT DESIGN AND SERVICES_CUSTOMER VALUE PROPOSITION\"></iframe>','0','video','direct',NULL,NULL,NULL,0,NULL,0,NULL,'active',1730212729,NULL,NULL),(101,1015,2024,48,'free',0,'iframe','<iframe src=\"https://player.vimeo.com/video/797655269?badge=0&amp;autopause=0&amp;player_id=0&amp;app_id=58479\" width=\"1920\" height=\"1080\" frameborder=\"0\" allow=\"autoplay; fullscreen; picture-in-picture; clipboard-write\" title=\"PRODUCT DESIGN AND SERVICES_SKETCHING YOUR CONCEPT\"></iframe>','0','video','direct',NULL,NULL,NULL,0,NULL,0,NULL,'active',1730212783,NULL,NULL),(102,1015,2024,49,'free',0,'iframe','<iframe src=\"https://player.vimeo.com/video/797618315?badge=0&amp;autopause=0&amp;player_id=0&amp;app_id=58479\" width=\"1920\" height=\"1080\" frameborder=\"0\" allow=\"autoplay; fullscreen; picture-in-picture; clipboard-write\" title=\"PRODUCT DESIGN AND SERVICES_FUNCTIONAL REQUIREMENTS\"></iframe>','0','video','direct',NULL,NULL,NULL,0,NULL,0,NULL,'active',1730212821,NULL,NULL),(103,1015,2024,50,'free',0,'iframe','<iframe src=\"https://player.vimeo.com/video/797668421?badge=0&amp;autopause=0&amp;player_id=0&amp;app_id=58479\" width=\"1920\" height=\"1080\" frameborder=\"0\" allow=\"autoplay; fullscreen; picture-in-picture; clipboard-write\" title=\"PRODUCT DESIGN AND SERVICES_USE CASES\"></iframe>','0','video','direct',NULL,NULL,NULL,0,NULL,0,NULL,'active',1730212876,NULL,NULL),(104,1015,2024,51,'free',0,'iframe','<iframe src=\"https://player.vimeo.com/video/797650043?badge=0&amp;autopause=0&amp;player_id=0&amp;app_id=58479\" width=\"1920\" height=\"1080\" frameborder=\"0\" allow=\"autoplay; fullscreen; picture-in-picture; clipboard-write\" title=\"PRODUCT DESIGN AND SERVICES_PRODUCT&amp;SERVICE VALIDATION\"></iframe>','0','video','direct',NULL,NULL,NULL,0,NULL,0,NULL,'active',1730212916,NULL,NULL),(105,1015,2024,52,'free',0,'iframe','<iframe src=\"https://player.vimeo.com/video/797617872?badge=0&amp;autopause=0&amp;player_id=0&amp;app_id=58479\" width=\"1920\" height=\"1080\" frameborder=\"0\" allow=\"autoplay; fullscreen; picture-in-picture; clipboard-write\" title=\"PRODUCT DESIGN AND SERVICES_FINAL WORDS\"></iframe>','0','video','direct',NULL,NULL,NULL,0,NULL,0,NULL,'active',1730212962,NULL,NULL),(113,934,2028,57,'free',0,'vimeo','https://vimeo.com/515770685','0','video','direct',NULL,NULL,NULL,0,NULL,0,NULL,'active',1730598685,NULL,NULL),(114,934,2028,58,'free',0,'vimeo','https://vimeo.com/515771739','0','video','direct',NULL,NULL,NULL,0,NULL,0,NULL,'active',1730598750,NULL,NULL),(115,934,2028,57,'paid',0,'iframe','<iframe src=\"https://embed.voomly.com/embed/assets/embed.html?videoId=lNKZLs2wAwJPhkvLFUn5K5jDylJEAPkd0OcZeVv8ozi_Ql0ZW&amp;videoRatio=1.777778&amp;type=v&amp;skinColor=%23008EFF\" frameborder=\"0\" allow=\"accelerometer; autoplay; clipboard-write; encrypted-media; gyroscope; picture-in-picture\" allowfullscreen=\"\" width=\"100%\" height=\"100%\"></iframe>','0','video','direct',NULL,NULL,NULL,0,NULL,0,NULL,'active',1734801456,NULL,NULL),(116,934,2028,58,'paid',0,'iframe','<iframe src=\"https://embed.voomly.com/embed/assets/embed.html?videoId=JMu78FWc00AlRBpawp_a98JYLlF5NyiBK382lBpNaLQ-IxE9D&amp;videoRatio=1.777778&amp;type=v&amp;skinColor=%23008EFF\" frameborder=\"0\" allow=\"accelerometer; autoplay; clipboard-write; encrypted-media; gyroscope; picture-in-picture\" allowfullscreen=\"\" width=\"100%\" height=\"100%\"></iframe>','0','video','direct',NULL,NULL,NULL,0,NULL,0,NULL,'active',1734801495,NULL,NULL),(117,1015,2027,61,'paid',0,'iframe','<iframe src=\"https://embed.voomly.com/embed/assets/embed.html?videoId=JMu78FWc00AlRBpawp_a98JYLlF5NyiBK382lBpNaLQ-IxE9D&amp;videoRatio=1.777778&amp;type=v&amp;skinColor=%23008EFF\" frameborder=\"0\" allow=\"accelerometer; autoplay; clipboard-write; encrypted-media; gyroscope; picture-in-picture\" allowfullscreen=\"\" width=\"100%\" height=\"100%\"></iframe>','0','video','direct',NULL,NULL,NULL,0,NULL,0,NULL,'active',1734801646,NULL,NULL),(118,1015,2027,62,'paid',0,'iframe','<iframe src=\"https://embed.voomly.com/embed/assets/embed.html?videoId=JMu78FWc00AlRBpawp_a98JYLlF5NyiBK382lBpNaLQ-IxE9D&amp;videoRatio=1.777778&amp;type=v&amp;skinColor=%23008EFF\" frameborder=\"0\" allow=\"accelerometer; autoplay; clipboard-write; encrypted-media; gyroscope; picture-in-picture\" allowfullscreen=\"\" width=\"100%\" height=\"100%\"></iframe>','0','video','direct',NULL,NULL,NULL,0,NULL,0,NULL,'active',1734801708,NULL,NULL),(119,934,2031,63,'free',0,'iframe','<iframe src=\"https://embed.voomly.com/embed/assets/embed.html?videoId=JMu78FWc00AlRBpawp_a98JYLlF5NyiBK382lBpNaLQ-IxE9D&amp;videoRatio=1.777778&amp;type=v&amp;skinColor=%23008EFF\" frameborder=\"0\" allow=\"accelerometer; autoplay; clipboard-write; encrypted-media; gyroscope; picture-in-picture\" allowfullscreen=\"\" width=\"100%\" height=\"100%\"></iframe>','0','video','direct',NULL,NULL,NULL,0,NULL,0,NULL,'active',1734801949,NULL,NULL),(120,934,2031,64,'free',0,'iframe','<iframe src=\"https://embed.voomly.com/embed/assets/embed.html?videoId=JMu78FWc00AlRBpawp_a98JYLlF5NyiBK382lBpNaLQ-IxE9D&amp;videoRatio=1.777778&amp;type=v&amp;skinColor=%23008EFF\" frameborder=\"0\" allow=\"accelerometer; autoplay; clipboard-write; encrypted-media; gyroscope; picture-in-picture\" allowfullscreen=\"\" width=\"100%\" height=\"100%\"></iframe>','0','video','direct',NULL,NULL,NULL,0,NULL,0,NULL,'active',1734801986,NULL,NULL),(121,934,2029,65,'free',0,'iframe','<iframe src=\"https://embed.voomly.com/embed/assets/embed.html?videoId=lNKZLs2wAwJPhkvLFUn5K5jDylJEAPkd0OcZeVv8ozi_Ql0ZW&amp;videoRatio=1.777778&amp;type=v&amp;skinColor=%23008EFF\" frameborder=\"0\" allow=\"accelerometer; autoplay; clipboard-write; encrypted-media; gyroscope; picture-in-picture\" allowfullscreen=\"\" width=\"100%\" height=\"100%\"></iframe>','0','video','direct',NULL,NULL,NULL,0,NULL,0,NULL,'active',1734802361,NULL,NULL),(122,934,2029,66,'free',0,'iframe','<iframe src=\"https://embed.voomly.com/embed/assets/embed.html?videoId=lNKZLs2wAwJPhkvLFUn5K5jDylJEAPkd0OcZeVv8ozi_Ql0ZW&amp;videoRatio=1.777778&amp;type=v&amp;skinColor=%23008EFF\" frameborder=\"0\" allow=\"accelerometer; autoplay; clipboard-write; encrypted-media; gyroscope; picture-in-picture\" allowfullscreen=\"\" width=\"100%\" height=\"100%\"></iframe>','0','video','direct',NULL,NULL,NULL,0,NULL,0,NULL,'active',1734802402,NULL,NULL);
/*!40000 ALTER TABLE `files` ENABLE KEYS */;
UNLOCK TABLES;

--
-- Table structure for table `filter_option_translations`
--

DROP TABLE IF EXISTS `filter_option_translations`;
/*!40101 SET @saved_cs_client     = @@character_set_client */;
/*!50503 SET character_set_client = utf8mb4 */;
CREATE TABLE `filter_option_translations` (
  `id` bigint unsigned NOT NULL AUTO_INCREMENT,
  `filter_option_id` int unsigned NOT NULL,
  `locale` varchar(255) CHARACTER SET utf8mb4 COLLATE utf8mb4_unicode_ci NOT NULL,
  `title` varchar(255) CHARACTER SET utf8mb4 COLLATE utf8mb4_unicode_ci NOT NULL,
  PRIMARY KEY (`id`),
  KEY `filter_option_translations_filter_option_id_foreign` (`filter_option_id`),
  KEY `filter_option_translations_locale_index` (`locale`),
  CONSTRAINT `filter_option_translations_filter_option_id_foreign` FOREIGN KEY (`filter_option_id`) REFERENCES `filter_options` (`id`) ON DELETE CASCADE
) ENGINE=InnoDB AUTO_INCREMENT=1227 DEFAULT CHARSET=utf8mb4 COLLATE=utf8mb4_unicode_ci;
/*!40101 SET character_set_client = @saved_cs_client */;

--
-- Dumping data for table `filter_option_translations`
--

LOCK TABLES `filter_option_translations` WRITE;
/*!40000 ALTER TABLE `filter_option_translations` DISABLE KEYS */;
INSERT INTO `filter_option_translations` VALUES (1,9114,'en','Beginner'),(2,9115,'en','Intermediate'),(3,9116,'en','Expert'),(4,9117,'en','Beginner'),(5,9118,'en','Intermediate'),(6,9119,'en','Expert'),(7,9120,'en','Beginner'),(8,9121,'en','Intermediate'),(9,9122,'en','Expert'),(10,9123,'en','Beginner'),(11,9124,'en','Intermediate'),(12,9125,'en','Expert'),(13,9126,'en','Beginner'),(14,9127,'en','Intermediate'),(15,9128,'en','Expert'),(16,9129,'en','Beginner'),(17,9130,'en','Intermediate'),(18,9131,'en','Intermediate'),(19,9132,'en','Beginner'),(20,9133,'en','Intermediate'),(21,9134,'en','Expert'),(22,9135,'en','Beginner'),(23,9136,'en','Intermediate'),(24,9137,'en','Expert'),(25,9138,'en','Beginner'),(26,9139,'en','Intermediate'),(27,9140,'en','Expert'),(28,9141,'en','Beginner'),(29,9142,'en','Intermediate'),(30,9143,'en','Expert'),(31,9144,'en','Beginner'),(32,9145,'en','Intermediate'),(33,9146,'en','Expert'),(34,9147,'en','Beginner'),(35,9148,'en','Intermediate'),(36,9149,'en','Expert'),(37,9150,'en','Beginner'),(38,9151,'en','Intermediate'),(39,9152,'en','Expert'),(40,9153,'en','Beginner'),(41,9154,'en','Intermediate'),(42,9155,'en','Expert'),(43,9156,'en','English'),(44,9157,'en','Portugus'),(45,9158,'en','Espaol'),(46,9159,'en',''),(47,9160,'en',''),(48,9161,'en','English'),(49,9162,'en','Portugus'),(50,9163,'en','Espaol'),(51,9164,'en',''),(52,9165,'en',''),(53,9166,'en','English'),(54,9167,'en','Portugus'),(55,9168,'en','Espaol'),(56,9169,'en',''),(57,9170,'en',''),(58,9171,'en','English'),(59,9172,'en','Portugus'),(60,9173,'en','Espaol'),(61,9174,'en',''),(62,9175,'en',''),(63,9176,'en','English'),(64,9177,'en','Portugus'),(65,9178,'en','Espaol'),(66,9179,'en',''),(67,9180,'en',''),(68,9181,'en','English'),(69,9182,'en','Portugus'),(70,9183,'en','Espaol'),(71,9184,'en',''),(72,9185,'en',''),(73,9186,'en','English'),(74,9187,'en','Portugus'),(75,9188,'en','Espaol'),(76,9189,'en',''),(77,9190,'en',''),(78,9191,'en','English'),(79,9192,'en','Portugus'),(80,9193,'en','Espaol'),(81,9194,'en',''),(82,9195,'en',''),(83,9196,'en','English'),(84,9197,'en','Portugus'),(85,9198,'en','Espaol'),(86,9199,'en',''),(87,9200,'en',''),(88,9206,'en','English'),(89,9207,'en','Portugus'),(90,9208,'en','Espaol'),(91,9209,'en',''),(92,9210,'en',''),(93,9211,'en','English'),(94,9212,'en','Portugus'),(95,9213,'en','Espaol'),(96,9214,'en',''),(97,9215,'en',''),(98,9216,'en','English'),(99,9217,'en','Portugus'),(100,9218,'en','Espaol'),(101,9219,'en',''),(102,9220,'en',''),(103,9221,'en','English'),(104,9222,'en','Portugus'),(105,9223,'en','Espaol'),(106,9224,'en',''),(107,9225,'en',''),(108,9226,'en','English'),(109,9227,'en','Portugus'),(110,9228,'en','Espaol'),(111,9229,'en',''),(112,9230,'en',''),(113,9231,'en','Photoshop'),(114,9232,'en','Adobe Illustrator'),(115,9233,'en','Blender'),(116,9234,'en','3D Modeling'),(117,9235,'en','After Effects'),(118,9236,'en','Math'),(119,9237,'en','Algebra'),(120,9238,'en','Calculus'),(121,9239,'en','Statistics'),(122,9240,'en','Physics'),(123,9241,'en','Chemistry'),(124,9242,'en','Biology'),(125,9243,'en','Genetics'),(126,9244,'en','English Language'),(127,9245,'en','English Grammar'),(128,9246,'en','Spanish Language'),(129,9247,'en','Arabic Language'),(130,9248,'en','IELTS'),(131,9249,'en','Yoga'),(132,9250,'en','Fitness'),(133,9251,'en','Health'),(134,9252,'en','Dance'),(135,9253,'en','Chess'),(136,9254,'en','Cooking'),(137,9255,'en','Drawing'),(138,9256,'en','Reiki'),(139,9257,'en','Makeup Artistry'),(140,9258,'en','Hair Styling'),(141,9259,'en','Skincare'),(142,9260,'en','Fashion'),(143,9261,'en','Nail Art'),(144,9262,'en','Digital Marketing'),(145,9263,'en','SEO'),(146,9264,'en','Marketing Strategy'),(147,9265,'en','Social Media Marketing'),(148,9266,'en','Leadership'),(149,9267,'en','Management Skills'),(150,9268,'en','ISO 9001'),(151,9269,'en','Manager Training'),(152,9270,'en','Communication Skills'),(153,9271,'en','Presentation Skills'),(154,9272,'en','Public Speaking'),(155,9273,'en','Business Communication'),(156,9274,'en','Writing'),(157,9275,'en','Business Strategy'),(158,9276,'en','Strategic Planning'),(159,9277,'en','Marketing Strategy'),(160,9278,'en','Innovation'),(161,9279,'en','HTML'),(162,9280,'en','CSS'),(163,9281,'en','PHP'),(164,9282,'en','JavaScript'),(165,9283,'en','Laravel'),(166,9284,'en','Android Development'),(167,9285,'en','iOS Development'),(168,9286,'en','Google Flutter'),(169,9287,'en','React NativeKotlin'),(170,9288,'en','Unity'),(171,9289,'en','Unreal Engine'),(172,9290,'en','Unreal Engine Blueprints'),(173,9291,'en','3D Game Development'),(174,9292,'en','Game Development Fundamentals');
/*!40000 ALTER TABLE `filter_option_translations` ENABLE KEYS */;
UNLOCK TABLES;

--
-- Table structure for table `filter_options`
--

DROP TABLE IF EXISTS `filter_options`;
/*!40101 SET @saved_cs_client     = @@character_set_client */;
/*!50503 SET character_set_client = utf8mb4 */;
CREATE TABLE `filter_options` (
  `id` int unsigned NOT NULL AUTO_INCREMENT,
  `filter_id` int unsigned NOT NULL,
  `order` int unsigned DEFAULT NULL,
  PRIMARY KEY (`id`) USING BTREE,
  KEY `filter_options_filter_id_foreign` (`filter_id`) USING BTREE,
  CONSTRAINT `filter_options_filter_id_foreign` FOREIGN KEY (`filter_id`) REFERENCES `filters` (`id`) ON DELETE CASCADE
) ENGINE=InnoDB AUTO_INCREMENT=9293 DEFAULT CHARSET=utf8mb4 COLLATE=utf8mb4_unicode_ci ROW_FORMAT=DYNAMIC;
/*!40101 SET character_set_client = @saved_cs_client */;

--
-- Dumping data for table `filter_options`
--

LOCK TABLES `filter_options` WRITE;
/*!40000 ALTER TABLE `filter_options` DISABLE KEYS */;
INSERT INTO `filter_options` VALUES (9114,1805,1),(9115,1805,2),(9116,1805,3),(9117,1806,1),(9118,1806,2),(9119,1806,3),(9120,1807,1),(9121,1807,2),(9122,1807,3),(9123,1808,1),(9124,1808,2),(9125,1808,3),(9126,1809,1),(9127,1809,2),(9128,1809,3),(9129,1810,1),(9130,1810,2),(9131,1810,3),(9132,1811,1),(9133,1811,2),(9134,1811,3),(9135,1812,1),(9136,1812,2),(9137,1812,3),(9138,1813,1),(9139,1813,2),(9140,1813,3),(9141,1814,1),(9142,1814,2),(9143,1814,3),(9144,1815,1),(9145,1815,2),(9146,1815,3),(9147,1816,1),(9148,1816,2),(9149,1816,3),(9150,1817,1),(9151,1817,2),(9152,1817,3),(9153,1818,1),(9154,1818,2),(9155,1818,3),(9156,1819,1),(9157,1819,3),(9158,1819,2),(9159,1819,4),(9160,1819,5),(9161,1820,1),(9162,1820,3),(9163,1820,2),(9164,1820,4),(9165,1820,5),(9166,1821,1),(9167,1821,3),(9168,1821,2),(9169,1821,4),(9170,1821,5),(9171,1822,1),(9172,1822,3),(9173,1822,2),(9174,1822,4),(9175,1822,5),(9176,1823,1),(9177,1823,3),(9178,1823,2),(9179,1823,4),(9180,1823,5),(9181,1824,1),(9182,1824,3),(9183,1824,2),(9184,1824,4),(9185,1824,5),(9186,1825,1),(9187,1825,3),(9188,1825,2),(9189,1825,4),(9190,1825,5),(9191,1826,1),(9192,1826,3),(9193,1826,2),(9194,1826,4),(9195,1826,5),(9196,1827,1),(9197,1827,3),(9198,1827,2),(9199,1827,4),(9200,1827,5),(9206,1829,1),(9207,1829,3),(9208,1829,2),(9209,1829,4),(9210,1829,5),(9211,1830,1),(9212,1830,3),(9213,1830,2),(9214,1830,4),(9215,1830,5),(9216,1831,1),(9217,1831,3),(9218,1831,2),(9219,1831,4),(9220,1831,5),(9221,1832,1),(9222,1832,3),(9223,1832,2),(9224,1832,4),(9225,1832,5),(9226,1833,1),(9227,1833,3),(9228,1833,2),(9229,1833,4),(9230,1833,5),(9231,1834,1),(9232,1834,2),(9233,1834,3),(9234,1834,4),(9235,1834,5),(9236,1835,1),(9237,1835,2),(9238,1835,3),(9239,1835,4),(9240,1836,1),(9241,1836,2),(9242,1836,3),(9243,1836,4),(9244,1837,1),(9245,1837,2),(9246,1837,3),(9247,1837,4),(9248,1837,5),(9249,1838,1),(9250,1838,2),(9251,1838,3),(9252,1838,4),(9253,1839,3),(9254,1839,1),(9255,1839,2),(9256,1839,4),(9257,1840,1),(9258,1840,2),(9259,1840,3),(9260,1840,4),(9261,1840,5),(9262,1841,1),(9263,1841,2),(9264,1841,3),(9265,1841,4),(9266,1842,1),(9267,1842,2),(9268,1842,3),(9269,1842,4),(9270,1843,1),(9271,1843,2),(9272,1843,3),(9273,1843,4),(9274,1843,5),(9275,1844,1),(9276,1844,2),(9277,1844,3),(9278,1844,4),(9279,1845,1),(9280,1845,2),(9281,1845,3),(9282,1845,4),(9283,1845,5),(9284,1846,1),(9285,1846,2),(9286,1846,3),(9287,1846,4),(9288,1847,1),(9289,1847,2),(9290,1847,3),(9291,1847,4),(9292,1847,5);
/*!40000 ALTER TABLE `filter_options` ENABLE KEYS */;
UNLOCK TABLES;

--
-- Table structure for table `filter_translations`
--

DROP TABLE IF EXISTS `filter_translations`;
/*!40101 SET @saved_cs_client     = @@character_set_client */;
/*!50503 SET character_set_client = utf8mb4 */;
CREATE TABLE `filter_translations` (
  `id` bigint unsigned NOT NULL AUTO_INCREMENT,
  `filter_id` int unsigned NOT NULL,
  `locale` varchar(255) CHARACTER SET utf8mb4 COLLATE utf8mb4_unicode_ci NOT NULL,
  `title` varchar(255) CHARACTER SET utf8mb4 COLLATE utf8mb4_unicode_ci NOT NULL,
  PRIMARY KEY (`id`),
  KEY `filter_translations_filter_id_foreign` (`filter_id`),
  KEY `filter_translations_locale_index` (`locale`),
  CONSTRAINT `filter_translations_filter_id_foreign` FOREIGN KEY (`filter_id`) REFERENCES `filters` (`id`) ON DELETE CASCADE
) ENGINE=InnoDB AUTO_INCREMENT=278 DEFAULT CHARSET=utf8mb4 COLLATE=utf8mb4_unicode_ci;
/*!40101 SET character_set_client = @saved_cs_client */;

--
-- Dumping data for table `filter_translations`
--

LOCK TABLES `filter_translations` WRITE;
/*!40000 ALTER TABLE `filter_translations` DISABLE KEYS */;
INSERT INTO `filter_translations` VALUES (1,1805,'en','Level'),(2,1806,'en','Level'),(3,1807,'en','Level'),(4,1808,'en','Level'),(5,1809,'en','Level'),(6,1810,'en','Level'),(7,1811,'en','Level'),(8,1812,'en','Level'),(9,1813,'en','Level'),(10,1814,'en','Level'),(11,1815,'en','Level'),(12,1816,'en','Level'),(13,1817,'en','Level'),(14,1818,'en','Level'),(15,1819,'en','Language'),(16,1820,'en','Language'),(17,1821,'en','Language'),(18,1822,'en','Language'),(19,1823,'en','Language'),(20,1824,'en','Language'),(21,1825,'en','Language'),(22,1826,'en','Language'),(23,1827,'en','Language'),(24,1829,'en','Language'),(25,1830,'en','Language'),(26,1831,'en','Language'),(27,1832,'en','Language'),(28,1833,'en','Language'),(29,1834,'en','Topic'),(30,1835,'en','Topic'),(31,1836,'en','Topic'),(32,1837,'en','Topic'),(33,1838,'en','Topic'),(34,1839,'en','Topic'),(35,1840,'en','Topic'),(36,1841,'en','Topic'),(37,1842,'en','Topic'),(38,1843,'en','Topic'),(39,1844,'en','Topic'),(40,1845,'en','Topic'),(41,1846,'en','Topic'),(42,1847,'en','Topic');
/*!40000 ALTER TABLE `filter_translations` ENABLE KEYS */;
UNLOCK TABLES;

--
-- Table structure for table `filters`
--

DROP TABLE IF EXISTS `filters`;
/*!40101 SET @saved_cs_client     = @@character_set_client */;
/*!50503 SET character_set_client = utf8mb4 */;
CREATE TABLE `filters` (
  `id` int unsigned NOT NULL AUTO_INCREMENT,
  `category_id` int unsigned NOT NULL,
  PRIMARY KEY (`id`) USING BTREE,
  KEY `filters_category_id_foreign` (`category_id`) USING BTREE,
  CONSTRAINT `filters_category_id_foreign` FOREIGN KEY (`category_id`) REFERENCES `categories` (`id`) ON DELETE CASCADE
) ENGINE=InnoDB AUTO_INCREMENT=1848 DEFAULT CHARSET=utf8mb4 COLLATE=utf8mb4_unicode_ci ROW_FORMAT=DYNAMIC;
/*!40101 SET character_set_client = @saved_cs_client */;

--
-- Dumping data for table `filters`
--

LOCK TABLES `filters` WRITE;
/*!40000 ALTER TABLE `filters` DISABLE KEYS */;
INSERT INTO `filters` VALUES (1805,520),(1819,520),(1834,520),(1809,523),(1823,523),(1838,523),(1812,525),(1826,525),(1841,525),(1806,601),(1820,601),(1835,601),(1807,602),(1821,602),(1836,602),(1808,603),(1822,603),(1837,603),(1810,604),(1824,604),(1839,604),(1811,605),(1825,605),(1840,605),(1816,606),(1831,606),(1845,606),(1817,607),(1832,607),(1846,607),(1818,608),(1833,608),(1847,608),(1813,609),(1827,609),(1842,609),(1814,610),(1829,610),(1843,610),(1815,611),(1830,611),(1844,611);
/*!40000 ALTER TABLE `filters` ENABLE KEYS */;
UNLOCK TABLES;

--
-- Table structure for table `floating_bar_translations`
--

DROP TABLE IF EXISTS `floating_bar_translations`;
/*!40101 SET @saved_cs_client     = @@character_set_client */;
/*!50503 SET character_set_client = utf8mb4 */;
CREATE TABLE `floating_bar_translations` (
  `id` int unsigned NOT NULL AUTO_INCREMENT,
  `floating_bar_id` int unsigned NOT NULL,
  `locale` varchar(255) CHARACTER SET utf8mb4 COLLATE utf8mb4_unicode_ci NOT NULL,
  `title` varchar(255) CHARACTER SET utf8mb4 COLLATE utf8mb4_unicode_ci DEFAULT NULL,
  `description` text CHARACTER SET utf8mb4 COLLATE utf8mb4_unicode_ci,
  `btn_text` varchar(255) CHARACTER SET utf8mb4 COLLATE utf8mb4_unicode_ci DEFAULT NULL,
  PRIMARY KEY (`id`),
  KEY `floating_bar_translations_floating_bar_id_foreign` (`floating_bar_id`),
  KEY `floating_bar_translations_locale_index` (`locale`),
  CONSTRAINT `floating_bar_translations_floating_bar_id_foreign` FOREIGN KEY (`floating_bar_id`) REFERENCES `floating_bars` (`id`) ON DELETE CASCADE
) ENGINE=InnoDB AUTO_INCREMENT=4 DEFAULT CHARSET=utf8mb4 COLLATE=utf8mb4_unicode_ci;
/*!40101 SET character_set_client = @saved_cs_client */;

--
-- Dumping data for table `floating_bar_translations`
--

LOCK TABLES `floating_bar_translations` WRITE;
/*!40000 ALTER TABLE `floating_bar_translations` DISABLE KEYS */;
INSERT INTO `floating_bar_translations` VALUES (3,2,'en','New Years Day Celebration','Get all courses with 50 to 70% off without any limitation','View Courses');
/*!40000 ALTER TABLE `floating_bar_translations` ENABLE KEYS */;
UNLOCK TABLES;

--
-- Table structure for table `floating_bars`
--

DROP TABLE IF EXISTS `floating_bars`;
/*!40101 SET @saved_cs_client     = @@character_set_client */;
/*!50503 SET character_set_client = utf8mb4 */;
CREATE TABLE `floating_bars` (
  `id` int unsigned NOT NULL AUTO_INCREMENT,
  `start_at` bigint DEFAULT NULL,
  `end_at` bigint DEFAULT NULL,
  `title_color` varchar(255) CHARACTER SET utf8mb4 COLLATE utf8mb4_unicode_ci DEFAULT NULL,
  `description_color` varchar(255) CHARACTER SET utf8mb4 COLLATE utf8mb4_unicode_ci DEFAULT NULL,
  `icon` varchar(255) CHARACTER SET utf8mb4 COLLATE utf8mb4_unicode_ci DEFAULT NULL,
  `background_color` varchar(255) CHARACTER SET utf8mb4 COLLATE utf8mb4_unicode_ci DEFAULT NULL,
  `background_image` varchar(255) CHARACTER SET utf8mb4 COLLATE utf8mb4_unicode_ci DEFAULT NULL,
  `btn_url` varchar(255) CHARACTER SET utf8mb4 COLLATE utf8mb4_unicode_ci DEFAULT NULL,
  `btn_color` varchar(255) CHARACTER SET utf8mb4 COLLATE utf8mb4_unicode_ci DEFAULT NULL,
  `btn_text_color` varchar(255) CHARACTER SET utf8mb4 COLLATE utf8mb4_unicode_ci DEFAULT NULL,
  `bar_height` int DEFAULT NULL,
  `position` enum('top','bottom') CHARACTER SET utf8mb4 COLLATE utf8mb4_unicode_ci NOT NULL,
  `fixed` tinyint(1) NOT NULL DEFAULT '0',
  `enable` tinyint(1) NOT NULL DEFAULT '0',
  PRIMARY KEY (`id`)
) ENGINE=InnoDB AUTO_INCREMENT=3 DEFAULT CHARSET=utf8mb4 COLLATE=utf8mb4_unicode_ci;
/*!40101 SET character_set_client = @saved_cs_client */;

--
-- Dumping data for table `floating_bars`
--

LOCK TABLES `floating_bars` WRITE;
/*!40000 ALTER TABLE `floating_bars` DISABLE KEYS */;
INSERT INTO `floating_bars` VALUES (2,1678456800,1755727200,'#2d2d2d','#b3b3b3','/store/1/topnav_icon.svg','#1f3b64','/store/1/topnav_background.jpg','/classes?discount=on','#feb702','#ffffff',70,'top',1,0);
/*!40000 ALTER TABLE `floating_bars` ENABLE KEYS */;
UNLOCK TABLES;

--
-- Table structure for table `follows`
--

DROP TABLE IF EXISTS `follows`;
/*!40101 SET @saved_cs_client     = @@character_set_client */;
/*!50503 SET character_set_client = utf8mb4 */;
CREATE TABLE `follows` (
  `id` int unsigned NOT NULL AUTO_INCREMENT,
  `follower` int unsigned NOT NULL,
  `user_id` int unsigned NOT NULL,
  `status` enum('requested','accepted','rejected') CHARACTER SET utf8mb4 COLLATE utf8mb4_unicode_ci NOT NULL,
  PRIMARY KEY (`id`) USING BTREE,
  KEY `follows_follower_foreign` (`follower`) USING BTREE,
  KEY `follows_user_id_foreign` (`user_id`) USING BTREE,
  CONSTRAINT `follows_follower_foreign` FOREIGN KEY (`follower`) REFERENCES `users` (`id`) ON DELETE CASCADE,
  CONSTRAINT `follows_user_id_foreign` FOREIGN KEY (`user_id`) REFERENCES `users` (`id`) ON DELETE CASCADE
) ENGINE=InnoDB AUTO_INCREMENT=23 DEFAULT CHARSET=utf8mb4 COLLATE=utf8mb4_unicode_ci ROW_FORMAT=DYNAMIC;
/*!40101 SET character_set_client = @saved_cs_client */;

--
-- Dumping data for table `follows`
--

LOCK TABLES `follows` WRITE;
/*!40000 ALTER TABLE `follows` DISABLE KEYS */;
INSERT INTO `follows` VALUES (20,1060,934,'accepted'),(21,1114,929,'accepted'),(22,1121,934,'accepted');
/*!40000 ALTER TABLE `follows` ENABLE KEYS */;
UNLOCK TABLES;

--
-- Table structure for table `form_field_option_translations`
--

DROP TABLE IF EXISTS `form_field_option_translations`;
/*!40101 SET @saved_cs_client     = @@character_set_client */;
/*!50503 SET character_set_client = utf8mb4 */;
CREATE TABLE `form_field_option_translations` (
  `id` int unsigned NOT NULL AUTO_INCREMENT,
  `form_field_option_id` int unsigned NOT NULL,
  `locale` varchar(255) CHARACTER SET utf8mb4 COLLATE utf8mb4_unicode_ci NOT NULL,
  `title` varchar(255) CHARACTER SET utf8mb4 COLLATE utf8mb4_unicode_ci NOT NULL,
  PRIMARY KEY (`id`),
  KEY `form_field_option_id_trans` (`form_field_option_id`),
  KEY `form_field_option_translations_locale_index` (`locale`),
  CONSTRAINT `form_field_option_id_trans` FOREIGN KEY (`form_field_option_id`) REFERENCES `form_field_options` (`id`) ON DELETE CASCADE
) ENGINE=InnoDB AUTO_INCREMENT=13 DEFAULT CHARSET=utf8mb4 COLLATE=utf8mb4_unicode_ci;
/*!40101 SET character_set_client = @saved_cs_client */;

--
-- Dumping data for table `form_field_option_translations`
--

LOCK TABLES `form_field_option_translations` WRITE;
/*!40000 ALTER TABLE `form_field_option_translations` DISABLE KEYS */;
INSERT INTO `form_field_option_translations` VALUES (11,11,'en','Male'),(12,12,'en','Female');
/*!40000 ALTER TABLE `form_field_option_translations` ENABLE KEYS */;
UNLOCK TABLES;

--
-- Table structure for table `form_field_options`
--

DROP TABLE IF EXISTS `form_field_options`;
/*!40101 SET @saved_cs_client     = @@character_set_client */;
/*!50503 SET character_set_client = utf8mb4 */;
CREATE TABLE `form_field_options` (
  `id` int unsigned NOT NULL AUTO_INCREMENT,
  `form_field_id` int unsigned NOT NULL,
  `order` int DEFAULT NULL,
  PRIMARY KEY (`id`),
  KEY `form_field_options_form_field_id_foreign` (`form_field_id`),
  CONSTRAINT `form_field_options_form_field_id_foreign` FOREIGN KEY (`form_field_id`) REFERENCES `form_fields` (`id`) ON DELETE CASCADE
) ENGINE=InnoDB AUTO_INCREMENT=13 DEFAULT CHARSET=utf8mb4 COLLATE=utf8mb4_unicode_ci;
/*!40101 SET character_set_client = @saved_cs_client */;

--
-- Dumping data for table `form_field_options`
--

LOCK TABLES `form_field_options` WRITE;
/*!40000 ALTER TABLE `form_field_options` DISABLE KEYS */;
INSERT INTO `form_field_options` VALUES (11,15,NULL),(12,15,NULL);
/*!40000 ALTER TABLE `form_field_options` ENABLE KEYS */;
UNLOCK TABLES;

--
-- Table structure for table `form_field_translations`
--

DROP TABLE IF EXISTS `form_field_translations`;
/*!40101 SET @saved_cs_client     = @@character_set_client */;
/*!50503 SET character_set_client = utf8mb4 */;
CREATE TABLE `form_field_translations` (
  `id` int unsigned NOT NULL AUTO_INCREMENT,
  `form_field_id` int unsigned NOT NULL,
  `locale` varchar(255) CHARACTER SET utf8mb4 COLLATE utf8mb4_unicode_ci NOT NULL,
  `title` varchar(255) CHARACTER SET utf8mb4 COLLATE utf8mb4_unicode_ci NOT NULL,
  PRIMARY KEY (`id`),
  KEY `form_field_translations_form_field_id_foreign` (`form_field_id`),
  KEY `form_field_translations_locale_index` (`locale`),
  CONSTRAINT `form_field_translations_form_field_id_foreign` FOREIGN KEY (`form_field_id`) REFERENCES `form_fields` (`id`) ON DELETE CASCADE
) ENGINE=InnoDB AUTO_INCREMENT=16 DEFAULT CHARSET=utf8mb4 COLLATE=utf8mb4_unicode_ci;
/*!40101 SET character_set_client = @saved_cs_client */;

--
-- Dumping data for table `form_field_translations`
--

LOCK TABLES `form_field_translations` WRITE;
/*!40000 ALTER TABLE `form_field_translations` DISABLE KEYS */;
INSERT INTO `form_field_translations` VALUES (13,13,'en','Name'),(14,14,'en','DOB'),(15,15,'en','Gender');
/*!40000 ALTER TABLE `form_field_translations` ENABLE KEYS */;
UNLOCK TABLES;

--
-- Table structure for table `form_fields`
--

DROP TABLE IF EXISTS `form_fields`;
/*!40101 SET @saved_cs_client     = @@character_set_client */;
/*!50503 SET character_set_client = utf8mb4 */;
CREATE TABLE `form_fields` (
  `id` int unsigned NOT NULL AUTO_INCREMENT,
  `form_id` int unsigned NOT NULL,
  `type` enum('input','number','upload','date_picker','toggle','textarea','dropdown','checkbox','radio') CHARACTER SET utf8mb4 COLLATE utf8mb4_unicode_ci NOT NULL,
  `order` int DEFAULT NULL,
  `required` tinyint(1) NOT NULL DEFAULT '0',
  PRIMARY KEY (`id`),
  KEY `form_fields_form_id_foreign` (`form_id`),
  CONSTRAINT `form_fields_form_id_foreign` FOREIGN KEY (`form_id`) REFERENCES `forms` (`id`) ON DELETE CASCADE
) ENGINE=InnoDB AUTO_INCREMENT=16 DEFAULT CHARSET=utf8mb4 COLLATE=utf8mb4_unicode_ci;
/*!40101 SET character_set_client = @saved_cs_client */;

--
-- Dumping data for table `form_fields`
--

LOCK TABLES `form_fields` WRITE;
/*!40000 ALTER TABLE `form_fields` DISABLE KEYS */;
INSERT INTO `form_fields` VALUES (13,3,'input',NULL,0),(14,3,'date_picker',NULL,0),(15,3,'dropdown',NULL,0);
/*!40000 ALTER TABLE `form_fields` ENABLE KEYS */;
UNLOCK TABLES;

--
-- Table structure for table `form_roles_users_groups`
--

DROP TABLE IF EXISTS `form_roles_users_groups`;
/*!40101 SET @saved_cs_client     = @@character_set_client */;
/*!50503 SET character_set_client = utf8mb4 */;
CREATE TABLE `form_roles_users_groups` (
  `id` int unsigned NOT NULL AUTO_INCREMENT,
  `form_id` int unsigned NOT NULL,
  `role_id` int unsigned DEFAULT NULL,
  `user_id` int unsigned DEFAULT NULL,
  `group_id` int unsigned DEFAULT NULL,
  PRIMARY KEY (`id`),
  KEY `form_roles_users_groups_form_id_foreign` (`form_id`),
  KEY `form_roles_users_groups_role_id_foreign` (`role_id`),
  KEY `form_roles_users_groups_user_id_foreign` (`user_id`),
  KEY `form_roles_users_groups_group_id_foreign` (`group_id`),
  CONSTRAINT `form_roles_users_groups_form_id_foreign` FOREIGN KEY (`form_id`) REFERENCES `forms` (`id`) ON DELETE CASCADE,
  CONSTRAINT `form_roles_users_groups_group_id_foreign` FOREIGN KEY (`group_id`) REFERENCES `groups` (`id`) ON DELETE CASCADE,
  CONSTRAINT `form_roles_users_groups_role_id_foreign` FOREIGN KEY (`role_id`) REFERENCES `roles` (`id`) ON DELETE CASCADE,
  CONSTRAINT `form_roles_users_groups_user_id_foreign` FOREIGN KEY (`user_id`) REFERENCES `users` (`id`) ON DELETE CASCADE
) ENGINE=InnoDB AUTO_INCREMENT=18 DEFAULT CHARSET=utf8mb4 COLLATE=utf8mb4_unicode_ci;
/*!40101 SET character_set_client = @saved_cs_client */;

--
-- Dumping data for table `form_roles_users_groups`
--

LOCK TABLES `form_roles_users_groups` WRITE;
/*!40000 ALTER TABLE `form_roles_users_groups` DISABLE KEYS */;
INSERT INTO `form_roles_users_groups` VALUES (17,3,1,NULL,NULL);
/*!40000 ALTER TABLE `form_roles_users_groups` ENABLE KEYS */;
UNLOCK TABLES;

--
-- Table structure for table `form_submission_items`
--

DROP TABLE IF EXISTS `form_submission_items`;
/*!40101 SET @saved_cs_client     = @@character_set_client */;
/*!50503 SET character_set_client = utf8mb4 */;
CREATE TABLE `form_submission_items` (
  `id` int unsigned NOT NULL AUTO_INCREMENT,
  `submission_id` int unsigned NOT NULL,
  `form_field_id` int unsigned NOT NULL,
  `value` text CHARACTER SET utf8mb4 COLLATE utf8mb4_unicode_ci,
  PRIMARY KEY (`id`),
  KEY `form_submission_items_submission_id_foreign` (`submission_id`),
  KEY `form_submission_items_form_field_id_foreign` (`form_field_id`),
  CONSTRAINT `form_submission_items_form_field_id_foreign` FOREIGN KEY (`form_field_id`) REFERENCES `form_fields` (`id`) ON DELETE CASCADE,
  CONSTRAINT `form_submission_items_submission_id_foreign` FOREIGN KEY (`submission_id`) REFERENCES `form_submissions` (`id`) ON DELETE CASCADE
) ENGINE=InnoDB AUTO_INCREMENT=37 DEFAULT CHARSET=utf8mb4 COLLATE=utf8mb4_unicode_ci;
/*!40101 SET character_set_client = @saved_cs_client */;

--
-- Dumping data for table `form_submission_items`
--

LOCK TABLES `form_submission_items` WRITE;
/*!40000 ALTER TABLE `form_submission_items` DISABLE KEYS */;
/*!40000 ALTER TABLE `form_submission_items` ENABLE KEYS */;
UNLOCK TABLES;

--
-- Table structure for table `form_submissions`
--

DROP TABLE IF EXISTS `form_submissions`;
/*!40101 SET @saved_cs_client     = @@character_set_client */;
/*!50503 SET character_set_client = utf8mb4 */;
CREATE TABLE `form_submissions` (
  `id` int unsigned NOT NULL AUTO_INCREMENT,
  `user_id` int unsigned DEFAULT NULL,
  `form_id` int unsigned NOT NULL,
  `created_at` bigint unsigned NOT NULL,
  PRIMARY KEY (`id`),
  KEY `form_submissions_user_id_foreign` (`user_id`),
  KEY `form_submissions_form_id_foreign` (`form_id`),
  CONSTRAINT `form_submissions_form_id_foreign` FOREIGN KEY (`form_id`) REFERENCES `forms` (`id`) ON DELETE CASCADE,
  CONSTRAINT `form_submissions_user_id_foreign` FOREIGN KEY (`user_id`) REFERENCES `users` (`id`) ON DELETE CASCADE
) ENGINE=InnoDB AUTO_INCREMENT=4 DEFAULT CHARSET=utf8mb4 COLLATE=utf8mb4_unicode_ci;
/*!40101 SET character_set_client = @saved_cs_client */;

--
-- Dumping data for table `form_submissions`
--

LOCK TABLES `form_submissions` WRITE;
/*!40000 ALTER TABLE `form_submissions` DISABLE KEYS */;
/*!40000 ALTER TABLE `form_submissions` ENABLE KEYS */;
UNLOCK TABLES;

--
-- Table structure for table `form_translations`
--

DROP TABLE IF EXISTS `form_translations`;
/*!40101 SET @saved_cs_client     = @@character_set_client */;
/*!50503 SET character_set_client = utf8mb4 */;
CREATE TABLE `form_translations` (
  `id` int unsigned NOT NULL AUTO_INCREMENT,
  `form_id` int unsigned NOT NULL,
  `locale` varchar(255) CHARACTER SET utf8mb4 COLLATE utf8mb4_unicode_ci NOT NULL,
  `title` varchar(255) CHARACTER SET utf8mb4 COLLATE utf8mb4_unicode_ci NOT NULL,
  `heading_title` varchar(255) CHARACTER SET utf8mb4 COLLATE utf8mb4_unicode_ci DEFAULT NULL,
  `description` text CHARACTER SET utf8mb4 COLLATE utf8mb4_unicode_ci,
  `welcome_message_title` varchar(255) CHARACTER SET utf8mb4 COLLATE utf8mb4_unicode_ci DEFAULT NULL,
  `welcome_message_description` text CHARACTER SET utf8mb4 COLLATE utf8mb4_unicode_ci,
  `tank_you_message_title` varchar(255) CHARACTER SET utf8mb4 COLLATE utf8mb4_unicode_ci DEFAULT NULL,
  `tank_you_message_description` text CHARACTER SET utf8mb4 COLLATE utf8mb4_unicode_ci,
  PRIMARY KEY (`id`),
  KEY `form_translations_form_id_foreign` (`form_id`),
  KEY `form_translations_locale_index` (`locale`),
  CONSTRAINT `form_translations_form_id_foreign` FOREIGN KEY (`form_id`) REFERENCES `forms` (`id`) ON DELETE CASCADE
) ENGINE=InnoDB AUTO_INCREMENT=4 DEFAULT CHARSET=utf8mb4 COLLATE=utf8mb4_unicode_ci;
/*!40101 SET character_set_client = @saved_cs_client */;

--
-- Dumping data for table `form_translations`
--

LOCK TABLES `form_translations` WRITE;
/*!40000 ALTER TABLE `form_translations` DISABLE KEYS */;
INSERT INTO `form_translations` VALUES (3,3,'en','Sample Data','Sample',NULL,'Welcome','Hello User',NULL,NULL);
/*!40000 ALTER TABLE `form_translations` ENABLE KEYS */;
UNLOCK TABLES;

--
-- Table structure for table `forms`
--

DROP TABLE IF EXISTS `forms`;
/*!40101 SET @saved_cs_client     = @@character_set_client */;
/*!50503 SET character_set_client = utf8mb4 */;
CREATE TABLE `forms` (
  `id` int unsigned NOT NULL AUTO_INCREMENT,
  `url` varchar(255) CHARACTER SET utf8mb4 COLLATE utf8mb4_unicode_ci NOT NULL,
  `cover` varchar(255) CHARACTER SET utf8mb4 COLLATE utf8mb4_unicode_ci DEFAULT NULL,
  `image` varchar(255) CHARACTER SET utf8mb4 COLLATE utf8mb4_unicode_ci DEFAULT NULL,
  `enable_login` tinyint(1) NOT NULL DEFAULT '0',
  `enable_resubmission` tinyint(1) NOT NULL DEFAULT '0',
  `enable_welcome_message` tinyint(1) NOT NULL DEFAULT '0',
  `enable_tank_you_message` tinyint(1) NOT NULL DEFAULT '0',
  `welcome_message_image` varchar(255) CHARACTER SET utf8mb4 COLLATE utf8mb4_unicode_ci DEFAULT NULL,
  `tank_you_message_image` varchar(255) CHARACTER SET utf8mb4 COLLATE utf8mb4_unicode_ci DEFAULT NULL,
  `start_date` bigint unsigned DEFAULT NULL,
  `end_date` bigint unsigned DEFAULT NULL,
  `enable` tinyint(1) NOT NULL DEFAULT '0',
  `created_at` bigint unsigned NOT NULL,
  PRIMARY KEY (`id`),
  UNIQUE KEY `forms_url_unique` (`url`)
) ENGINE=InnoDB AUTO_INCREMENT=4 DEFAULT CHARSET=utf8mb4 COLLATE=utf8mb4_unicode_ci;
/*!40101 SET character_set_client = @saved_cs_client */;

--
-- Dumping data for table `forms`
--

LOCK TABLES `forms` WRITE;
/*!40000 ALTER TABLE `forms` DISABLE KEYS */;
INSERT INTO `forms` VALUES (3,'/sample',NULL,NULL,1,0,1,0,NULL,NULL,NULL,NULL,1,1737709668);
/*!40000 ALTER TABLE `forms` ENABLE KEYS */;
UNLOCK TABLES;

--
-- Table structure for table `forum_featured_topics`
--

DROP TABLE IF EXISTS `forum_featured_topics`;
/*!40101 SET @saved_cs_client     = @@character_set_client */;
/*!50503 SET character_set_client = utf8mb4 */;
CREATE TABLE `forum_featured_topics` (
  `id` int unsigned NOT NULL AUTO_INCREMENT,
  `topic_id` int unsigned NOT NULL,
  `icon` varchar(255) CHARACTER SET utf8mb4 COLLATE utf8mb4_unicode_ci NOT NULL,
  `created_at` bigint unsigned NOT NULL,
  PRIMARY KEY (`id`),
  KEY `forum_featured_topics_topic_id_foreign` (`topic_id`),
  CONSTRAINT `forum_featured_topics_topic_id_foreign` FOREIGN KEY (`topic_id`) REFERENCES `forum_topics` (`id`) ON DELETE CASCADE
) ENGINE=InnoDB AUTO_INCREMENT=5 DEFAULT CHARSET=utf8mb4 COLLATE=utf8mb4_unicode_ci;
/*!40101 SET character_set_client = @saved_cs_client */;

--
-- Dumping data for table `forum_featured_topics`
--

LOCK TABLES `forum_featured_topics` WRITE;
/*!40000 ALTER TABLE `forum_featured_topics` DISABLE KEYS */;
/*!40000 ALTER TABLE `forum_featured_topics` ENABLE KEYS */;
UNLOCK TABLES;

--
-- Table structure for table `forum_recommended_topic_items`
--

DROP TABLE IF EXISTS `forum_recommended_topic_items`;
/*!40101 SET @saved_cs_client     = @@character_set_client */;
/*!50503 SET character_set_client = utf8mb4 */;
CREATE TABLE `forum_recommended_topic_items` (
  `id` int unsigned NOT NULL AUTO_INCREMENT,
  `recommended_topic_id` int unsigned NOT NULL,
  `topic_id` int unsigned NOT NULL,
  `created_at` bigint unsigned NOT NULL,
  PRIMARY KEY (`id`),
  KEY `forum_recommended_topic_items_recommended_topic_id_foreign` (`recommended_topic_id`),
  KEY `forum_recommended_topic_items_topic_id_foreign` (`topic_id`),
  CONSTRAINT `forum_recommended_topic_items_recommended_topic_id_foreign` FOREIGN KEY (`recommended_topic_id`) REFERENCES `forum_recommended_topics` (`id`) ON DELETE CASCADE,
  CONSTRAINT `forum_recommended_topic_items_topic_id_foreign` FOREIGN KEY (`topic_id`) REFERENCES `forum_topics` (`id`) ON DELETE CASCADE
) ENGINE=InnoDB AUTO_INCREMENT=55 DEFAULT CHARSET=utf8mb4 COLLATE=utf8mb4_unicode_ci;
/*!40101 SET character_set_client = @saved_cs_client */;

--
-- Dumping data for table `forum_recommended_topic_items`
--

LOCK TABLES `forum_recommended_topic_items` WRITE;
/*!40000 ALTER TABLE `forum_recommended_topic_items` DISABLE KEYS */;
/*!40000 ALTER TABLE `forum_recommended_topic_items` ENABLE KEYS */;
UNLOCK TABLES;

--
-- Table structure for table `forum_recommended_topics`
--

DROP TABLE IF EXISTS `forum_recommended_topics`;
/*!40101 SET @saved_cs_client     = @@character_set_client */;
/*!50503 SET character_set_client = utf8mb4 */;
CREATE TABLE `forum_recommended_topics` (
  `id` int unsigned NOT NULL AUTO_INCREMENT,
  `title` varchar(255) CHARACTER SET utf8mb4 COLLATE utf8mb4_unicode_ci NOT NULL,
  `icon` varchar(255) CHARACTER SET utf8mb4 COLLATE utf8mb4_unicode_ci NOT NULL,
  `created_at` bigint unsigned NOT NULL,
  PRIMARY KEY (`id`)
) ENGINE=InnoDB AUTO_INCREMENT=5 DEFAULT CHARSET=utf8mb4 COLLATE=utf8mb4_unicode_ci;
/*!40101 SET character_set_client = @saved_cs_client */;

--
-- Dumping data for table `forum_recommended_topics`
--

LOCK TABLES `forum_recommended_topics` WRITE;
/*!40000 ALTER TABLE `forum_recommended_topics` DISABLE KEYS */;
INSERT INTO `forum_recommended_topics` VALUES (1,'Food & Health','/store/1/default_images/forums/icons/dish.png',1655794486),(2,'Math','/store/1/default_images/forums/icons/drawing-compass.png',1655796024),(3,'Marketing','/store/1/default_images/forums/icons/target.png',1655796482),(4,'Language','/store/1/default_images/forums/icons/translate.png',1655796824);
/*!40000 ALTER TABLE `forum_recommended_topics` ENABLE KEYS */;
UNLOCK TABLES;

--
-- Table structure for table `forum_topic_attachments`
--

DROP TABLE IF EXISTS `forum_topic_attachments`;
/*!40101 SET @saved_cs_client     = @@character_set_client */;
/*!50503 SET character_set_client = utf8mb4 */;
CREATE TABLE `forum_topic_attachments` (
  `id` int unsigned NOT NULL AUTO_INCREMENT,
  `creator_id` int unsigned NOT NULL,
  `topic_id` int unsigned NOT NULL,
  `path` varchar(255) CHARACTER SET utf8mb4 COLLATE utf8mb4_unicode_ci NOT NULL,
  PRIMARY KEY (`id`),
  KEY `forum_topic_attachments_topic_id_foreign` (`topic_id`),
  KEY `forum_topic_attachments_creator_id_foreign` (`creator_id`),
  CONSTRAINT `forum_topic_attachments_creator_id_foreign` FOREIGN KEY (`creator_id`) REFERENCES `users` (`id`) ON DELETE CASCADE,
  CONSTRAINT `forum_topic_attachments_topic_id_foreign` FOREIGN KEY (`topic_id`) REFERENCES `forum_topics` (`id`) ON DELETE CASCADE
) ENGINE=InnoDB AUTO_INCREMENT=9 DEFAULT CHARSET=utf8mb4 COLLATE=utf8mb4_unicode_ci;
/*!40101 SET character_set_client = @saved_cs_client */;

--
-- Dumping data for table `forum_topic_attachments`
--

LOCK TABLES `forum_topic_attachments` WRITE;
/*!40000 ALTER TABLE `forum_topic_attachments` DISABLE KEYS */;
/*!40000 ALTER TABLE `forum_topic_attachments` ENABLE KEYS */;
UNLOCK TABLES;

--
-- Table structure for table `forum_topic_bookmarks`
--

DROP TABLE IF EXISTS `forum_topic_bookmarks`;
/*!40101 SET @saved_cs_client     = @@character_set_client */;
/*!50503 SET character_set_client = utf8mb4 */;
CREATE TABLE `forum_topic_bookmarks` (
  `id` int unsigned NOT NULL AUTO_INCREMENT,
  `user_id` int unsigned NOT NULL,
  `topic_id` int unsigned NOT NULL,
  `created_at` bigint unsigned NOT NULL,
  PRIMARY KEY (`id`),
  KEY `forum_topic_bookmarks_user_id_foreign` (`user_id`),
  KEY `forum_topic_bookmarks_topic_id_foreign` (`topic_id`),
  CONSTRAINT `forum_topic_bookmarks_topic_id_foreign` FOREIGN KEY (`topic_id`) REFERENCES `forum_topics` (`id`) ON DELETE CASCADE,
  CONSTRAINT `forum_topic_bookmarks_user_id_foreign` FOREIGN KEY (`user_id`) REFERENCES `users` (`id`) ON DELETE CASCADE
) ENGINE=InnoDB AUTO_INCREMENT=9 DEFAULT CHARSET=utf8mb4 COLLATE=utf8mb4_unicode_ci;
/*!40101 SET character_set_client = @saved_cs_client */;

--
-- Dumping data for table `forum_topic_bookmarks`
--

LOCK TABLES `forum_topic_bookmarks` WRITE;
/*!40000 ALTER TABLE `forum_topic_bookmarks` DISABLE KEYS */;
/*!40000 ALTER TABLE `forum_topic_bookmarks` ENABLE KEYS */;
UNLOCK TABLES;

--
-- Table structure for table `forum_topic_likes`
--

DROP TABLE IF EXISTS `forum_topic_likes`;
/*!40101 SET @saved_cs_client     = @@character_set_client */;
/*!50503 SET character_set_client = utf8mb4 */;
CREATE TABLE `forum_topic_likes` (
  `id` int unsigned NOT NULL AUTO_INCREMENT,
  `user_id` int unsigned NOT NULL,
  `topic_id` int unsigned DEFAULT NULL,
  `topic_post_id` int unsigned DEFAULT NULL,
  PRIMARY KEY (`id`),
  KEY `forum_topic_likes_user_id_foreign` (`user_id`),
  KEY `forum_topic_likes_topic_id_foreign` (`topic_id`),
  KEY `forum_topic_likes_topic_post_id_foreign` (`topic_post_id`),
  CONSTRAINT `forum_topic_likes_topic_id_foreign` FOREIGN KEY (`topic_id`) REFERENCES `forum_topics` (`id`) ON DELETE CASCADE,
  CONSTRAINT `forum_topic_likes_topic_post_id_foreign` FOREIGN KEY (`topic_post_id`) REFERENCES `forum_topic_posts` (`id`) ON DELETE CASCADE,
  CONSTRAINT `forum_topic_likes_user_id_foreign` FOREIGN KEY (`user_id`) REFERENCES `users` (`id`) ON DELETE CASCADE
) ENGINE=InnoDB AUTO_INCREMENT=6 DEFAULT CHARSET=utf8mb4 COLLATE=utf8mb4_unicode_ci;
/*!40101 SET character_set_client = @saved_cs_client */;

--
-- Dumping data for table `forum_topic_likes`
--

LOCK TABLES `forum_topic_likes` WRITE;
/*!40000 ALTER TABLE `forum_topic_likes` DISABLE KEYS */;
/*!40000 ALTER TABLE `forum_topic_likes` ENABLE KEYS */;
UNLOCK TABLES;

--
-- Table structure for table `forum_topic_posts`
--

DROP TABLE IF EXISTS `forum_topic_posts`;
/*!40101 SET @saved_cs_client     = @@character_set_client */;
/*!50503 SET character_set_client = utf8mb4 */;
CREATE TABLE `forum_topic_posts` (
  `id` int unsigned NOT NULL AUTO_INCREMENT,
  `user_id` int unsigned NOT NULL,
  `topic_id` int unsigned NOT NULL,
  `parent_id` int unsigned DEFAULT NULL,
  `description` text CHARACTER SET utf8mb4 COLLATE utf8mb4_unicode_ci NOT NULL,
  `attach` varchar(255) CHARACTER SET utf8mb4 COLLATE utf8mb4_unicode_ci DEFAULT NULL,
  `pin` tinyint(1) NOT NULL DEFAULT '0',
  `created_at` bigint unsigned NOT NULL,
  PRIMARY KEY (`id`),
  KEY `forum_topic_posts_user_id_foreign` (`user_id`),
  KEY `forum_topic_posts_topic_id_foreign` (`topic_id`),
  KEY `forum_topic_posts_parent_id_foreign` (`parent_id`),
  CONSTRAINT `forum_topic_posts_parent_id_foreign` FOREIGN KEY (`parent_id`) REFERENCES `forum_topic_posts` (`id`) ON DELETE SET NULL,
  CONSTRAINT `forum_topic_posts_topic_id_foreign` FOREIGN KEY (`topic_id`) REFERENCES `forum_topics` (`id`) ON DELETE CASCADE,
  CONSTRAINT `forum_topic_posts_user_id_foreign` FOREIGN KEY (`user_id`) REFERENCES `users` (`id`) ON DELETE CASCADE
) ENGINE=InnoDB AUTO_INCREMENT=20 DEFAULT CHARSET=utf8mb4 COLLATE=utf8mb4_unicode_ci;
/*!40101 SET character_set_client = @saved_cs_client */;

--
-- Dumping data for table `forum_topic_posts`
--

LOCK TABLES `forum_topic_posts` WRITE;
/*!40000 ALTER TABLE `forum_topic_posts` DISABLE KEYS */;
/*!40000 ALTER TABLE `forum_topic_posts` ENABLE KEYS */;
UNLOCK TABLES;

--
-- Table structure for table `forum_topic_reports`
--

DROP TABLE IF EXISTS `forum_topic_reports`;
/*!40101 SET @saved_cs_client     = @@character_set_client */;
/*!50503 SET character_set_client = utf8mb4 */;
CREATE TABLE `forum_topic_reports` (
  `id` int unsigned NOT NULL AUTO_INCREMENT,
  `user_id` int unsigned NOT NULL,
  `topic_id` int unsigned DEFAULT NULL,
  `topic_post_id` int unsigned DEFAULT NULL,
  `message` text CHARACTER SET utf8mb4 COLLATE utf8mb4_unicode_ci NOT NULL,
  `created_at` bigint unsigned NOT NULL,
  PRIMARY KEY (`id`),
  KEY `forum_topic_reports_user_id_foreign` (`user_id`),
  KEY `forum_topic_reports_topic_id_foreign` (`topic_id`),
  KEY `forum_topic_reports_topic_post_id_foreign` (`topic_post_id`),
  CONSTRAINT `forum_topic_reports_topic_id_foreign` FOREIGN KEY (`topic_id`) REFERENCES `forum_topics` (`id`) ON DELETE CASCADE,
  CONSTRAINT `forum_topic_reports_topic_post_id_foreign` FOREIGN KEY (`topic_post_id`) REFERENCES `forum_topic_posts` (`id`) ON DELETE CASCADE,
  CONSTRAINT `forum_topic_reports_user_id_foreign` FOREIGN KEY (`user_id`) REFERENCES `users` (`id`) ON DELETE CASCADE
) ENGINE=InnoDB AUTO_INCREMENT=4 DEFAULT CHARSET=utf8mb4 COLLATE=utf8mb4_unicode_ci;
/*!40101 SET character_set_client = @saved_cs_client */;

--
-- Dumping data for table `forum_topic_reports`
--

LOCK TABLES `forum_topic_reports` WRITE;
/*!40000 ALTER TABLE `forum_topic_reports` DISABLE KEYS */;
/*!40000 ALTER TABLE `forum_topic_reports` ENABLE KEYS */;
UNLOCK TABLES;

--
-- Table structure for table `forum_topics`
--

DROP TABLE IF EXISTS `forum_topics`;
/*!40101 SET @saved_cs_client     = @@character_set_client */;
/*!50503 SET character_set_client = utf8mb4 */;
CREATE TABLE `forum_topics` (
  `id` int unsigned NOT NULL AUTO_INCREMENT,
  `creator_id` int unsigned NOT NULL,
  `forum_id` int unsigned NOT NULL,
  `slug` varchar(255) CHARACTER SET utf8mb4 COLLATE utf8mb4_unicode_ci NOT NULL,
  `title` varchar(255) CHARACTER SET utf8mb4 COLLATE utf8mb4_unicode_ci NOT NULL,
  `description` text CHARACTER SET utf8mb4 COLLATE utf8mb4_unicode_ci NOT NULL,
  `pin` tinyint(1) NOT NULL DEFAULT '0',
  `close` tinyint(1) NOT NULL DEFAULT '0',
  `created_at` bigint unsigned NOT NULL,
  PRIMARY KEY (`id`),
  UNIQUE KEY `forum_topics_slug_unique` (`slug`),
  KEY `forum_topics_creator_id_foreign` (`creator_id`),
  KEY `forum_topics_forum_id_foreign` (`forum_id`),
  CONSTRAINT `forum_topics_creator_id_foreign` FOREIGN KEY (`creator_id`) REFERENCES `users` (`id`) ON DELETE CASCADE,
  CONSTRAINT `forum_topics_forum_id_foreign` FOREIGN KEY (`forum_id`) REFERENCES `forums` (`id`) ON DELETE CASCADE
) ENGINE=InnoDB AUTO_INCREMENT=11 DEFAULT CHARSET=utf8mb4 COLLATE=utf8mb4_unicode_ci;
/*!40101 SET character_set_client = @saved_cs_client */;

--
-- Dumping data for table `forum_topics`
--

LOCK TABLES `forum_topics` WRITE;
/*!40000 ALTER TABLE `forum_topics` DISABLE KEYS */;
/*!40000 ALTER TABLE `forum_topics` ENABLE KEYS */;
UNLOCK TABLES;

--
-- Table structure for table `forum_translations`
--

DROP TABLE IF EXISTS `forum_translations`;
/*!40101 SET @saved_cs_client     = @@character_set_client */;
/*!50503 SET character_set_client = utf8mb4 */;
CREATE TABLE `forum_translations` (
  `id` bigint unsigned NOT NULL AUTO_INCREMENT,
  `forum_id` int unsigned NOT NULL,
  `locale` varchar(255) CHARACTER SET utf8mb4 COLLATE utf8mb4_unicode_ci NOT NULL,
  `title` varchar(255) CHARACTER SET utf8mb4 COLLATE utf8mb4_unicode_ci NOT NULL,
  `description` text CHARACTER SET utf8mb4 COLLATE utf8mb4_unicode_ci,
  PRIMARY KEY (`id`),
  KEY `forum_translations_forum_id_foreign` (`forum_id`),
  KEY `forum_translations_locale_index` (`locale`),
  CONSTRAINT `forum_translations_forum_id_foreign` FOREIGN KEY (`forum_id`) REFERENCES `forums` (`id`) ON DELETE CASCADE
) ENGINE=InnoDB AUTO_INCREMENT=13 DEFAULT CHARSET=utf8mb4 COLLATE=utf8mb4_unicode_ci;
/*!40101 SET character_set_client = @saved_cs_client */;

--
-- Dumping data for table `forum_translations`
--

LOCK TABLES `forum_translations` WRITE;
/*!40000 ALTER TABLE `forum_translations` DISABLE KEYS */;
INSERT INTO `forum_translations` VALUES (1,1,'en','Legal Research and Writing','Discuss legal research and writing with colleagues'),(5,5,'en','Case Management and Courtroom Practices','Discuss case management and courtroom practices'),(6,6,'en','Judicial Ethics and Professional Conduct','This forum discusses topics related to Judicial Ethics and Professional Conduct'),(11,11,'en','Technology and Judciary','Discuss non-sensitive topics related to technology and the Judiciary'),(12,12,'en','Alternative Dispute Resolution','Discuss topics related to alternative dispute resolution');
/*!40000 ALTER TABLE `forum_translations` ENABLE KEYS */;
UNLOCK TABLES;

--
-- Table structure for table `forums`
--

DROP TABLE IF EXISTS `forums`;
/*!40101 SET @saved_cs_client     = @@character_set_client */;
/*!50503 SET character_set_client = utf8mb4 */;
CREATE TABLE `forums` (
  `id` int unsigned NOT NULL AUTO_INCREMENT,
  `slug` varchar(255) CHARACTER SET utf8mb4 COLLATE utf8mb4_unicode_ci NOT NULL,
  `role_id` int unsigned DEFAULT NULL,
  `group_id` int unsigned DEFAULT NULL,
  `parent_id` int unsigned DEFAULT NULL,
  `icon` varchar(255) CHARACTER SET utf8mb4 COLLATE utf8mb4_unicode_ci DEFAULT NULL,
  `status` enum('disabled','active') CHARACTER SET utf8mb4 COLLATE utf8mb4_unicode_ci DEFAULT NULL,
  `close` tinyint(1) NOT NULL DEFAULT '0',
  `order` int DEFAULT NULL,
  PRIMARY KEY (`id`),
  UNIQUE KEY `forums_slug_unique` (`slug`),
  KEY `forums_role_id_foreign` (`role_id`),
  KEY `forums_group_id_foreign` (`group_id`),
  CONSTRAINT `forums_group_id_foreign` FOREIGN KEY (`group_id`) REFERENCES `groups` (`id`) ON DELETE CASCADE,
  CONSTRAINT `forums_role_id_foreign` FOREIGN KEY (`role_id`) REFERENCES `roles` (`id`) ON DELETE CASCADE
) ENGINE=InnoDB AUTO_INCREMENT=13 DEFAULT CHARSET=utf8mb4 COLLATE=utf8mb4_unicode_ci;
/*!40101 SET character_set_client = @saved_cs_client */;

--
-- Dumping data for table `forums`
--

LOCK TABLES `forums` WRITE;
/*!40000 ALTER TABLE `forums` DISABLE KEYS */;
INSERT INTO `forums` VALUES (1,'Lifestyle',NULL,NULL,NULL,'/store/1/default_images/forums/icons/makeup.png','active',0,NULL),(5,'Music',NULL,NULL,NULL,'/store/1/default_images/forums/icons/love-song.png','active',0,NULL),(6,'Marketing',NULL,NULL,NULL,'/store/1/default_images/forums/icons/advertising.png','active',0,NULL),(11,'Technology-and-Judciary',NULL,NULL,NULL,'/store/1/default_images/forums/icons/advertising.png','active',0,NULL),(12,'Alternative-Dispute-Resolution',NULL,NULL,NULL,'/store/1/default_images/forums/icons/makeup.png','active',0,NULL);
/*!40000 ALTER TABLE `forums` ENABLE KEYS */;
UNLOCK TABLES;

--
-- Table structure for table `gifts`
--

DROP TABLE IF EXISTS `gifts`;
/*!40101 SET @saved_cs_client     = @@character_set_client */;
/*!50503 SET character_set_client = utf8mb4 */;
CREATE TABLE `gifts` (
  `id` int unsigned NOT NULL AUTO_INCREMENT,
  `user_id` int unsigned NOT NULL,
  `webinar_id` int unsigned DEFAULT NULL,
  `bundle_id` int unsigned DEFAULT NULL,
  `product_id` int unsigned DEFAULT NULL,
  `name` varchar(255) CHARACTER SET utf8mb4 COLLATE utf8mb4_unicode_ci NOT NULL,
  `email` varchar(255) CHARACTER SET utf8mb4 COLLATE utf8mb4_unicode_ci NOT NULL,
  `date` bigint unsigned DEFAULT NULL,
  `description` text CHARACTER SET utf8mb4 COLLATE utf8mb4_unicode_ci,
  `viewed` tinyint(1) NOT NULL DEFAULT '0' COMMENT 'for show modal in recipient user panel',
  `status` enum('active','pending','cancel') CHARACTER SET utf8mb4 COLLATE utf8mb4_unicode_ci DEFAULT 'pending',
  `created_at` bigint unsigned NOT NULL,
  PRIMARY KEY (`id`),
  KEY `gifts_user_id_foreign` (`user_id`),
  KEY `gifts_webinar_id_foreign` (`webinar_id`),
  KEY `gifts_bundle_id_foreign` (`bundle_id`),
  KEY `gifts_product_id_foreign` (`product_id`),
  CONSTRAINT `gifts_bundle_id_foreign` FOREIGN KEY (`bundle_id`) REFERENCES `bundles` (`id`) ON DELETE CASCADE,
  CONSTRAINT `gifts_product_id_foreign` FOREIGN KEY (`product_id`) REFERENCES `products` (`id`) ON DELETE CASCADE,
  CONSTRAINT `gifts_user_id_foreign` FOREIGN KEY (`user_id`) REFERENCES `users` (`id`) ON DELETE CASCADE,
  CONSTRAINT `gifts_webinar_id_foreign` FOREIGN KEY (`webinar_id`) REFERENCES `webinars` (`id`) ON DELETE CASCADE
) ENGINE=InnoDB AUTO_INCREMENT=8 DEFAULT CHARSET=utf8mb4 COLLATE=utf8mb4_unicode_ci;
/*!40101 SET character_set_client = @saved_cs_client */;

--
-- Dumping data for table `gifts`
--

LOCK TABLES `gifts` WRITE;
/*!40000 ALTER TABLE `gifts` DISABLE KEYS */;
/*!40000 ALTER TABLE `gifts` ENABLE KEYS */;
UNLOCK TABLES;

--
-- Table structure for table `group_users`
--

DROP TABLE IF EXISTS `group_users`;
/*!40101 SET @saved_cs_client     = @@character_set_client */;
/*!50503 SET character_set_client = utf8mb4 */;
CREATE TABLE `group_users` (
  `id` int unsigned NOT NULL AUTO_INCREMENT,
  `group_id` int unsigned NOT NULL,
  `user_id` int unsigned NOT NULL,
  `created_at` int unsigned NOT NULL,
  PRIMARY KEY (`id`) USING BTREE,
  KEY `group_users_group_id_foreign` (`group_id`) USING BTREE,
  KEY `group_users_user_id_foreign` (`user_id`) USING BTREE,
  CONSTRAINT `group_users_group_id_foreign` FOREIGN KEY (`group_id`) REFERENCES `groups` (`id`) ON DELETE CASCADE,
  CONSTRAINT `group_users_user_id_foreign` FOREIGN KEY (`user_id`) REFERENCES `users` (`id`) ON DELETE CASCADE
) ENGINE=InnoDB AUTO_INCREMENT=68 DEFAULT CHARSET=utf8mb4 COLLATE=utf8mb4_unicode_ci ROW_FORMAT=DYNAMIC;
/*!40101 SET character_set_client = @saved_cs_client */;

--
-- Dumping data for table `group_users`
--

LOCK TABLES `group_users` WRITE;
/*!40000 ALTER TABLE `group_users` DISABLE KEYS */;
INSERT INTO `group_users` VALUES (67,3,1047,1729026013);
/*!40000 ALTER TABLE `group_users` ENABLE KEYS */;
UNLOCK TABLES;

--
-- Table structure for table `groups`
--

DROP TABLE IF EXISTS `groups`;
/*!40101 SET @saved_cs_client     = @@character_set_client */;
/*!50503 SET character_set_client = utf8mb4 */;
CREATE TABLE `groups` (
  `id` int unsigned NOT NULL AUTO_INCREMENT,
  `creator_id` int unsigned NOT NULL,
  `name` varchar(64) CHARACTER SET utf8mb4 COLLATE utf8mb4_unicode_ci DEFAULT NULL,
  `discount` int DEFAULT NULL,
  `status` enum('active','inactive') CHARACTER SET utf8mb4 COLLATE utf8mb4_unicode_ci NOT NULL DEFAULT 'inactive',
  `created_at` int unsigned NOT NULL,
  PRIMARY KEY (`id`) USING BTREE,
  KEY `groups_creator_id_foreign` (`creator_id`) USING BTREE,
  CONSTRAINT `groups_creator_id_foreign` FOREIGN KEY (`creator_id`) REFERENCES `users` (`id`) ON DELETE CASCADE
) ENGINE=InnoDB AUTO_INCREMENT=4 DEFAULT CHARSET=utf8mb4 COLLATE=utf8mb4_unicode_ci ROW_FORMAT=DYNAMIC;
/*!40101 SET character_set_client = @saved_cs_client */;

--
-- Dumping data for table `groups`
--

LOCK TABLES `groups` WRITE;
/*!40000 ALTER TABLE `groups` DISABLE KEYS */;
INSERT INTO `groups` VALUES (2,1,'Vip Instructors',20,'active',1613379096),(3,1,'Special Students',10,'active',1614530208);
/*!40000 ALTER TABLE `groups` ENABLE KEYS */;
UNLOCK TABLES;

--
-- Table structure for table `groups_registration_packages`
--

DROP TABLE IF EXISTS `groups_registration_packages`;
/*!40101 SET @saved_cs_client     = @@character_set_client */;
/*!50503 SET character_set_client = utf8mb4 */;
CREATE TABLE `groups_registration_packages` (
  `id` bigint unsigned NOT NULL AUTO_INCREMENT,
  `group_id` int unsigned NOT NULL,
  `instructors_count` int DEFAULT NULL,
  `students_count` int DEFAULT NULL,
  `courses_capacity` int DEFAULT NULL,
  `courses_count` int DEFAULT NULL,
  `meeting_count` int DEFAULT NULL,
  `status` enum('disabled','active') CHARACTER SET utf8mb4 COLLATE utf8mb4_unicode_ci NOT NULL,
  `created_at` int unsigned NOT NULL,
  PRIMARY KEY (`id`),
  KEY `groups_registration_packages_group_id_foreign` (`group_id`),
  CONSTRAINT `groups_registration_packages_group_id_foreign` FOREIGN KEY (`group_id`) REFERENCES `groups` (`id`) ON DELETE CASCADE
) ENGINE=InnoDB AUTO_INCREMENT=3 DEFAULT CHARSET=utf8mb4 COLLATE=utf8mb4_unicode_ci;
/*!40101 SET character_set_client = @saved_cs_client */;

--
-- Dumping data for table `groups_registration_packages`
--

LOCK TABLES `groups_registration_packages` WRITE;
/*!40000 ALTER TABLE `groups_registration_packages` DISABLE KEYS */;
/*!40000 ALTER TABLE `groups_registration_packages` ENABLE KEYS */;
UNLOCK TABLES;

--
-- Table structure for table `home_page_statistic_translations`
--

DROP TABLE IF EXISTS `home_page_statistic_translations`;
/*!40101 SET @saved_cs_client     = @@character_set_client */;
/*!50503 SET character_set_client = utf8mb4 */;
CREATE TABLE `home_page_statistic_translations` (
  `id` int unsigned NOT NULL AUTO_INCREMENT,
  `home_page_statistic_id` int unsigned NOT NULL,
  `locale` varchar(255) CHARACTER SET utf8mb4 COLLATE utf8mb4_unicode_ci NOT NULL,
  `title` varchar(255) CHARACTER SET utf8mb4 COLLATE utf8mb4_unicode_ci NOT NULL,
  `description` text CHARACTER SET utf8mb4 COLLATE utf8mb4_unicode_ci NOT NULL,
  PRIMARY KEY (`id`),
  KEY `home_page_statistic_id` (`home_page_statistic_id`),
  KEY `home_page_statistic_translations_locale_index` (`locale`),
  CONSTRAINT `home_page_statistic_id` FOREIGN KEY (`home_page_statistic_id`) REFERENCES `home_page_statistics` (`id`) ON DELETE CASCADE
) ENGINE=InnoDB AUTO_INCREMENT=7 DEFAULT CHARSET=utf8mb4 COLLATE=utf8mb4_unicode_ci;
/*!40101 SET character_set_client = @saved_cs_client */;

--
-- Dumping data for table `home_page_statistic_translations`
--

LOCK TABLES `home_page_statistic_translations` WRITE;
/*!40000 ALTER TABLE `home_page_statistic_translations` DISABLE KEYS */;
INSERT INTO `home_page_statistic_translations` VALUES (2,2,'en','Skillful Instructors','Start learning from experienced instructors.'),(3,3,'en','Video Courses','Learn without any geographical & time limitations.'),(4,4,'en','Live Classes','Improve your skills using live knowledge flow.'),(5,5,'en','Happy Students','are available to help you by their knowledge');
/*!40000 ALTER TABLE `home_page_statistic_translations` ENABLE KEYS */;
UNLOCK TABLES;

--
-- Table structure for table `home_page_statistics`
--

DROP TABLE IF EXISTS `home_page_statistics`;
/*!40101 SET @saved_cs_client     = @@character_set_client */;
/*!50503 SET character_set_client = utf8mb4 */;
CREATE TABLE `home_page_statistics` (
  `id` int unsigned NOT NULL AUTO_INCREMENT,
  `icon` varchar(255) CHARACTER SET utf8mb4 COLLATE utf8mb4_unicode_ci NOT NULL,
  `color` varchar(255) CHARACTER SET utf8mb4 COLLATE utf8mb4_unicode_ci NOT NULL,
  `count` int unsigned NOT NULL,
  `order` int unsigned DEFAULT NULL,
  `created_at` bigint unsigned NOT NULL,
  PRIMARY KEY (`id`)
) ENGINE=InnoDB AUTO_INCREMENT=6 DEFAULT CHARSET=utf8mb4 COLLATE=utf8mb4_unicode_ci;
/*!40101 SET character_set_client = @saved_cs_client */;

--
-- Dumping data for table `home_page_statistics`
--

LOCK TABLES `home_page_statistics` WRITE;
/*!40000 ALTER TABLE `home_page_statistics` DISABLE KEYS */;
INSERT INTO `home_page_statistics` VALUES (2,'/store/1/default_images/trend_categories_icons/chess.png','#c95d63',20,1,1675870234),(3,'/store/1/default_images/trend_categories_icons/palette.png','#496ddb',12,4,1675870276),(4,'/store/1/default_images/trend_categories_icons/connection.png','#717ec3',16,3,1675870320),(5,'/store/1/default_images/trend_categories_icons/family.png','#ae8799',78,2,1675870418);
/*!40000 ALTER TABLE `home_page_statistics` ENABLE KEYS */;
UNLOCK TABLES;

--
-- Table structure for table `home_sections`
--

DROP TABLE IF EXISTS `home_sections`;
/*!40101 SET @saved_cs_client     = @@character_set_client */;
/*!50503 SET character_set_client = utf8mb4 */;
CREATE TABLE `home_sections` (
  `id` int unsigned NOT NULL AUTO_INCREMENT,
  `name` enum('featured_classes','latest_bundles','latest_classes','best_rates','trend_categories','full_advertising_banner','best_sellers','discount_classes','free_classes','store_products','testimonials','subscribes','find_instructors','reward_program','become_instructor','forum_section','video_or_image_section','instructors','half_advertising_banner','organizations','blog','upcoming_courses') CHARACTER SET utf8mb4 COLLATE utf8mb4_unicode_ci NOT NULL,
  `order` int unsigned NOT NULL,
  PRIMARY KEY (`id`),
  KEY `home_sections_name_index` (`name`)
) ENGINE=InnoDB AUTO_INCREMENT=40 DEFAULT CHARSET=utf8mb4 COLLATE=utf8mb4_unicode_ci;
/*!40101 SET character_set_client = @saved_cs_client */;

--
-- Dumping data for table `home_sections`
--

LOCK TABLES `home_sections` WRITE;
/*!40000 ALTER TABLE `home_sections` DISABLE KEYS */;
INSERT INTO `home_sections` VALUES (32,'featured_classes',2),(33,'latest_classes',3),(34,'instructors',4),(35,'free_classes',1),(39,'blog',5);
/*!40000 ALTER TABLE `home_sections` ENABLE KEYS */;
UNLOCK TABLES;

--
-- Table structure for table `installment_order_attachments`
--

DROP TABLE IF EXISTS `installment_order_attachments`;
/*!40101 SET @saved_cs_client     = @@character_set_client */;
/*!50503 SET character_set_client = utf8mb4 */;
CREATE TABLE `installment_order_attachments` (
  `id` int unsigned NOT NULL AUTO_INCREMENT,
  `installment_order_id` int unsigned NOT NULL,
  `title` varchar(255) CHARACTER SET utf8mb4 COLLATE utf8mb4_unicode_ci NOT NULL,
  `file` varchar(255) CHARACTER SET utf8mb4 COLLATE utf8mb4_unicode_ci NOT NULL,
  PRIMARY KEY (`id`),
  KEY `installment_order_id_attachment` (`installment_order_id`),
  CONSTRAINT `installment_order_id_attachment` FOREIGN KEY (`installment_order_id`) REFERENCES `installment_orders` (`id`) ON DELETE CASCADE
) ENGINE=InnoDB AUTO_INCREMENT=3 DEFAULT CHARSET=utf8mb4 COLLATE=utf8mb4_unicode_ci;
/*!40101 SET character_set_client = @saved_cs_client */;

--
-- Dumping data for table `installment_order_attachments`
--

LOCK TABLES `installment_order_attachments` WRITE;
/*!40000 ALTER TABLE `installment_order_attachments` DISABLE KEYS */;
/*!40000 ALTER TABLE `installment_order_attachments` ENABLE KEYS */;
UNLOCK TABLES;

--
-- Table structure for table `installment_order_payments`
--

DROP TABLE IF EXISTS `installment_order_payments`;
/*!40101 SET @saved_cs_client     = @@character_set_client */;
/*!50503 SET character_set_client = utf8mb4 */;
CREATE TABLE `installment_order_payments` (
  `id` int unsigned NOT NULL AUTO_INCREMENT,
  `installment_order_id` int unsigned NOT NULL,
  `sale_id` int unsigned DEFAULT NULL,
  `type` enum('upfront','step') CHARACTER SET utf8mb4 COLLATE utf8mb4_unicode_ci NOT NULL,
  `selected_installment_step_id` int unsigned DEFAULT NULL,
  `amount` double(15,2) NOT NULL,
  `status` enum('paying','paid','canceled','refunded') CHARACTER SET utf8mb4 COLLATE utf8mb4_unicode_ci NOT NULL DEFAULT 'paying',
  `created_at` bigint unsigned NOT NULL,
  PRIMARY KEY (`id`),
  KEY `installment_order_id` (`installment_order_id`),
  KEY `installment_order_payments_sale_id_foreign` (`sale_id`),
  KEY `installment_order_payments_selected_installment_step_id_foreign` (`selected_installment_step_id`),
  CONSTRAINT `installment_order_id` FOREIGN KEY (`installment_order_id`) REFERENCES `installment_orders` (`id`) ON DELETE CASCADE,
  CONSTRAINT `installment_order_payments_sale_id_foreign` FOREIGN KEY (`sale_id`) REFERENCES `sales` (`id`) ON DELETE CASCADE,
  CONSTRAINT `installment_order_payments_selected_installment_step_id_foreign` FOREIGN KEY (`selected_installment_step_id`) REFERENCES `selected_installment_steps` (`id`) ON DELETE CASCADE
) ENGINE=InnoDB AUTO_INCREMENT=3 DEFAULT CHARSET=utf8mb4 COLLATE=utf8mb4_unicode_ci;
/*!40101 SET character_set_client = @saved_cs_client */;

--
-- Dumping data for table `installment_order_payments`
--

LOCK TABLES `installment_order_payments` WRITE;
/*!40000 ALTER TABLE `installment_order_payments` DISABLE KEYS */;
/*!40000 ALTER TABLE `installment_order_payments` ENABLE KEYS */;
UNLOCK TABLES;

--
-- Table structure for table `installment_orders`
--

DROP TABLE IF EXISTS `installment_orders`;
/*!40101 SET @saved_cs_client     = @@character_set_client */;
/*!50503 SET character_set_client = utf8mb4 */;
CREATE TABLE `installment_orders` (
  `id` int unsigned NOT NULL AUTO_INCREMENT,
  `installment_id` int unsigned NOT NULL,
  `user_id` int unsigned NOT NULL,
  `webinar_id` int unsigned DEFAULT NULL,
  `product_id` int unsigned DEFAULT NULL,
  `bundle_id` int unsigned DEFAULT NULL,
  `subscribe_id` int unsigned DEFAULT NULL,
  `registration_package_id` int unsigned DEFAULT NULL,
  `product_order_id` int unsigned DEFAULT NULL,
  `item_price` double(15,2) NOT NULL DEFAULT '0.00',
  `status` enum('paying','open','rejected','pending_verification','canceled','refunded') CHARACTER SET utf8mb4 COLLATE utf8mb4_unicode_ci NOT NULL DEFAULT 'paying',
  `created_at` bigint unsigned NOT NULL,
  `refund_at` bigint unsigned DEFAULT NULL,
  PRIMARY KEY (`id`),
  KEY `installment_orders_installment_id_foreign` (`installment_id`),
  KEY `installment_orders_user_id_foreign` (`user_id`),
  KEY `installment_orders_webinar_id_foreign` (`webinar_id`),
  KEY `installment_orders_product_id_foreign` (`product_id`),
  KEY `installment_orders_bundle_id_foreign` (`bundle_id`),
  KEY `installment_orders_subscribe_id_foreign` (`subscribe_id`),
  KEY `installment_orders_registration_package_id_foreign` (`registration_package_id`),
  KEY `installment_product_order_id` (`product_order_id`),
  CONSTRAINT `installment_orders_bundle_id_foreign` FOREIGN KEY (`bundle_id`) REFERENCES `bundles` (`id`) ON DELETE CASCADE,
  CONSTRAINT `installment_orders_installment_id_foreign` FOREIGN KEY (`installment_id`) REFERENCES `installments` (`id`) ON DELETE CASCADE,
  CONSTRAINT `installment_orders_product_id_foreign` FOREIGN KEY (`product_id`) REFERENCES `products` (`id`) ON DELETE CASCADE,
  CONSTRAINT `installment_orders_registration_package_id_foreign` FOREIGN KEY (`registration_package_id`) REFERENCES `registration_packages` (`id`) ON DELETE CASCADE,
  CONSTRAINT `installment_orders_subscribe_id_foreign` FOREIGN KEY (`subscribe_id`) REFERENCES `subscribes` (`id`) ON DELETE CASCADE,
  CONSTRAINT `installment_orders_user_id_foreign` FOREIGN KEY (`user_id`) REFERENCES `users` (`id`) ON DELETE CASCADE,
  CONSTRAINT `installment_orders_webinar_id_foreign` FOREIGN KEY (`webinar_id`) REFERENCES `webinars` (`id`) ON DELETE CASCADE,
  CONSTRAINT `installment_product_order_id` FOREIGN KEY (`product_order_id`) REFERENCES `product_orders` (`id`) ON DELETE CASCADE
) ENGINE=InnoDB AUTO_INCREMENT=3 DEFAULT CHARSET=utf8mb4 COLLATE=utf8mb4_unicode_ci;
/*!40101 SET character_set_client = @saved_cs_client */;

--
-- Dumping data for table `installment_orders`
--

LOCK TABLES `installment_orders` WRITE;
/*!40000 ALTER TABLE `installment_orders` DISABLE KEYS */;
/*!40000 ALTER TABLE `installment_orders` ENABLE KEYS */;
UNLOCK TABLES;

--
-- Table structure for table `installment_reminders`
--

DROP TABLE IF EXISTS `installment_reminders`;
/*!40101 SET @saved_cs_client     = @@character_set_client */;
/*!50503 SET character_set_client = utf8mb4 */;
CREATE TABLE `installment_reminders` (
  `id` int unsigned NOT NULL AUTO_INCREMENT,
  `user_id` int unsigned NOT NULL,
  `installment_order_id` int unsigned NOT NULL,
  `installment_step_id` int unsigned NOT NULL,
  `type` enum('before_due','due','after_due') CHARACTER SET utf8mb4 COLLATE utf8mb4_unicode_ci NOT NULL,
  `created_at` bigint unsigned NOT NULL,
  PRIMARY KEY (`id`),
  KEY `installment_reminders_user_id_foreign` (`user_id`),
  CONSTRAINT `installment_reminders_user_id_foreign` FOREIGN KEY (`user_id`) REFERENCES `users` (`id`) ON DELETE CASCADE
) ENGINE=InnoDB AUTO_INCREMENT=4 DEFAULT CHARSET=utf8mb4 COLLATE=utf8mb4_unicode_ci;
/*!40101 SET character_set_client = @saved_cs_client */;

--
-- Dumping data for table `installment_reminders`
--

LOCK TABLES `installment_reminders` WRITE;
/*!40000 ALTER TABLE `installment_reminders` DISABLE KEYS */;
/*!40000 ALTER TABLE `installment_reminders` ENABLE KEYS */;
UNLOCK TABLES;

--
-- Table structure for table `installment_specification_items`
--

DROP TABLE IF EXISTS `installment_specification_items`;
/*!40101 SET @saved_cs_client     = @@character_set_client */;
/*!50503 SET character_set_client = utf8mb4 */;
CREATE TABLE `installment_specification_items` (
  `id` int unsigned NOT NULL AUTO_INCREMENT,
  `installment_id` int unsigned NOT NULL,
  `category_id` int unsigned DEFAULT NULL,
  `instructor_id` int unsigned DEFAULT NULL,
  `seller_id` int unsigned DEFAULT NULL,
  `webinar_id` int unsigned DEFAULT NULL,
  `product_id` int unsigned DEFAULT NULL,
  `bundle_id` int unsigned DEFAULT NULL,
  `subscribe_id` int unsigned DEFAULT NULL,
  `registration_package_id` int unsigned DEFAULT NULL,
  PRIMARY KEY (`id`),
  KEY `installment_specification_items_installment_id_foreign` (`installment_id`),
  KEY `installment_specification_items_category_id_foreign` (`category_id`),
  KEY `installment_specification_items_instructor_id_foreign` (`instructor_id`),
  KEY `installment_specification_items_seller_id_foreign` (`seller_id`),
  KEY `installment_specification_items_webinar_id_foreign` (`webinar_id`),
  KEY `installment_specification_items_product_id_foreign` (`product_id`),
  KEY `installment_specification_items_bundle_id_foreign` (`bundle_id`),
  KEY `installment_specification_items_subscribe_id_foreign` (`subscribe_id`),
  KEY `installment_specification_items_registration_package_id_foreign` (`registration_package_id`),
  CONSTRAINT `installment_specification_items_bundle_id_foreign` FOREIGN KEY (`bundle_id`) REFERENCES `bundles` (`id`) ON DELETE CASCADE,
  CONSTRAINT `installment_specification_items_category_id_foreign` FOREIGN KEY (`category_id`) REFERENCES `categories` (`id`) ON DELETE CASCADE,
  CONSTRAINT `installment_specification_items_installment_id_foreign` FOREIGN KEY (`installment_id`) REFERENCES `installments` (`id`) ON DELETE CASCADE,
  CONSTRAINT `installment_specification_items_instructor_id_foreign` FOREIGN KEY (`instructor_id`) REFERENCES `users` (`id`) ON DELETE CASCADE,
  CONSTRAINT `installment_specification_items_product_id_foreign` FOREIGN KEY (`product_id`) REFERENCES `products` (`id`) ON DELETE CASCADE,
  CONSTRAINT `installment_specification_items_registration_package_id_foreign` FOREIGN KEY (`registration_package_id`) REFERENCES `registration_packages` (`id`) ON DELETE CASCADE,
  CONSTRAINT `installment_specification_items_seller_id_foreign` FOREIGN KEY (`seller_id`) REFERENCES `users` (`id`) ON DELETE CASCADE,
  CONSTRAINT `installment_specification_items_subscribe_id_foreign` FOREIGN KEY (`subscribe_id`) REFERENCES `subscribes` (`id`) ON DELETE CASCADE,
  CONSTRAINT `installment_specification_items_webinar_id_foreign` FOREIGN KEY (`webinar_id`) REFERENCES `webinars` (`id`) ON DELETE CASCADE
) ENGINE=InnoDB AUTO_INCREMENT=16 DEFAULT CHARSET=utf8mb4 COLLATE=utf8mb4_unicode_ci;
/*!40101 SET character_set_client = @saved_cs_client */;

--
-- Dumping data for table `installment_specification_items`
--

LOCK TABLES `installment_specification_items` WRITE;
/*!40000 ALTER TABLE `installment_specification_items` DISABLE KEYS */;
INSERT INTO `installment_specification_items` VALUES (15,1,NULL,NULL,NULL,2022,NULL,NULL,NULL,NULL);
/*!40000 ALTER TABLE `installment_specification_items` ENABLE KEYS */;
UNLOCK TABLES;

--
-- Table structure for table `installment_step_translations`
--

DROP TABLE IF EXISTS `installment_step_translations`;
/*!40101 SET @saved_cs_client     = @@character_set_client */;
/*!50503 SET character_set_client = utf8mb4 */;
CREATE TABLE `installment_step_translations` (
  `id` int unsigned NOT NULL AUTO_INCREMENT,
  `installment_step_id` int unsigned NOT NULL,
  `locale` varchar(255) CHARACTER SET utf8mb4 COLLATE utf8mb4_unicode_ci NOT NULL,
  `title` varchar(255) CHARACTER SET utf8mb4 COLLATE utf8mb4_unicode_ci NOT NULL,
  PRIMARY KEY (`id`),
  KEY `installment_step_translations_installment_step_id_foreign` (`installment_step_id`),
  KEY `installment_step_translations_locale_index` (`locale`),
  CONSTRAINT `installment_step_translations_installment_step_id_foreign` FOREIGN KEY (`installment_step_id`) REFERENCES `installment_steps` (`id`) ON DELETE CASCADE
) ENGINE=InnoDB AUTO_INCREMENT=4 DEFAULT CHARSET=utf8mb4 COLLATE=utf8mb4_unicode_ci;
/*!40101 SET character_set_client = @saved_cs_client */;

--
-- Dumping data for table `installment_step_translations`
--

LOCK TABLES `installment_step_translations` WRITE;
/*!40000 ALTER TABLE `installment_step_translations` DISABLE KEYS */;
INSERT INTO `installment_step_translations` VALUES (1,1,'en','First Installment'),(2,2,'en','Second Installment'),(3,3,'en','Third Installment');
/*!40000 ALTER TABLE `installment_step_translations` ENABLE KEYS */;
UNLOCK TABLES;

--
-- Table structure for table `installment_steps`
--

DROP TABLE IF EXISTS `installment_steps`;
/*!40101 SET @saved_cs_client     = @@character_set_client */;
/*!50503 SET character_set_client = utf8mb4 */;
CREATE TABLE `installment_steps` (
  `id` int unsigned NOT NULL AUTO_INCREMENT,
  `installment_id` int unsigned NOT NULL,
  `deadline` int unsigned DEFAULT NULL,
  `amount` double(15,2) DEFAULT NULL,
  `amount_type` enum('fixed_amount','percent') CHARACTER SET utf8mb4 COLLATE utf8mb4_unicode_ci DEFAULT NULL,
  `order` int unsigned DEFAULT NULL,
  PRIMARY KEY (`id`),
  KEY `installment_steps_installment_id_foreign` (`installment_id`),
  CONSTRAINT `installment_steps_installment_id_foreign` FOREIGN KEY (`installment_id`) REFERENCES `installments` (`id`) ON DELETE CASCADE
) ENGINE=InnoDB AUTO_INCREMENT=4 DEFAULT CHARSET=utf8mb4 COLLATE=utf8mb4_unicode_ci;
/*!40101 SET character_set_client = @saved_cs_client */;

--
-- Dumping data for table `installment_steps`
--

LOCK TABLES `installment_steps` WRITE;
/*!40000 ALTER TABLE `installment_steps` DISABLE KEYS */;
INSERT INTO `installment_steps` VALUES (1,1,90,20.00,'percent',0),(2,1,180,30.00,'percent',1),(3,1,270,30.00,'percent',2);
/*!40000 ALTER TABLE `installment_steps` ENABLE KEYS */;
UNLOCK TABLES;

--
-- Table structure for table `installment_translations`
--

DROP TABLE IF EXISTS `installment_translations`;
/*!40101 SET @saved_cs_client     = @@character_set_client */;
/*!50503 SET character_set_client = utf8mb4 */;
CREATE TABLE `installment_translations` (
  `id` int unsigned NOT NULL AUTO_INCREMENT,
  `installment_id` int unsigned NOT NULL,
  `locale` varchar(255) CHARACTER SET utf8mb4 COLLATE utf8mb4_unicode_ci NOT NULL,
  `title` varchar(255) CHARACTER SET utf8mb4 COLLATE utf8mb4_unicode_ci NOT NULL,
  `main_title` varchar(255) CHARACTER SET utf8mb4 COLLATE utf8mb4_unicode_ci NOT NULL,
  `description` text CHARACTER SET utf8mb4 COLLATE utf8mb4_unicode_ci NOT NULL,
  `banner` varchar(255) CHARACTER SET utf8mb4 COLLATE utf8mb4_unicode_ci DEFAULT NULL,
  `options` text CHARACTER SET utf8mb4 COLLATE utf8mb4_unicode_ci,
  `verification_description` text CHARACTER SET utf8mb4 COLLATE utf8mb4_unicode_ci,
  `verification_banner` varchar(255) CHARACTER SET utf8mb4 COLLATE utf8mb4_unicode_ci DEFAULT NULL,
  `verification_video` varchar(255) CHARACTER SET utf8mb4 COLLATE utf8mb4_unicode_ci DEFAULT NULL,
  PRIMARY KEY (`id`),
  KEY `installment_translations_installment_id_foreign` (`installment_id`),
  KEY `installment_translations_locale_index` (`locale`),
  CONSTRAINT `installment_translations_installment_id_foreign` FOREIGN KEY (`installment_id`) REFERENCES `installments` (`id`) ON DELETE CASCADE
) ENGINE=InnoDB AUTO_INCREMENT=2 DEFAULT CHARSET=utf8mb4 COLLATE=utf8mb4_unicode_ci;
/*!40101 SET character_set_client = @saved_cs_client */;

--
-- Dumping data for table `installment_translations`
--

LOCK TABLES `installment_translations` WRITE;
/*!40000 ALTER TABLE `installment_translations` DISABLE KEYS */;
INSERT INTO `installment_translations` VALUES (1,1,'en','Christmas installment plan','Installment payment On Christmas','Buy your courses in installments.','/store/1/default_images/Installments/installment_banner.png','Instant access to course files88889 months payment duration8888No price difference with cash payments8888Get points after finalizing installments','<p>To use this installment plan, you should attach a picture of your ID card and your 3-month bank account statement.</p><p>We will try to review your request as soon as possible.</p>','/store/1/default_images/Installments/verification_image.png',NULL);
/*!40000 ALTER TABLE `installment_translations` ENABLE KEYS */;
UNLOCK TABLES;

--
-- Table structure for table `installment_user_groups`
--

DROP TABLE IF EXISTS `installment_user_groups`;
/*!40101 SET @saved_cs_client     = @@character_set_client */;
/*!50503 SET character_set_client = utf8mb4 */;
CREATE TABLE `installment_user_groups` (
  `id` int unsigned NOT NULL AUTO_INCREMENT,
  `installment_id` int unsigned NOT NULL,
  `group_id` int unsigned DEFAULT NULL,
  PRIMARY KEY (`id`),
  KEY `installment_user_groups_installment_id_foreign` (`installment_id`),
  KEY `installment_user_groups_group_id_foreign` (`group_id`),
  CONSTRAINT `installment_user_groups_group_id_foreign` FOREIGN KEY (`group_id`) REFERENCES `groups` (`id`) ON DELETE CASCADE,
  CONSTRAINT `installment_user_groups_installment_id_foreign` FOREIGN KEY (`installment_id`) REFERENCES `installments` (`id`) ON DELETE CASCADE
) ENGINE=InnoDB DEFAULT CHARSET=utf8mb4 COLLATE=utf8mb4_unicode_ci;
/*!40101 SET character_set_client = @saved_cs_client */;

--
-- Dumping data for table `installment_user_groups`
--

LOCK TABLES `installment_user_groups` WRITE;
/*!40000 ALTER TABLE `installment_user_groups` DISABLE KEYS */;
/*!40000 ALTER TABLE `installment_user_groups` ENABLE KEYS */;
UNLOCK TABLES;

--
-- Table structure for table `installments`
--

DROP TABLE IF EXISTS `installments`;
/*!40101 SET @saved_cs_client     = @@character_set_client */;
/*!50503 SET character_set_client = utf8mb4 */;
CREATE TABLE `installments` (
  `id` int unsigned NOT NULL AUTO_INCREMENT,
  `target_type` enum('all','courses','store_products','bundles','meetings','registration_packages','subscription_packages') CHARACTER SET utf8mb4 COLLATE utf8mb4_unicode_ci NOT NULL,
  `target` varchar(255) CHARACTER SET utf8mb4 COLLATE utf8mb4_unicode_ci DEFAULT NULL,
  `capacity` int unsigned DEFAULT NULL,
  `start_date` bigint unsigned DEFAULT NULL,
  `end_date` bigint unsigned DEFAULT NULL,
  `verification` tinyint(1) NOT NULL DEFAULT '0',
  `request_uploads` tinyint(1) NOT NULL DEFAULT '0',
  `bypass_verification_for_verified_users` tinyint(1) NOT NULL DEFAULT '0',
  `upfront` double(15,2) DEFAULT NULL,
  `upfront_type` enum('fixed_amount','percent') CHARACTER SET utf8mb4 COLLATE utf8mb4_unicode_ci DEFAULT NULL,
  `enable` tinyint(1) NOT NULL DEFAULT '0',
  `created_at` bigint unsigned NOT NULL,
  PRIMARY KEY (`id`)
) ENGINE=InnoDB AUTO_INCREMENT=2 DEFAULT CHARSET=utf8mb4 COLLATE=utf8mb4_unicode_ci;
/*!40101 SET character_set_client = @saved_cs_client */;

--
-- Dumping data for table `installments`
--

LOCK TABLES `installments` WRITE;
/*!40000 ALTER TABLE `installments` DISABLE KEYS */;
INSERT INTO `installments` VALUES (1,'courses','specific_courses',10,1672549200,NULL,1,1,0,30.00,'percent',1,1678904056);
/*!40000 ALTER TABLE `installments` ENABLE KEYS */;
UNLOCK TABLES;

--
-- Table structure for table `ip_restrictions`
--

DROP TABLE IF EXISTS `ip_restrictions`;
/*!40101 SET @saved_cs_client     = @@character_set_client */;
/*!50503 SET character_set_client = utf8mb4 */;
CREATE TABLE `ip_restrictions` (
  `id` int unsigned NOT NULL AUTO_INCREMENT,
  `type` enum('full_ip','ip_range','country') CHARACTER SET utf8mb4 COLLATE utf8mb4_general_ci NOT NULL,
  `value` varchar(255) CHARACTER SET utf8mb4 COLLATE utf8mb4_general_ci NOT NULL COMMENT 'full ip or ip range or country name',
  `reason` text CHARACTER SET utf8mb4 COLLATE utf8mb4_general_ci NOT NULL,
  `created_at` bigint unsigned NOT NULL,
  PRIMARY KEY (`id`)
) ENGINE=InnoDB AUTO_INCREMENT=4 DEFAULT CHARSET=utf8mb4 COLLATE=utf8mb4_general_ci;
/*!40101 SET character_set_client = @saved_cs_client */;

--
-- Dumping data for table `ip_restrictions`
--

LOCK TABLES `ip_restrictions` WRITE;
/*!40000 ALTER TABLE `ip_restrictions` DISABLE KEYS */;
INSERT INTO `ip_restrictions` VALUES (1,'full_ip','139.10.13.206','Spammer',1709534805),(3,'country','CK','Testing Country Restriction',1709534952);
/*!40000 ALTER TABLE `ip_restrictions` ENABLE KEYS */;
UNLOCK TABLES;

--
-- Table structure for table `jazzcash_transactions`
--

DROP TABLE IF EXISTS `jazzcash_transactions`;
/*!40101 SET @saved_cs_client     = @@character_set_client */;
/*!50503 SET character_set_client = utf8mb4 */;
CREATE TABLE `jazzcash_transactions` (
  `id` bigint unsigned NOT NULL AUTO_INCREMENT,
  `txn_ref_no` varchar(255) CHARACTER SET utf8mb4 COLLATE utf8mb4_unicode_ci NOT NULL,
  `order` longtext CHARACTER SET utf8mb4 COLLATE utf8mb4_bin NOT NULL COMMENT 'Order data fields and values',
  `request` longtext CHARACTER SET utf8mb4 COLLATE utf8mb4_bin NOT NULL COMMENT 'Jazzcash request data fields and values',
  `response` longtext CHARACTER SET utf8mb4 COLLATE utf8mb4_bin COMMENT 'Jazzcash response data fields and values',
  `status` enum('pending','error','completed') CHARACTER SET utf8mb4 COLLATE utf8mb4_unicode_ci NOT NULL DEFAULT 'pending',
  `created_at` timestamp NULL DEFAULT NULL,
  `updated_at` timestamp NULL DEFAULT NULL,
  PRIMARY KEY (`id`)
) ENGINE=InnoDB AUTO_INCREMENT=19 DEFAULT CHARSET=utf8mb4 COLLATE=utf8mb4_unicode_ci;
/*!40101 SET character_set_client = @saved_cs_client */;

--
-- Dumping data for table `jazzcash_transactions`
--

LOCK TABLES `jazzcash_transactions` WRITE;
/*!40000 ALTER TABLE `jazzcash_transactions` DISABLE KEYS */;
/*!40000 ALTER TABLE `jazzcash_transactions` ENABLE KEYS */;
UNLOCK TABLES;

--
-- Table structure for table `jobs`
--

DROP TABLE IF EXISTS `jobs`;
/*!40101 SET @saved_cs_client     = @@character_set_client */;
/*!50503 SET character_set_client = utf8mb4 */;
CREATE TABLE `jobs` (
  `id` bigint unsigned NOT NULL AUTO_INCREMENT,
  `queue` varchar(255) CHARACTER SET utf8mb4 COLLATE utf8mb4_unicode_ci NOT NULL,
  `payload` longtext CHARACTER SET utf8mb4 COLLATE utf8mb4_unicode_ci NOT NULL,
  `attempts` tinyint unsigned NOT NULL,
  `reserved_at` int unsigned DEFAULT NULL,
  `available_at` int unsigned NOT NULL,
  `created_at` int unsigned NOT NULL,
  PRIMARY KEY (`id`),
  KEY `jobs_queue_index` (`queue`)
) ENGINE=InnoDB AUTO_INCREMENT=4 DEFAULT CHARSET=utf8mb4 COLLATE=utf8mb4_unicode_ci;
/*!40101 SET character_set_client = @saved_cs_client */;

--
-- Dumping data for table `jobs`
--

LOCK TABLES `jobs` WRITE;
/*!40000 ALTER TABLE `jobs` DISABLE KEYS */;
/*!40000 ALTER TABLE `jobs` ENABLE KEYS */;
UNLOCK TABLES;

--
-- Table structure for table `meeting_times`
--

DROP TABLE IF EXISTS `meeting_times`;
/*!40101 SET @saved_cs_client     = @@character_set_client */;
/*!50503 SET character_set_client = utf8mb4 */;
CREATE TABLE `meeting_times` (
  `id` int unsigned NOT NULL AUTO_INCREMENT,
  `meeting_id` int unsigned NOT NULL,
  `meeting_type` enum('all','in_person','online') CHARACTER SET utf8mb4 COLLATE utf8mb4_unicode_ci NOT NULL DEFAULT 'all',
  `day_label` enum('saturday','sunday','monday','tuesday','wednesday','thursday','friday') CHARACTER SET utf8mb4 COLLATE utf8mb4_unicode_ci NOT NULL,
  `time` varchar(64) CHARACTER SET utf8mb4 COLLATE utf8mb4_unicode_ci NOT NULL,
  `description` text CHARACTER SET utf8mb4 COLLATE utf8mb4_unicode_ci,
  `created_at` int NOT NULL,
  PRIMARY KEY (`id`) USING BTREE,
  KEY `meeting_times_meeting_id_foreign` (`meeting_id`) USING BTREE,
  CONSTRAINT `meeting_times_meeting_id_foreign` FOREIGN KEY (`meeting_id`) REFERENCES `meetings` (`id`) ON DELETE CASCADE
) ENGINE=InnoDB AUTO_INCREMENT=174 DEFAULT CHARSET=utf8mb4 COLLATE=utf8mb4_unicode_ci ROW_FORMAT=DYNAMIC;
/*!40101 SET character_set_client = @saved_cs_client */;

--
-- Dumping data for table `meeting_times`
--

LOCK TABLES `meeting_times` WRITE;
/*!40000 ALTER TABLE `meeting_times` DISABLE KEYS */;
INSERT INTO `meeting_times` VALUES (93,30,'all','saturday','10:00AM-11:30AM',NULL,1625938350),(94,30,'all','sunday','05:00PM-06:00PM',NULL,1625938383),(95,30,'all','sunday','06:30PM-07:30PM',NULL,1625938416),(96,30,'all','monday','09:45AM-10:15AM',NULL,1625938436),(97,30,'all','monday','11:00AM-11:45AM',NULL,1625938462),(98,30,'all','monday','06:00PM-07:30PM',NULL,1625938497),(99,30,'all','tuesday','08:30AM-09:30AM',NULL,1625938517),(100,30,'all','wednesday','10:30AM-11:30AM',NULL,1625938585),(101,30,'all','thursday','04:50PM-05:50PM',NULL,1625938619),(102,30,'all','wednesday','06:00PM-07:30PM',NULL,1625938647),(103,30,'all','wednesday','08:30PM-09:45PM',NULL,1625938681),(104,30,'all','wednesday','10:00PM-10:30PM',NULL,1625938700),(105,30,'all','thursday','06:00PM-08:00PM',NULL,1625938755),(106,30,'all','friday','10:15AM-11:45AM',NULL,1625938776),(107,32,'all','wednesday','09:00AM-11:30AM',NULL,1625939319),(108,32,'all','monday','09:00AM-10:30AM',NULL,1625939339),(109,32,'all','monday','10:45AM-11:45AM',NULL,1625939358),(110,32,'all','tuesday','06:00PM-07:30PM',NULL,1625939384),(111,33,'all','monday','08:00AM-09:30AM',NULL,1625939462),(112,33,'all','thursday','08:30AM-09:30AM',NULL,1625939477),(113,33,'all','tuesday','10:30AM-11:30AM',NULL,1625939493),(114,33,'all','wednesday','08:00AM-09:00AM',NULL,1625939508),(115,33,'all','thursday','09:30AM-10:30AM',NULL,1625939527),(116,33,'all','monday','10:30AM-11:30AM',NULL,1625939551),(140,31,'all','monday','08:40AM-09:40AM',NULL,1625942014),(141,31,'all','monday','10:00AM-11:30AM',NULL,1625942028),(142,31,'all','monday','05:00PM-06:30PM',NULL,1625942048),(143,31,'all','monday','06:45PM-07:45PM',NULL,1625942079),(144,31,'all','monday','08:00PM-09:30PM',NULL,1625942101),(145,31,'all','monday','10:00PM-10:30PM',NULL,1625942137),(146,31,'all','tuesday','08:30AM-09:30AM',NULL,1625942159),(147,31,'all','tuesday','10:00AM-11:00AM',NULL,1625942173),(148,31,'all','tuesday','06:00PM-07:00PM',NULL,1625942191),(149,31,'all','saturday','09:30AM-10:30AM',NULL,1625942210),(150,31,'all','sunday','08:30AM-09:30AM',NULL,1625942229),(151,31,'all','sunday','09:45AM-10:00AM',NULL,1625942247),(152,31,'all','sunday','10:30AM-11:45AM',NULL,1625942266),(153,31,'all','saturday','10:45AM-11:45AM',NULL,1625942311),(154,31,'all','sunday','05:00PM-06:30PM',NULL,1625942351),(155,31,'all','wednesday','08:15AM-09:15AM',NULL,1625942379),(156,31,'all','wednesday','09:30AM-10:30AM',NULL,1625942395),(157,31,'all','wednesday','10:45AM-11:45AM',NULL,1625942414),(158,31,'all','thursday','07:30AM-08:30AM',NULL,1625942446),(159,31,'all','thursday','08:45AM-09:45AM',NULL,1625942461),(160,31,'all','thursday','10:00AM-11:00AM',NULL,1625942474),(161,31,'all','thursday','05:30PM-07:00PM',NULL,1625942499),(162,31,'all','friday','09:00AM-10:00AM',NULL,1625942521),(163,31,'all','friday','10:30AM-11:30AM',NULL,1625942564),(164,31,'all','tuesday','08:00PM-09:00PM',NULL,1625942840),(165,31,'all','saturday','06:00PM-07:00PM',NULL,1625943005),(167,32,'in_person','saturday','06:30PM-08:30PM','School Management Workshop',1646352258),(168,30,'in_person','sunday','10:00AM-11:30AM','School Management Workshop.',1646352499),(169,30,'in_person','tuesday','10:30AM-11:30AM','Risk Management Workshop.',1646352560),(170,30,'online','friday','04:30PM-05:30PM',NULL,1646352585),(171,30,'online','friday','06:00PM-07:30PM','Risk Management Workshop.',1646352619),(172,30,'in_person','friday','08:00PM-09:30PM','Risk Management Workshop.',1646352638),(173,30,'in_person','saturday','12:15PM-01:45PM','Risk Management Workshop.',1646352676);
/*!40000 ALTER TABLE `meeting_times` ENABLE KEYS */;
UNLOCK TABLES;

--
-- Table structure for table `meetings`
--

DROP TABLE IF EXISTS `meetings`;
/*!40101 SET @saved_cs_client     = @@character_set_client */;
/*!50503 SET character_set_client = utf8mb4 */;
CREATE TABLE `meetings` (
  `id` int unsigned NOT NULL AUTO_INCREMENT,
  `creator_id` int unsigned NOT NULL,
  `amount` double(15,2) unsigned DEFAULT NULL,
  `discount` int DEFAULT NULL,
  `in_person` tinyint(1) NOT NULL DEFAULT '0',
  `in_person_amount` double(15,2) DEFAULT NULL,
  `group_meeting` tinyint(1) NOT NULL DEFAULT '0',
  `online_group_min_student` int DEFAULT NULL,
  `online_group_max_student` int DEFAULT NULL,
  `online_group_amount` double(15,2) DEFAULT NULL,
  `in_person_group_min_student` int DEFAULT NULL,
  `in_person_group_max_student` int DEFAULT NULL,
  `in_person_group_amount` double(15,2) DEFAULT NULL,
  `disabled` tinyint(1) DEFAULT '0',
  `created_at` int NOT NULL,
  PRIMARY KEY (`id`) USING BTREE,
  KEY `meetings_creator_id_foreign` (`creator_id`) USING BTREE,
  CONSTRAINT `meetings_creator_id_foreign` FOREIGN KEY (`creator_id`) REFERENCES `users` (`id`) ON DELETE CASCADE
) ENGINE=InnoDB AUTO_INCREMENT=36 DEFAULT CHARSET=utf8mb4 COLLATE=utf8mb4_unicode_ci ROW_FORMAT=DYNAMIC;
/*!40101 SET character_set_client = @saved_cs_client */;

--
-- Dumping data for table `meetings`
--

LOCK TABLES `meetings` WRITE;
/*!40000 ALTER TABLE `meetings` DISABLE KEYS */;
INSERT INTO `meetings` VALUES (30,1015,100.00,NULL,1,250.00,1,20,200,50.00,5,30,150.00,0,1625938321),(31,934,100.00,NULL,0,NULL,0,NULL,NULL,NULL,NULL,NULL,NULL,0,1625939199),(32,929,200.00,NULL,1,500.00,0,NULL,NULL,NULL,NULL,NULL,NULL,0,1625939298),(33,870,100.00,NULL,1,200.00,1,20,100,80.00,5,30,150.00,0,1625939436);
/*!40000 ALTER TABLE `meetings` ENABLE KEYS */;
UNLOCK TABLES;

--
-- Table structure for table `migrations`
--

DROP TABLE IF EXISTS `migrations`;
/*!40101 SET @saved_cs_client     = @@character_set_client */;
/*!50503 SET character_set_client = utf8mb4 */;
CREATE TABLE `migrations` (
  `id` int unsigned NOT NULL AUTO_INCREMENT,
  `migration` varchar(255) CHARACTER SET utf8mb4 COLLATE utf8mb4_unicode_ci NOT NULL,
  `batch` int NOT NULL,
  PRIMARY KEY (`id`) USING BTREE
) ENGINE=InnoDB AUTO_INCREMENT=575 DEFAULT CHARSET=utf8mb4 COLLATE=utf8mb4_unicode_ci;
/*!40101 SET character_set_client = @saved_cs_client */;

--
-- Dumping data for table `migrations`
--

LOCK TABLES `migrations` WRITE;
/*!40000 ALTER TABLE `migrations` DISABLE KEYS */;
INSERT INTO `migrations` VALUES (1,'2014_10_12_000000_create_users_table',1),(2,'2014_10_12_100000_create_password_resets_table',1),(3,'2020_08_09_145553_create_roles_table',1),(4,'2020_08_09_145834_create_sections_table',1),(5,'2020_08_09_145926_create_permissions_table',1),(6,'2020_08_24_163003_create_webinars_table',1),(7,'2020_08_24_164823_create_webinar_partner_teacher_table',1),(8,'2020_08_24_165658_create_tags_table',1),(9,'2020_08_24_165835_create_webinar_tag_table',1),(10,'2020_08_24_171611_create_categories_table',1),(11,'2020_08_29_052437_create_filters_table',1),(12,'2020_08_29_052900_create_filter_options_table',1),(13,'2020_08_29_054455_add_category_id_in_webinar_table',1),(14,'2020_09_01_174741_add_seo_description_and_start_end_time_in_webinar_table',1),(15,'2020_09_02_180508_create_webinar_filter_option_table',1),(16,'2020_09_02_193923_create_tickets_table',1),(17,'2020_09_02_210447_create_sessions_table',1),(18,'2020_09_02_212642_create_files_table',1),(19,'2020_09_03_175543_create_faqs_table',1),(20,'2020_09_08_175539_delete_webinar_tag_and_update_tag_table',1),(21,'2020_09_09_154522_create_quizzes_table',1),(22,'2020_09_09_174646_create_quizzes_questions_table',1),(23,'2020_09_09_182726_create_quizzes_questions_answers_table',1),(24,'2020_09_14_160028_create_prerequisites_table',1),(25,'2020_09_14_183235_nullable_item_id_in_quizzes_table',1),(26,'2020_09_14_190110_create_webinar_quizzes_table',1),(27,'2020_09_16_163835_create_quizzes_results_table',1),(28,'2020_09_24_102115_add_total_mark_in_quize_table',1),(29,'2020_09_24_132242_create_comment_table',1),(30,'2020_09_24_132639_create_favorites_table',1),(31,'2020_09_26_181200_create_certificate_table',1),(32,'2020_09_26_181444_create_certificates_templates_table',1),(33,'2020_09_30_170451_add_slug_in_webinars_table',1),(34,'2020_09_30_191202_create_purchases_table',1),(35,'2020_10_02_063828_create_rating_table',1),(36,'2020_10_02_094723_edit_table_and_add_foreign_key',1),(37,'2020_10_08_055408_add_reviwes_table',1),(38,'2020_10_08_084100_edit_status_comments_table',1),(39,'2020_10_08_121041_create_meetings_table',2),(40,'2020_10_08_121621_create_meeting_times_table',2),(41,'2020_10_08_121848_create_meeting_requests_table',2),(42,'2020_10_15_172913_add_about_and_head_line_in_users_table',2),(43,'2020_10_15_173645_create_follow_table',2),(46,'2020_10_17_100606_create_badges_table',3),(47,'2020_10_08_121848_create_reserve_meetings_table',4),(48,'2020_10_20_193013_update_users_table',5),(50,'2020_10_18_220323_convert_creatore_user_id_to_creator_id',7),(51,'2020_10_22_153502_create_cart_table',7),(52,'2020_10_22_154636_create_orders_table',7),(53,'2020_10_22_155930_create_order_items_table',7),(54,'2020_10_23_204203_create_sales_table',7),(55,'2020_10_23_211459_create_accounting_table',7),(56,'2020_10_23_213515_create_discounts_table',7),(57,'2020_10_23_213934_create_discount_users_table',7),(58,'2020_10_23_235444_create_ticket_users_table',7),(59,'2020_10_25_172331_create_groups_table',7),(60,'2020_10_25_172523_create_group_users_table',7),(62,'2020_11_02_202754_edit_email_in_users_table',8),(63,'2020_11_03_200314_edit_some_tables',9),(64,'2020_11_06_193300_create_settings_table',10),(67,'2020_11_09_202533_create_feature_webinars_table',11),(68,'2020_11_10_193459_edit_webinars_table',12),(69,'2020_11_11_203344_create_trend_categories_table',13),(72,'2020_11_11_222833_create_blog_categories_table',14),(75,'2020_11_11_231204_create_blog_table',15),(76,'2020_10_25_223247_add_sub_title_tickets_table',16),(77,'2020_10_28_001340_add_count_in_discount_users_table',16),(78,'2020_10_28_221509_create_payment_channels_table',16),(79,'2020_11_01_120909_change_class_name_enum_payment_channels_table',16),(80,'2020_11_07_233948_add_some_raw_in_order_items__table',16),(81,'2020_11_10_061350_add_discount_id_in_order_items_table',16),(82,'2020_11_10_071651_decimal_orders_order_items_sales_table',16),(83,'2020_11_11_193138_change_reference_id_type_in_orders_tabel',16),(84,'2020_11_11_222413_change_meeting_id_to_meeting_time_id_in_order_items_table',16),(85,'2020_11_11_225421_add_locked_at_and_reserved_at_and_change_request_time_to_day_in_reserve_meetings_table',17),(86,'2020_11_12_000116_add_type_in_orders_table',17),(87,'2020_11_12_001912_change_meeting_id_to_meeting_time_id_in_accounting_table',17),(88,'2020_11_12_133009_decimal_paid_amount_in_reserve_meetings_table',17),(91,'2020_11_12_170109_add_blog_id_to_comments_table',18),(98,'2020_11_14_201228_add_bio_and_ban_to_users_table',20),(99,'2020_11_14_224447_create_users_badges_table',21),(100,'2020_11_14_233319_create_payout_request_table',22),(101,'2020_11_15_010622_change_byer_id_and_add_seller_id_in_sales_table',22),(102,'2020_11_16_195009_create_supports_table',22),(103,'2020_11_16_201814_create_support_departments_table',22),(107,'2020_11_16_202254_create_supports_table',23),(109,'2020_11_17_192744_create_support_conversations_table',24),(110,'2020_11_17_072348_create_offline_payments_table',25),(111,'2020_11_19_191943_add_replied_status_to_comments_table',25),(114,'2020_11_20_215748_create_subscribes_table',26),(115,'2020_11_21_185519_create_notification_templates_table',27),(116,'2020_11_22_210832_create_promotions_table',28),(118,'2020_11_23_194153_add_status_column_to_discounts_table',29),(119,'2020_11_23_213532_create_users_occupations_table',30),(120,'2020_11_30_220855_change_amount_in_payouts_table',31),(121,'2020_11_30_231334_add_pay_date_in_offline_payments_table',31),(122,'2020_11_30_233018_add_charge_enum_in_type_in_orders_table',31),(123,'2020_12_01_193948_create_testimonials_table',32),(124,'2020_12_02_202043_edit_and_add_types_to_webinars_table',33),(128,'2020_12_04_204048_add_column_creator_id_to_some_tables',34),(129,'2020_12_05_205320_create_text_lessons_table',35),(130,'2020_12_05_210052_create_text_lessons_attachments_table',36),(131,'2020_12_06_215701_add_order_column_to_webinar_items_tables',37),(132,'2020_12_11_114844_add_column_storage_to_files_table',38),(133,'2020_12_07_211009_add_subscribe_id_in_order_items_table',39),(134,'2020_12_07_211657_nullable_payment_method_in_orders_table',39),(135,'2020_12_07_212306_add_subscribe_enum__type_in_orders_table',39),(136,'2020_12_07_223237_changes_in_sales_table',39),(137,'2020_12_07_224925_add_subscribe_id_in_accounting_table',39),(138,'2020_12_07_230200_create_subscribe_uses_table',39),(139,'2020_12_11_123209_add_subscribe_type_account_in_accounting_table',39),(140,'2020_12_11_132819_add_sale_id_in_subscribe_use_in_subscribe_uses_table',39),(141,'2020_12_11_135824_add_subscribe_payment_method_in_sales_table',39),(143,'2020_12_13_205751_create_advertising_banners_table',41),(145,'2020_12_14_204251_create_become_instructors_table',42),(146,'2020_11_12_232207_create_reports_table',43),(147,'2020_11_12_232207_create_comments_reports_table',44),(148,'2020_12_17_210822_create_webinar_reports_table',45),(150,'2020_12_18_181551_create_notifications_table',46),(151,'2020_12_18_195833_create_notifications_status_table',47),(152,'2020_12_19_195152_add_status_column_to_payment_channels_table',48),(154,'2020_12_20_231434_create_contacts_table',49),(155,'2020_12_21_210345_edit_quizzes_table',50),(156,'2020_12_24_221715_add_column_to_users_table',50),(157,'2020_12_24_084728_create_special_offers_table',51),(158,'2020_12_25_204545_add_promotion_enum_type_in_orders_table',51),(159,'2020_12_25_205139_add_promotion_id_in_order_items_table',51),(160,'2020_12_25_205811_add_promotion_id_in_accounting_table',51),(161,'2020_12_25_210341_add_promotion_id_in_sales_table',51),(162,'2020_12_25_212453_add_promotion_type_account_enum_in_accounting_table',51),(163,'2020_12_25_231005_add_promotion_type_enum_in_sales_table',51),(166,'2020_12_29_192943_add_column_reply_to_contacts_table',53),(167,'2020_12_30_225001_create_payu_transactions_table',54),(168,'2021_01_06_202649_edit_column_password_from_users_table',55),(169,'2021_01_08_134022_add_api_column_to_sessions_table',56),(170,'2021_01_10_215540_add_column_store_type_to_accounting',57),(173,'2021_01_13_214145_edit_carts_table',58),(174,'2021_01_13_230725_delete_column_type_from_orders_table',59),(175,'2021_01_20_214653_add_discount_column_to_reserve_meetings_table',60),(177,'2021_01_27_193915_add_foreign_key_to_support_conversations_table',61),(178,'2021_02_02_203821_add_viewed_at_column_to_comments_table',62),(180,'2021_02_12_134504_add_financial_approval_column_to_users_table',64),(181,'2021_02_12_131916_create_verifications_table',65),(182,'2021_02_15_221518_add_certificate_to_users_table',66),(183,'2021_02_16_194103_add_cloumn_private_to_webinars_table',66),(184,'2021_02_18_213601_edit_rates_column_webinar_reviews_table',67),(188,'2021_02_27_212131_create_noticeboards_table',68),(189,'2021_02_27_213940_create_noticeboards_status_table',68),(191,'2021_02_28_195025_edit_groups_table',69),(192,'2021_03_06_205221_create_newsletters_table',70),(193,'2021_03_12_105526_add_is_main_column_to_roles_table',71),(194,'2021_03_12_202441_add_description_column_to_feature_webinars_table',72),(195,'2021_03_18_130248_edit_status_column_from_supports_table',73),(196,'2021_03_19_113306_add_column_order_to_categories_table',74),(197,'2021_03_19_115939_add_column_order_to_filter_options_table',75),(199,'2021_03_24_100005_edit_discounts_table',76),(200,'2021_03_27_204551_create_sales_status_table',77),(202,'2021_03_28_182558_add_column_page_to_settings_table',78),(206,'2021_03_31_195835_add_new_status_in_reserve_meetings_table',79),(207,'2020_12_12_204705_create_course_learning_table',80),(208,'2021_04_19_195452_add_meta_description_column_to_blog_table',81),(209,'2021_04_21_200131_add_icon_column_to_categories_table',82),(210,'2021_04_21_203746_add_is_popular_column_to_subscribes_table',83),(211,'2021_04_25_203955_add_is_charge_account_column_to_order_items',84),(212,'2021_04_25_203955_add_is_charge_account_column_to_orders',85),(213,'2021_05_13_111720_add_moderator_secret_column_to_sessions_table',86),(214,'2021_05_13_123920_add_zoom_id_column_to_sessions_table',87),(215,'2021_05_14_182848_create_session_reminds_table',88),(217,'2021_05_25_193743_create_users_zoom_api_table',89),(218,'2021_05_25_205716_add_new_column_to_sessions_table',90),(219,'2021_05_27_095128_add_user_id_to_newsletters_table',91),(220,'2020_12_27_192459_create_pages_table',92),(221,'2021_07_03_222439_add_special_offer_id_to_cart_table',93),(222,'2021_09_02_101422_add_payment_data_to_orders_table',94),(223,'2021_09_02_110519_add_sender_id_to_notifications_table',95),(224,'2021_09_06_113524_create_webinar_chapters_table',96),(228,'2021_09_06_114459_add_chapter_id_to_files_table',97),(229,'2021_09_06_114532_add_chapter_id_to_text_lessons_table',97),(230,'2021_09_06_114547_add_chapter_id_to_sessions_table',97),(231,'2021_09_13_134659_add_chapter_id_to_quizzes_table',98),(234,'2021_09_14_122505_create_affiliates_table',100),(235,'2021_09_14_122117_create_affiliates_codes_table',101),(239,'2021_09_14_142927_add_affiliate_column_to_users_table',105),(241,'2021_09_14_142302_add_affiliate_column_to_accounting_table',106),(244,'2021_09_18_155914_create_blog_translations_table',107),(246,'2021_09_19_190400_create_page_translations_table',108),(248,'2021_09_19_203526_create_setting_translations_table',109),(250,'2021_09_20_140241_create_advertising_banners_translations_table',110),(252,'2021_09_20_175518_create_category_translations_table',111),(255,'2021_09_20_184724_create_filter_translations_table',112),(256,'2021_09_20_185132_create_filter_option_translations_table',112),(258,'2021_09_21_160650_create_subscribe_translations_table',113),(260,'2021_09_21_162922_create_promotion_translations_table',114),(262,'2021_09_21_164954_create_testimonial_translations_table',115),(264,'2021_09_21_182251_create_feature_webinar_translations_table',116),(266,'2021_09_21_184239_create_certificate_template_translations_table',117),(268,'2021_09_21_195731_create_support_department_translations_table',118),(270,'2021_09_21_201512_create_badge_translations_table',119),(272,'2021_09_22_120723_create_webinar_translations_table',120),(274,'2021_09_22_135518_create_ticket_translations_table',121),(276,'2021_09_22_144342_create_webinar_chapter_translations_table',122),(278,'2021_09_22_162502_create_session_translations_table',123),(280,'2021_09_22_172309_create_file_translations_table',124),(282,'2021_09_22_173500_create_faq_translations_table',125),(284,'2021_09_23_094903_create_text_lesson_translations_table',126),(286,'2021_09_27_194537_create_quiz_translations_table',127),(288,'2021_09_28_112529_create_quiz_question_translations_table',128),(290,'2021_09_28_122513_create_quizzes_questions_answer_translations_table',129),(291,'2021_12_03_103010_add_agora_session_api_to_sessions_table',130),(292,'2021_12_03_103558_add_agora_to_sessions_table',131),(293,'2021_12_03_114009_create_agora_history_table',132),(295,'2021_12_04_183524_create_regions_table',133),(298,'2021_12_25_151304_add_new_column_to_meetings_table',135),(299,'2021_12_26_142304_add_new_column_to_meeting_times_table',136),(302,'2022_01_01_162247_add_new_column_to_reserve_meetings_table',137),(305,'2022_01_02_142927_create_rewards_table',138),(307,'2022_01_03_153517_create_rewards_accounting_table',139),(308,'2022_01_04_161756_add_score_column_to_badges_table',140),(309,'2022_01_04_165147_add_points_column_to_webinars_table',141),(312,'2022_01_08_154504_edit_storage_column_and_add_new_value_to_files_table',142),(313,'2022_01_11_162839_add_timezone_column_to_users_table',143),(314,'2022_01_12_142238_add_timezone_column_to_webinars_table',144),(315,'2022_01_15_131828_create_registration_packages_table',145),(319,'2022_01_15_203133_edit_columns_in_accounting_table',146),(320,'2022_01_16_102825_edit_columns_in_order_items_table',147),(321,'2022_01_17_152605_add_registration_package_id_to_sales_table',148),(322,'2022_01_18_103414_create_users_registration_packages_table',149),(323,'2022_01_18_113331_create_groups_registration_packages_table',150),(325,'2022_01_20_110119_add_become_instructor_id_column_to_order_items_table',152),(326,'2022_01_18_160228_add_column_role_to_become_instructors_table',153),(327,'2022_01_26_080434_add_reserve_date_columns_to_reserve_meetings_table',154),(328,'2022_01_28_094259_edit_column_in_discounts_table',155),(329,'2022_01_28_094515_create_discount_courses_table',155),(330,'2022_01_28_094527_create_discount_groups_table',155),(331,'2022_01_31_093231_add_column_description_to_meeting_times_table',156),(332,'2022_01_31_093306_add_column_description_to_reserve_meetings_table',156),(334,'2022_02_01_092922_create_newsletters_history_table',157),(335,'2022_02_01_104529_create_discount_categories_table',158),(337,'2022_02_02_092820_add_attachment_column_to_offline_payments_table',159),(339,'2022_02_02_184235_add_column_video_demo_source_to_webinars_table',160),(340,'2021_12_05_193333_add_new_column_to_users_table',161),(341,'2022_02_27_072819_add_forign_key_for_region_to_users_table',162),(347,'2022_03_05_123830_create_product_categories_table',163),(348,'2022_03_05_125138_create_product_filters_table',163),(350,'2022_03_06_091528_create_product_filter_options_table',163),(351,'2022_03_07_081257_create_product_specifications_table',164),(353,'2022_03_07_081808_create_product_specification_categories_table',165),(357,'2022_03_05_125434_create_products_table',166),(358,'2022_03_07_093128_create_product_discounts_table',166),(362,'2022_03_08_101832_create_product_media_table',167),(363,'2022_03_09_054031_create_product_selected_filter_options_table',168),(364,'2022_03_09_083337_create_product_specification_meta_table',169),(369,'2022_03_09_084108_create_product_selected_specifications_table',170),(370,'2022_03_09_140558_create_product_faqs_table',171),(374,'2022_03_11_180436_create_product_reviews_table',174),(375,'2022_03_11_182715_add_product_id_to_comments_reports_table',175),(376,'2022_03_08_094452_create_product_files_table',176),(377,'2022_03_11_180746_add_product_id_to_comments_table',177),(378,'2022_03_12_102233_add_new_position_to_advertising_banners_table',178),(383,'2022_03_13_072108_add_product_id_to_sales_table',179),(385,'2022_03_13_081212_create_product_orders_table',180),(386,'2022_03_19_171559_create_product_selected_specification_translations_table',181),(387,'2022_03_21_161055_add_create_store_column_to_users_table',182),(388,'2022_03_26_065509_add_new_type_to_rewards_table',183),(389,'2022_03_28_051949_add_product_count_column_to_registration_packages_table',184),(391,'2022_03_28_054322_add_product_type_column_to_discounts_table',185),(392,'2022_03_28_062248_edit_type_column_of_rewards_accounting_table',186),(393,'2022_03_28_083906_edit_type_column_to_badges_table',187),(394,'2022_04_02_051515_create_webinar_chapter_items_table',188),(395,'2022_04_02_085059_remove_type_column_from_webinar_chapters_table',189),(396,'2022_04_02_131352_add_check_sequence_content_fields_to_contents_tables',190),(399,'2022_04_04_075541_add_assignment_type_to_webinar_chapter_items_table',192),(400,'2022_04_04_071203_create_webinar_assignments_table',193),(401,'2022_04_04_071303_create_webinar_assignment_attachments_table',193),(405,'2022_04_05_053308_create_webinar_assignment_history_table',194),(406,'2022_04_05_060030_create_webinar_assignment_history_messages_table',194),(407,'2022_04_06_121240_add_new_type_passed_assignment_to_rewards_table',195),(408,'2022_04_09_064609_add_access_content_column_to_users_table',196),(409,'2022_04_10_073822_create_bundles_table',197),(410,'2022_04_10_092348_create_bundle_filter_option_table',198),(413,'2022_04_10_130733_create_bundle_webinars_table',200),(421,'2022_04_10_093457_add_bundle_id_to_needle_tables',201),(422,'2022_04_12_153052_add_access_time_to_webinars_table',202),(423,'2022_04_13_053947_create_course_noticeboards_table',203),(424,'2022_04_13_054536_create_course_noticeboard_status_table',203),(425,'2022_04_13_130155_add_column_forum_to_webinars_table',204),(427,'2022_04_14_060606_create_course_forums_table',205),(428,'2022_04_14_063316_create_course_forum_answers_table',206),(447,'2022_04_21_133513_add_new_type_in_rewards_table',216),(448,'2022_04_21_135212_add_new_type_in_badges_table',217),(449,'2022_04_24_081637_add_new_type_instructor_blog_in_rewards_table',218),(450,'2022_04_24_082515_add_new_type_instructor_blog_in_badges_table',219),(452,'2022_04_25_043945_create_users_cookie_security_table',220),(453,'2022_04_25_143142_add_organization_price__column_to_webinars_table',221),(454,'2022_04_25_165256_add_image_and_video_to_quizzes_questions_table',222),(456,'2022_04_26_060018_edit_certificates_templates_table',223),(458,'2022_04_26_082017_edit_certificates_table',224),(459,'2022_04_26_155421_create_subscribe_reminds_table',225),(460,'2022_04_26_163428_add_instructor_id_to_noticeboards_table',226),(461,'2022_04_27_133655_add_unlimited_download_to_subscribes_table',227),(462,'2022_04_27_133655_add_infinite_use_to_subscribes_table',228),(463,'2022_04_27_140844_add_extra_time_to_join_to_sessions_table',229),(464,'2022_04_28_052318_create_webinar_extra_description_table',230),(466,'2022_05_09_125820_create_navbar_buttons_table',232),(467,'2021_06_07_000000_create_payku_transactions_table',233),(468,'2021_06_07_000001_create_payku_payments_table',233),(469,'2021_11_30_122831_create_jazzcash_transactions_table',233),(470,'2021_12_15_000000_add_new_columns_to_tables',233),(471,'2022_05_23_081324_create_product_specification_multi_values_table',234),(472,'2022_05_23_091527_create_product_selected_specification_multi_values_table',235),(475,'2022_05_23_151601_add_product_delivery_fee_column_to_sales_table',236),(476,'2022_04_18_103856_create_forums_table',237),(477,'2022_04_18_152201_create_forum_topics_table',237),(478,'2022_04_18_152845_create_forum_topic_attachments_table',237),(479,'2022_04_19_071911_create_forum_topic_posts_table',237),(480,'2022_04_19_123745_create_forum_topic_reports_table',237),(481,'2022_04_19_135314_create_forum_topic_bookmarks_table',237),(482,'2022_04_19_152929_create_forum_topic_likes_table',237),(483,'2022_04_20_152756_create_forum_featured_topics_table',237),(484,'2022_04_21_054043_create_forum_recommended_topics_table',237),(485,'2022_04_21_054815_create_forum_recommended_topic_items_table',237),(486,'2022_05_26_085212_change_some_column_varchar_to_text',238),(487,'2022_05_27_142612_add_avarat_settings_to_users_table',239),(489,'2022_05_01_151107_add_manual_added_column_to_sales_table',240),(490,'2022_05_29_162315_create_delete_account_requests_table',241),(491,'2020_10_20_211927_create_users_metas_table',242),(492,'2022_05_31_133347_add_certificate_column_to_webinars_table',243),(494,'2022_05_31_165839_add_online_viewer_column_to_files_table',244),(495,'2022_06_08_071712_create_home_sections_table',245),(496,'2022_10_14_074434_add_reserve_meeting_id_to_sessions_table',246),(497,'2022_12_25_082946_add_logged_count_column_to_users_table',247),(498,'2022_12_26_064214_add_new_column_to_quizzes_table',247),(499,'2022_12_27_064800_add_column_url_to_categories_table',247),(500,'2023_01_02_085731_create_upcoming_courses_table',248),(501,'2023_01_09_065436_create_installments_table',249),(502,'2023_01_14_144421_create_installment_orders_table',250),(503,'2023_01_18_064141_create_floating_bars_table',251),(504,'2023_01_18_145605_create_cashback_rules_table',252),(505,'2023_01_21_075422_add_column_to_accounting_table',253),(506,'2023_01_24_141128_create_currencies_table',254),(507,'2023_01_25_090622_add_currency_column_to_users',254),(508,'2023_01_25_104531_edit_price_column_tables',254),(509,'2023_01_25_145647_add_column_to_payment_channels_table',254),(510,'2023_01_29_074044_create_installment_reminders_table',255),(511,'2023_02_06_135446_add_new_columns_to_special_offers_table',256),(512,'2023_02_07_141617_create_discount_bundles_table',257),(513,'2023_02_07_152101_add_new_columns_to_users_zoom_api_table',258),(514,'2023_02_08_140023_create_home_page_statistics_table',259),(515,'2023_02_11_135759_add_enable_waitlist_column_to_webinars_table',260),(516,'2023_02_11_144743_create_waitlists_table',261),(518,'2023_02_13_134648_create_offline_banks_table',262),(520,'2023_02_14_144003_create_user_banks_table',263),(523,'2023_02_15_140227_create_test_table',264),(524,'2023_02_15_151458_add_new_storage_to_files_table',265),(528,'2023_02_20_141047_create_gifts_table',266),(529,'2023_02_27_065823_add_enable_registration_bonus_to_users_table',267),(530,'2023_03_05_075231_add_installment_order_id_to_accounting_table',267),(531,'2023_03_08_095345_edit_payouts_table',268),(532,'2023_03_10_143238_edit_column_in_quizzes_table',269),(533,'2023_03_12_110714_edit_column_in_order_items_table',270),(534,'2023_03_13_120634_edit_price_column_in_promotions_table',271),(535,'2023_03_13_135747_add_price_column_to_installment_orders_table',271),(536,'2023_05_02_150757_create_selected_installments_table',272),(537,'2023_06_09_072812_create_forms_table',273),(538,'2023_06_09_084907_create_form_fields_table',273),(539,'2023_06_11_123736_create_form_submissions_table',273),(540,'2023_06_13_115235_create_user_form_fields_table',273),(541,'2019_08_19_000000_create_failed_jobs_table',274),(542,'2019_12_14_000001_create_personal_access_tokens_table',274),(543,'2023_08_13_145531_create_ai_content_templates_table',274),(544,'2023_08_17_065609_create_ai_contents_table',274),(545,'2023_09_12_102852_add_ai_content_limitation_column_to_users_table',275),(546,'2023_09_12_103623_add_ai_content_access_column_to_registration_packages_table',275),(547,'2023_08_22_141556_add_sales_count_column_to_webinars_table',276),(548,'2023_08_27_144854_create_related_courses_table',276),(549,'2023_09_02_152318_create_purchase_notifications_table',276),(550,'2023_09_13_164842_create_course_personal_notes_table',276),(551,'2023_09_18_172303_create_content_delete_requests_table',276),(552,'2023_09_19_155014_create_user_logs_table',276),(553,'2023_09_23_141534_create_ip_restrictions_table',276),(554,'2023_09_25_142632_create_product_badges_table',276),(555,'2023_09_30_141640_create_cart_discounts_table',276),(556,'2023_10_01_144952_create_abandoned_cart_rules_table',276),(557,'2023_10_17_154000_edit_files_table',276),(558,'2023_10_18_160122_create_blog_category_translations_table',276),(559,'2023_10_19_151449_edit_sections_table',276),(560,'2023_11_21_135049_create_course_learning_last_view_table',276),(561,'2023_12_24_124451_edit_certificate_template_translations_table',276),(562,'2023_12_24_124532_edit_certificate_template_translations_table',276),(563,'2024_02_04_142556_create_abandoned_cart_rule_users_groups_table',276),(564,'2024_02_04_143742_create_abandoned_cart_rule_specification_items_table',276),(565,'2024_02_19_141912_create_abandoned_cart_rule_histories_table',276),(566,'2024_02_28_436872_add_credentials_column_to_payment_channels_table',276),(567,'2024_02_28_469813_remove_settings_column_from_payment_channels_table',276),(568,'2023_07_11_165937_create_user_firebase_sessions',277),(569,'2024_04_24_085747_add_new_column_to_course_learning_last_views_table',277),(570,'2024_05_06_141610_create_user_commissions_table',277),(571,'2024_05_06_142505_remove_commission_column_from_tables',277),(572,'2024_05_11_122847_add_new_source_for_video_demo',277),(573,'2024_05_19_131041_add_certificate_column_to_bundles_table',277),(574,'2024_05_19_133542_add_bundle_to_certificates_table',277);
/*!40000 ALTER TABLE `migrations` ENABLE KEYS */;
UNLOCK TABLES;

--
-- Table structure for table `navbar_button_translations`
--

DROP TABLE IF EXISTS `navbar_button_translations`;
/*!40101 SET @saved_cs_client     = @@character_set_client */;
/*!50503 SET character_set_client = utf8mb4 */;
CREATE TABLE `navbar_button_translations` (
  `id` int unsigned NOT NULL AUTO_INCREMENT,
  `navbar_button_id` int unsigned NOT NULL,
  `locale` varchar(255) CHARACTER SET utf8mb4 COLLATE utf8mb4_unicode_ci NOT NULL,
  `title` varchar(255) CHARACTER SET utf8mb4 COLLATE utf8mb4_unicode_ci NOT NULL,
  `url` varchar(255) CHARACTER SET utf8mb4 COLLATE utf8mb4_unicode_ci NOT NULL,
  PRIMARY KEY (`id`),
  KEY `navbar_button_translations_navbar_button_id_foreign` (`navbar_button_id`),
  KEY `navbar_button_translations_locale_index` (`locale`),
  CONSTRAINT `navbar_button_translations_navbar_button_id_foreign` FOREIGN KEY (`navbar_button_id`) REFERENCES `navbar_buttons` (`id`) ON DELETE CASCADE
) ENGINE=InnoDB AUTO_INCREMENT=12 DEFAULT CHARSET=utf8mb4 COLLATE=utf8mb4_unicode_ci;
/*!40101 SET character_set_client = @saved_cs_client */;

--
-- Dumping data for table `navbar_button_translations`
--

LOCK TABLES `navbar_button_translations` WRITE;
/*!40000 ALTER TABLE `navbar_button_translations` DISABLE KEYS */;
INSERT INTO `navbar_button_translations` VALUES (1,1,'en','Become instructor','/become-instructor'),(2,1,'ar',' ','/become-instructor'),(3,1,'es','Convertirse en instructora','/become-instructor'),(4,2,'en','Admin panel','/admin'),(5,3,'en','Create a new course','/panel/webinars/new'),(6,3,'es','Crear un nuevo curso','/panel/webinars/new'),(7,3,'ar','  ','/panel/webinars/new'),(8,4,'en','Create a new course','/panel/webinars/new'),(9,4,'es','Crear un nuevo curso','/panel/webinars/new'),(10,4,'ar','  ','/panel/webinars/new'),(11,6,'en','Start learning','/login');
/*!40000 ALTER TABLE `navbar_button_translations` ENABLE KEYS */;
UNLOCK TABLES;

--
-- Table structure for table `navbar_buttons`
--

DROP TABLE IF EXISTS `navbar_buttons`;
/*!40101 SET @saved_cs_client     = @@character_set_client */;
/*!50503 SET character_set_client = utf8mb4 */;
CREATE TABLE `navbar_buttons` (
  `id` int unsigned NOT NULL AUTO_INCREMENT,
  `role_id` int unsigned DEFAULT NULL,
  `for_guest` tinyint(1) NOT NULL DEFAULT '0',
  PRIMARY KEY (`id`),
  KEY `navbar_buttons_role_id_foreign` (`role_id`),
  CONSTRAINT `navbar_buttons_role_id_foreign` FOREIGN KEY (`role_id`) REFERENCES `roles` (`id`) ON DELETE CASCADE
) ENGINE=InnoDB AUTO_INCREMENT=7 DEFAULT CHARSET=utf8mb4 COLLATE=utf8mb4_unicode_ci;
/*!40101 SET character_set_client = @saved_cs_client */;

--
-- Dumping data for table `navbar_buttons`
--

LOCK TABLES `navbar_buttons` WRITE;
/*!40000 ALTER TABLE `navbar_buttons` DISABLE KEYS */;
INSERT INTO `navbar_buttons` VALUES (1,1,0),(2,2,0),(3,4,0),(4,3,0),(6,NULL,1);
/*!40000 ALTER TABLE `navbar_buttons` ENABLE KEYS */;
UNLOCK TABLES;

--
-- Table structure for table `newsletters`
--

DROP TABLE IF EXISTS `newsletters`;
/*!40101 SET @saved_cs_client     = @@character_set_client */;
/*!50503 SET character_set_client = utf8mb4 */;
CREATE TABLE `newsletters` (
  `id` int unsigned NOT NULL AUTO_INCREMENT,
  `user_id` int unsigned DEFAULT NULL,
  `email` varchar(255) CHARACTER SET utf8mb4 COLLATE utf8mb4_unicode_ci NOT NULL,
  `created_at` int unsigned NOT NULL,
  PRIMARY KEY (`id`)
) ENGINE=InnoDB AUTO_INCREMENT=12 DEFAULT CHARSET=utf8mb4 COLLATE=utf8mb4_unicode_ci;
/*!40101 SET character_set_client = @saved_cs_client */;

--
-- Dumping data for table `newsletters`
--

LOCK TABLES `newsletters` WRITE;
/*!40000 ALTER TABLE `newsletters` DISABLE KEYS */;
INSERT INTO `newsletters` VALUES (8,995,'cameronschofield@gmail.com',1625090411),(9,1017,'a.pmelaa@gmail.com',1646389129),(10,996,'robert2002@gmail.com',1646414262),(11,1074,'instructor1@neximacademy.com',1734217831);
/*!40000 ALTER TABLE `newsletters` ENABLE KEYS */;
UNLOCK TABLES;

--
-- Table structure for table `newsletters_history`
--

DROP TABLE IF EXISTS `newsletters_history`;
/*!40101 SET @saved_cs_client     = @@character_set_client */;
/*!50503 SET character_set_client = utf8mb4 */;
CREATE TABLE `newsletters_history` (
  `id` int unsigned NOT NULL AUTO_INCREMENT,
  `title` varchar(255) CHARACTER SET utf8mb4 COLLATE utf8mb4_unicode_ci NOT NULL,
  `description` longtext CHARACTER SET utf8mb4 COLLATE utf8mb4_unicode_ci NOT NULL,
  `send_method` enum('send_to_all','send_to_bcc','send_to_excel') CHARACTER SET utf8mb4 COLLATE utf8mb4_unicode_ci NOT NULL,
  `bcc_email` varchar(255) CHARACTER SET utf8mb4 COLLATE utf8mb4_unicode_ci DEFAULT NULL,
  `email_count` int DEFAULT NULL,
  `created_at` bigint NOT NULL,
  PRIMARY KEY (`id`)
) ENGINE=InnoDB AUTO_INCREMENT=2 DEFAULT CHARSET=utf8mb4 COLLATE=utf8mb4_unicode_ci;
/*!40101 SET character_set_client = @saved_cs_client */;

--
-- Dumping data for table `newsletters_history`
--

LOCK TABLES `newsletters_history` WRITE;
/*!40000 ALTER TABLE `newsletters_history` DISABLE KEYS */;
INSERT INTO `newsletters_history` VALUES (1,'Black Friday OFF','<p>Hello,</p><p>Be sure to check our Black Friday discounts.</p><p>Regards.</p>','send_to_all',NULL,2,1646389249);
/*!40000 ALTER TABLE `newsletters_history` ENABLE KEYS */;
UNLOCK TABLES;

--
-- Table structure for table `noticeboards`
--

DROP TABLE IF EXISTS `noticeboards`;
/*!40101 SET @saved_cs_client     = @@character_set_client */;
/*!50503 SET character_set_client = utf8mb4 */;
CREATE TABLE `noticeboards` (
  `id` int unsigned NOT NULL AUTO_INCREMENT,
  `organ_id` int unsigned DEFAULT NULL,
  `instructor_id` int unsigned DEFAULT NULL,
  `webinar_id` int unsigned DEFAULT NULL,
  `user_id` int unsigned DEFAULT NULL,
  `type` enum('all','organizations','students','instructors','students_and_instructors') CHARACTER SET utf8mb4 COLLATE utf8mb4_unicode_ci NOT NULL,
  `sender` varchar(255) CHARACTER SET utf8mb4 COLLATE utf8mb4_unicode_ci DEFAULT NULL,
  `title` varchar(255) CHARACTER SET utf8mb4 COLLATE utf8mb4_unicode_ci NOT NULL,
  `message` text CHARACTER SET utf8mb4 COLLATE utf8mb4_unicode_ci NOT NULL,
  `created_at` int unsigned NOT NULL,
  PRIMARY KEY (`id`),
  KEY `noticeboards_organ_id_foreign` (`organ_id`),
  KEY `noticeboards_user_id_foreign` (`user_id`),
  KEY `noticeboards_instructor_id_foreign` (`instructor_id`),
  KEY `noticeboards_webinar_id_foreign` (`webinar_id`),
  CONSTRAINT `noticeboards_instructor_id_foreign` FOREIGN KEY (`instructor_id`) REFERENCES `users` (`id`) ON DELETE CASCADE,
  CONSTRAINT `noticeboards_organ_id_foreign` FOREIGN KEY (`organ_id`) REFERENCES `users` (`id`) ON DELETE CASCADE,
  CONSTRAINT `noticeboards_user_id_foreign` FOREIGN KEY (`user_id`) REFERENCES `users` (`id`) ON DELETE CASCADE,
  CONSTRAINT `noticeboards_webinar_id_foreign` FOREIGN KEY (`webinar_id`) REFERENCES `webinars` (`id`) ON DELETE CASCADE
) ENGINE=InnoDB AUTO_INCREMENT=15 DEFAULT CHARSET=utf8mb4 COLLATE=utf8mb4_unicode_ci;
/*!40101 SET character_set_client = @saved_cs_client */;

--
-- Dumping data for table `noticeboards`
--

LOCK TABLES `noticeboards` WRITE;
/*!40000 ALTER TABLE `noticeboards` DISABLE KEYS */;
INSERT INTO `noticeboards` VALUES (10,NULL,NULL,NULL,NULL,'all','Staff','Top summer classes','<p>You can find top summer courses on the platform homepage and get all of them with 50% discount by using \"mysummer\" discount coupon.</p>',1625921717),(11,NULL,NULL,NULL,NULL,'instructors','Staff','Instructor terms of services changed','<p>Instructors terms of services changed on July 17. You can read terms on the terms page.</p>',1625921872),(12,NULL,NULL,NULL,NULL,'all','Staff','New Year Sales Festival','<p>Due to the New Year Festival, users who buy more than $ 200 will be given a 20% discount code.</p>',1626132374),(13,867,NULL,NULL,NULL,'students_and_instructors','Light Moon','New Class Published','\"Effective Time Management\" Live Class <font color=\"#6ba54a\" style=\"\">Published</font>, for getting the final certificate it is necessary to Enroll in this class.',1626165028),(14,867,NULL,NULL,NULL,'students_and_instructors','Light Moon','New Private Course Published','<p>Dear students and instructors. Travel Management Course published privately for you. please enroll on this course<br></p>',1626235132);
/*!40000 ALTER TABLE `noticeboards` ENABLE KEYS */;
UNLOCK TABLES;

--
-- Table structure for table `noticeboards_status`
--

DROP TABLE IF EXISTS `noticeboards_status`;
/*!40101 SET @saved_cs_client     = @@character_set_client */;
/*!50503 SET character_set_client = utf8mb4 */;
CREATE TABLE `noticeboards_status` (
  `id` int unsigned NOT NULL AUTO_INCREMENT,
  `user_id` int unsigned NOT NULL,
  `noticeboard_id` int unsigned NOT NULL,
  `seen_at` int unsigned NOT NULL,
  PRIMARY KEY (`id`),
  KEY `noticeboards_status_noticeboard_id_foreign` (`noticeboard_id`),
  CONSTRAINT `noticeboards_status_noticeboard_id_foreign` FOREIGN KEY (`noticeboard_id`) REFERENCES `noticeboards` (`id`) ON DELETE CASCADE
) ENGINE=InnoDB AUTO_INCREMENT=9 DEFAULT CHARSET=utf8mb4 COLLATE=utf8mb4_unicode_ci;
/*!40101 SET character_set_client = @saved_cs_client */;

--
-- Dumping data for table `noticeboards_status`
--

LOCK TABLES `noticeboards_status` WRITE;
/*!40000 ALTER TABLE `noticeboards_status` DISABLE KEYS */;
INSERT INTO `noticeboards_status` VALUES (5,995,13,1626165137),(6,1015,13,1626165555),(7,1015,11,1626204347),(8,1113,12,1737456002);
/*!40000 ALTER TABLE `noticeboards_status` ENABLE KEYS */;
UNLOCK TABLES;

--
-- Table structure for table `notification_templates`
--

DROP TABLE IF EXISTS `notification_templates`;
/*!40101 SET @saved_cs_client     = @@character_set_client */;
/*!50503 SET character_set_client = utf8mb4 */;
CREATE TABLE `notification_templates` (
  `id` int unsigned NOT NULL AUTO_INCREMENT,
  `title` varchar(255) CHARACTER SET utf8mb4 COLLATE utf8mb4_unicode_ci NOT NULL,
  `template` text CHARACTER SET utf8mb4 COLLATE utf8mb4_unicode_ci NOT NULL,
  PRIMARY KEY (`id`) USING BTREE
) ENGINE=InnoDB AUTO_INCREMENT=123 DEFAULT CHARSET=utf8mb4 COLLATE=utf8mb4_unicode_ci ROW_FORMAT=DYNAMIC;
/*!40101 SET character_set_client = @saved_cs_client */;

--
-- Dumping data for table `notification_templates`
--

LOCK TABLES `notification_templates` WRITE;
/*!40000 ALTER TABLE `notification_templates` DISABLE KEYS */;
INSERT INTO `notification_templates` VALUES (2,'New badge awarded','<p>You received [u.b.title]&nbsp;badge</p>'),(3,'User group change','<p>Your user group changed to [u.g.title]</p>'),(4,'Course created','<p>You created a new course&nbsp;with title [c.title]</p>'),(5,'Course approve','<p>Your course with title [c.title] approved</p>'),(6,'Course rejection','<p>Your course with title [c.title] rejected</p>'),(7,'New comment','<p>[u.name] left a new comment for [c.title] course</p>'),(8,'New support message','<p>[u.name] sent a new support message for [c.title]&nbsp;course</p>'),(9,'Support message replied','<p>New reply in [c.title] course support message&nbsp;</p>'),(10,'New support for admin','<p>New support ticket received with title [s.t.title]</p>'),(11,'Support ticket replied for admin','<p>New reply in support ticket with title&nbsp;[s.t.title]</p>'),(12,'New financial document','<p>&nbsp;New financial document submitted for [c.title] with type [f.d.type] with amount [amount]</p>'),(13,'Payout request','<p>New payout request submitted with amount [payout.amount]</p>'),(14,'Payout processed','Your payout request with amount [payout.amount]&nbsp;&nbsp;proceed to [payout.account]'),(15,'New sales','<p>Congratulations! New sale for [c.title]</p>'),(16,'New purchase','<p>Congratulations! New purchase for [c.title]</p>'),(17,'Rating (Feedback)','<p>New [rate.count] star feedback submitted for [c.title] by [student.name]</p>'),(18,'Offline payment request','<p>The offline payment request with the amount [amount] submitted. It is under review and you will get informed by email.</p>'),(19,'Offline payment approved','<p>Offline payment request with amount [amount]&nbsp;approved</p>'),(20,'Offline payment rejected','<p>Offline payment request with amount [amount]&nbsp;rejected</p>'),(21,'New subscription plan','<p>[s.p.name] subscription plan activated by [u.name]</p>'),(22,'New meeting','<p>New meeting booked by [u.name] for [time.date] at [amount]</p>'),(23,'New meeting link','<p>[instructor.name] defined the meeting link and you can join the meeting on [time.date] using the following link: [link]</p>'),(24,'Meeting reminder','<p>You have a meeting on [time.date] please remember to join it on time.</p>'),(25,'Meeting finished','<p>Your meeting finished with the following information</p><p>Instructor: [instructor.name]</p><p>Student: [student.name]</p><p>Meeting time: [time.date]</p>'),(26,'New contact message','<p>New contact message received from [u.name] with title [c.u.title]</p><p><br></p>'),(27,'Live class reminder','<p>Your live class session of the [c.title] will be conducted on [time.date]&nbsp;</p>'),(28,'Promotion plan','<p>[p.p.name] promotion plan activated for [c.title] course</p>'),(29,'Promotion plan for admin','<p>[p.p.name] promotion plan request submitted for [c.title]</p>'),(30,'Certificate achieved','<p>You achieved a certificate for [c.title] course</p>'),(31,'Waiting quiz (Instructor)','<p>[student.name] is waiting for [q.title] quiz result of the [c.title] course. Please review the quiz and submit the grade.</p>'),(32,'Waiting quiz result','<p>Your [q.title] quiz of the [c.title] course rated by the instructor, and your quiz status is [q.result]</p>'),(33,'Product new sale','<p>New sale for [p.title] product</p>'),(34,'Product new purchase','<p>New purchase for [p.title] product</p>'),(35,'Product new comment','<p>[u.name] left a new comment for [p.title] product</p>'),(36,'Product tracking code','<p>[u.name] submitted tracking code for [p.title]</p>'),(37,'Product rating (Feedback)','<p>[u.name] submitted a new [rate.count] stars rating for [p.title] product</p>'),(38,'Product received','<p>[u.name] received [p.title] product.</p>'),(39,'Product out of stock','<p>Your product [p.title] is out of stock</p>'),(40,'Assignment submission (Instructor)','<p>[student.name] submitted an assignment for [c.title] course</p>'),(41,'Instructor message in assignment','<p>[instructor.name] sent a message for [c.title] assignment</p>'),(42,'Assignment grade','<p>Your assignment of [c.title] rated by [instructor.name] . Your grade is [assignment_grade]</p>'),(43,'User access to content','<p>Your access to content is enabled.</p>'),(44,'Send post in topic','<p>[u.name] sent a post in your topic with title [topic_title]&nbsp;</p>'),(45,'Blog post published (Instructor)','<p>Your blog post with title [blog_title] published.</p>'),(46,'New comment for blog post (Instructor)','<p>[u.name] leaft a new comment for your blog with title [blog_title]</p>'),(47,'Meeting reminder','<p>You have a meeting on [time.date] with [instructor.name]</p>'),(48,'Subscription expiry reminder','<p>Your subscription expires on [time.date]&nbsp;</p>'),(49,'Course forum new question','<p>[u.name] registered a question in the [c.title]&nbsp;course forum.</p>'),(50,'New answer in course forum','<p>[u.name] submitted an answer in the [c.title]&nbsp;course forum.</p>'),(52,'You received a gift','<p>[u.name]&nbsp;sent you [gift_title] which is a [gift_type]&nbsp;as a gift with the following message: [gift_message]</p>'),(53,'Gift submitted successfully','<p>Your gift request for [u.name]&nbsp;submitted successfully on [time.date]&nbsp;and the [gift_title] which is a [gift_type]&nbsp;at [amount]&nbsp;will be sent to the recipient on [time.date.2]&nbsp;with the following message: [gift_message]</p>'),(54,'Gift sent to recipient','<p>We sent the gift request that you submitted on [time.date]&nbsp;for [u.name]. We sent [gift_title]&nbsp;which is a [gift_type]&nbsp;to the recipient with the following message on [time.date] . [gift_message]</p>'),(55,'Gift request submitted (Admin)','<p>[u.name.2] submitted a gift request for [gift_title]&nbsp;which is a [gift_type]&nbsp;for [u.name]&nbsp;on [time.date]&nbsp;at [amount]&nbsp;and it will be sent to the recipient on [time.date.2]</p>'),(56,'Gift sent to recipient (Admin)','<p>The system sent a [gift_title]&nbsp;which is a [gift_type]&nbsp;to [u.name]&nbsp;on [time.date.2]&nbsp;successfully. [u.name.2]&nbsp;submitted this request on [time.date]&nbsp;at [amount].</p>'),(57,'You have an upcoming installment','<p>You have an installment for [installment_title] at [amount]&nbsp;on due date [time.date]</p>'),(58,'You have an unpaid installment','<p>You have an installment for [installment_title]&nbsp;at [amount]&nbsp;for today. Please pay it as soon as possible.</p>'),(59,'You have an overdue installment','<p>You have an overdue installment for [installment_title]&nbsp;at [amount]&nbsp;on due date [time.date].</p>'),(60,'Installment verification request approved','<p>Your verification request for [installment_title]&nbsp;approved.</p>'),(61,'Installment verification request rejected','<p>Your verification request for [installment_title]&nbsp;rejected.</p>'),(62,'Installment paid successfully','<p>You paid [amount]&nbsp;for [installment_title]&nbsp;with due date [time.date]&nbsp;successfully.</p>'),(63,'Installment paid successfully (Admin)','<p>[u.name] paid [amount]&nbsp;for [installment_title]&nbsp;with the due date [time.date]&nbsp;successfully.</p>'),(64,'Installment upfront amount paid','<p>You paid [amount] as upfront for&nbsp;[installment_title].</p>'),(65,'Installment verification request submitted','<p>We received your verification request for [installment_title]&nbsp;on [time.date]&nbsp;and the result will be informed to you soon.</p>'),(66,'Installment verification request submitted (Admin)','<p>[u.name] submitted a verification request for [installment_title]&nbsp;on [time.date].</p>'),(67,'Installment request submitted','<p>Your installment for [installment_title]&nbsp;at [amount]&nbsp;submitted successfully.</p>'),(68,'Installment request submitted (Admin)','<p>[u.name] submitted an installment request for [installment_title]&nbsp;at [amount].</p>'),(69,'New upcoming course submitted','<p>Your upcoming course [item_title]&nbsp;submitted successfully.</p>'),(70,'New upcoming course submitted (Admin)','<p>[u.name] submitted an upcoming course with title [item_title].</p>'),(71,'Upcoming course approved','<p>Your upcoming course [item_title]&nbsp;approved.</p>'),(72,'Upcoming course rejected','<p>Your upcoming course [item_title] rejected.</p>'),(73,'Your upcoming course published','<p>Your upcoming course [item_title]&nbsp;published.</p>'),(74,'Your upcoming course followed','<p>[u.name] followed your upcoming course [item_title]</p>'),(75,'Upcoming course published and is accessible','<p>The upcoming course [item_title] published now and you can check it.</p>'),(76,'You got cashback!','<p>You got [amount]&nbsp;as cashback and this amount added to your account.</p>'),(77,'User got cashback (Admin)','<p>[u.name] got [amount] as cashback and this amount charged to their account.</p>'),(78,'Bundle submitted successfully','<p>Your bundle with the title [item_title]&nbsp;submitted successfully.</p>'),(79,'Bundle submitted (Admin)','<p>[u.name] submitted a bundle with the title [item_title].</p>'),(80,'Bundle published successfully','<p>Your bundle with title [item_title]&nbsp;published successfully.</p>'),(81,'Bundle rejected','<p>Your bundle with title [item_title]&nbsp;rejected.</p>'),(82,'New review for your bundle','<p>[u.name] submitted a [rate.count] star rating for your bundle [item_title].</p>'),(83,'You got registration bonus','<p>You got [amount]&nbsp;as registration bonus.</p>'),(84,'Registration bonus unlocked','<p>Your registration bonus [amount]&nbsp;unlocked. Happy with spending...</p>'),(85,'Registration bonus unlocked (Admin)','<p>The registration bonus [amount] unlocked for [u.name].</p>'),(86,'SaaS package activated successfully','<p>[item_title] activated for you until [time.date].</p>'),(87,'SaaS package activated (Admin)','<p>[u.name] activated [item_title]&nbsp;registration plan until [time.date].</p>'),(88,'Your contact message submitted','<p>We received your contact message with the subject [c.u.title]&nbsp;on [time.date].</p>'),(89,'New contact message received','<p>New contact message received from [u.name] with subject [c.u.title] with message [c.u.message]</p>'),(90,'You submitted to waitlist','<p>You submitted to [c.title]&nbsp;waitlist.</p>'),(91,'User submitted in waitlist','<p>[u.name] submitted to [c.title]&nbsp;waitlist.</p>'),(92,'New user registered with your affiliate code','<p>[u.name] registered with your affiliate code on [time.date].</p>'),(93,'New quiz added to course','<p>New quiz with the title [q.title]&nbsp;added to the course [c.title].</p>'),(94,'New reward point','<p>You collected [points]&nbsp;for [item_title]&nbsp;on [time.date]</p>'),(95,'New notice','<p>You got a new notice with title [c.title]&nbsp;on [time.date]</p>'),(96,'New course notice','<p>You got a new course notice for [c.title]&nbsp;with title [item_title]</p>'),(97,'Your user role changed','<p>Your user role changed to [u.role]</p>'),(98,'New user group','<p>You added to [u.g.title] user group.</p>'),(99,'Become instructor/organization request approved','<p>Your become instructor/organization request is approved.</p>'),(100,'Become instructor/organization request rejected','<p>Your instructor/organization request rejected</p>'),(101,'New question in course forum','<p>[u.name] posted a new question in [c.title] forum.</p>'),(102,'New answer in course forum','<p>[u.name] posted a new answer in [c.title] forum.</p>'),(103,'Live meeting created','<p>[instructor.name] started a new live meeting. Please login to your account and join it now...</p>'),(104,'New user registered','<p>[u.name] registered on the platform on [time.date]&nbsp;as [u.role]</p>'),(105,'New instructor/organization request','<p>[u.name] submitted a user role change request on [time.date]</p>'),(106,'New course enrollment','<p>[u.name] enrolled in [c.title]&nbsp;on [time.date]&nbsp;at [amount]</p>'),(107,'New forum topic','<p>[u.name] created a new topic with title [topic_title]&nbsp;in [forum_title]&nbsp;forum.</p>'),(108,'New report','<p>[u.name] reported a content for revising.</p>'),(109,'New item created','<p>[u.name] created a new item with title [item_title]</p>'),(110,'New store order','<p>New store order received from [u.name]&nbsp;at [amount]</p>'),(111,'Subscription plan activated','<p>[u.name] purchased [s.p.name]&nbsp;at [amount]</p>'),(112,'Content review request','<p>[u.name] sent a review request for [item_title]</p>'),(113,'New user blog post','<p>[u.name] submitted a blog article with title [blog_title]</p>'),(114,'New item review (Rating)','<p>[u.name] submitted a new rate for [item_title]</p>'),(115,'New organization user','<p>[organization.name] submitted [u.name]&nbsp;as new [u.role]</p>'),(116,'User wallet charge','<p>[u.name] charged their wallet for [amount]</p>'),(117,'New payout request','<p>[u.name] submitted a new payout request at [amount]</p>'),(118,'New offline payment request','<p>[u.name] submitted a new offline payment request at [amount]</p>'),(119,'Content access approval','<p>Your content access request approved. You can access all courses now...</p>'),(120,'Form submission by user','<p>[u.name] submitted form [form_title]</p>'),(121,'Cart reminder','<div>We\'re excited to invite you to complete your purchase with us! Enjoy exclusive benefits and offers by finalizing your order now.</div>'),(122,'Complete your purchase today with discount!','<div>Here\'s an exclusive [discount_amount] discount coupon to encourage you to finalize your purchase with us. Discount Code : [discount_code]</div>');
/*!40000 ALTER TABLE `notification_templates` ENABLE KEYS */;
UNLOCK TABLES;

--
-- Table structure for table `notifications`
--

DROP TABLE IF EXISTS `notifications`;
/*!40101 SET @saved_cs_client     = @@character_set_client */;
/*!50503 SET character_set_client = utf8mb4 */;
CREATE TABLE `notifications` (
  `id` int unsigned NOT NULL AUTO_INCREMENT,
  `user_id` int unsigned DEFAULT NULL,
  `sender_id` int unsigned DEFAULT NULL,
  `group_id` int unsigned DEFAULT NULL,
  `webinar_id` int unsigned DEFAULT NULL,
  `title` varchar(255) CHARACTER SET utf8mb4 COLLATE utf8mb4_unicode_ci NOT NULL,
  `message` text CHARACTER SET utf8mb4 COLLATE utf8mb4_unicode_ci NOT NULL,
  `sender` enum('system','admin') CHARACTER SET utf8mb4 COLLATE utf8mb4_unicode_ci DEFAULT 'system',
  `type` enum('single','all_users','students','instructors','organizations','group','course_students') CHARACTER SET utf8mb4 COLLATE utf8mb4_unicode_ci NOT NULL,
  `created_at` int unsigned NOT NULL,
  PRIMARY KEY (`id`) USING BTREE,
  KEY `notifications_user_id_foreign` (`user_id`) USING BTREE,
  KEY `notifications_group_id_foreign` (`group_id`) USING BTREE,
  KEY `webinar_id` (`webinar_id`),
  CONSTRAINT `notifications_group_id_foreign` FOREIGN KEY (`group_id`) REFERENCES `groups` (`id`) ON DELETE CASCADE,
  CONSTRAINT `notifications_ibfk_1` FOREIGN KEY (`webinar_id`) REFERENCES `webinars` (`id`) ON DELETE CASCADE,
  CONSTRAINT `notifications_user_id_foreign` FOREIGN KEY (`user_id`) REFERENCES `users` (`id`) ON DELETE CASCADE
) ENGINE=InnoDB AUTO_INCREMENT=2562 DEFAULT CHARSET=utf8mb4 COLLATE=utf8mb4_unicode_ci ROW_FORMAT=DYNAMIC;
/*!40101 SET character_set_client = @saved_cs_client */;

--
-- Dumping data for table `notifications`
--

LOCK TABLES `notifications` WRITE;
/*!40000 ALTER TABLE `notifications` DISABLE KEYS */;
INSERT INTO `notifications` VALUES (1276,1015,NULL,NULL,NULL,'Course created','<p>you create new course&nbsp;with Title Learn Linux in 5 Days</p>','system','single',1624945432),(1277,1015,NULL,NULL,NULL,'Course approve','<p>your course with title Learn Linux in 5 Days approved</p>','system','single',1624945452),(1278,934,NULL,NULL,NULL,'Course created','<p>you create new course&nbsp;with Title Learn Python Programming</p>','system','single',1624957035),(1279,934,NULL,NULL,NULL,'Course approve','<p>your course with title Learn Python Programming approved</p>','system','single',1624957054),(1280,934,NULL,NULL,NULL,'Course approve','<p>your course with title Learn Python Programming approved</p>','system','single',1624959946),(1281,1015,NULL,NULL,NULL,'Course created','<p>you create new course&nbsp;with Title Excel from Beginner to Advanced</p>','system','single',1624966729),(1282,1015,NULL,NULL,NULL,'Course approve','<p>your course with title Excel from Beginner to Advanced approved</p>','system','single',1624966741),(1283,1015,NULL,NULL,NULL,'Course created','<p>you create new course&nbsp;with Title Excel from Beginner to Advanced</p>','system','single',1625003468),(1284,1015,NULL,NULL,NULL,'Course approve','<p>your course with title Excel from Beginner to Advanced approved</p>','system','single',1625003516),(1285,929,NULL,NULL,NULL,'Course created','<p>you create new course&nbsp;with Title How to Manage & Influence Your Virtual Team</p>','system','single',1625041045),(1286,929,NULL,NULL,NULL,'Course approve','<p>your course with title How to Manage & Influence Your Virtual Team approved</p>','system','single',1625041074),(1287,929,NULL,NULL,NULL,'Course created','<p>you create new course&nbsp;with Title How to Manage & Influence Your Virtual Team</p>','system','single',1625043168),(1288,929,NULL,NULL,NULL,'Course approve','<p>your course with title How to Manage & Influence Your Virtual Team approved</p>','system','single',1625043180),(1289,929,NULL,NULL,NULL,'Course approve','<p>your course with title How to Manage & Influence Your Virtual Team approved</p>','system','single',1625043319),(1290,867,NULL,NULL,NULL,'Course created','<p>you create new course&nbsp;with Title Effective Time Management</p>','system','single',1625046155),(1299,863,NULL,NULL,NULL,'Course created','<p>you create new course&nbsp;with Title Health And Fitness Masterclass: Beginner To Advanced</p>','system','single',1625124082),(1300,870,NULL,NULL,NULL,'Course approve','<p>your course with title Health And Fitness Masterclass approved</p>','system','single',1625124100),(1301,934,NULL,NULL,NULL,'Course created','<p>you create new course&nbsp;with Title Learn Python Programming</p>','system','single',1625286023),(1302,934,NULL,NULL,NULL,'Course approve','<p>your course with title Learn Python Programming approved</p>','system','single',1625286038),(1303,1015,NULL,NULL,NULL,'Course approve','<p>your course with title Excel from Beginner to Advanced approved</p>','system','single',1625293759),(1304,870,NULL,NULL,NULL,'Course approve','<p>your course with title Health And Fitness Masterclass approved</p>','system','single',1625293821),(1310,870,NULL,NULL,NULL,'Course approve','<p>your course with title Health And Fitness Masterclass approved</p>','system','single',1625301355),(1315,1015,NULL,NULL,NULL,'New badge','<p>Congratilations! You received New User&nbsp;badge.</p>','system','single',1625553799),(1316,934,NULL,NULL,NULL,'New badge','<p>Congratilations! You received New User&nbsp;badge.</p>','system','single',1625553801),(1317,929,NULL,NULL,NULL,'New badge','<p>Congratilations! You received New User&nbsp;badge.</p>','system','single',1625553801),(1318,870,NULL,NULL,NULL,'New badge','<p>Congratilations! You received New User&nbsp;badge.</p>','system','single',1625553802),(1322,934,NULL,NULL,NULL,'New badge','<p>Congratilations! You received Loyal User&nbsp;badge.</p>','system','single',1625554209),(1323,929,NULL,NULL,NULL,'New badge','<p>Congratilations! You received Loyal User&nbsp;badge.</p>','system','single',1625554210),(1324,870,NULL,NULL,NULL,'New badge','<p>Congratilations! You received Loyal User&nbsp;badge.</p>','system','single',1625554210),(1326,929,NULL,NULL,NULL,'New badge','<p>Congratilations! You received Faitful User&nbsp;badge.</p>','system','single',1625554498),(1327,870,NULL,NULL,NULL,'New badge','<p>Congratilations! You received Faitful User&nbsp;badge.</p>','system','single',1625554499),(1330,1015,NULL,NULL,NULL,'New badge','<p>Congratilations! You received Junior Vendor&nbsp;badge.</p>','system','single',1625554779),(1331,934,NULL,NULL,NULL,'New badge','<p>Congratilations! You received Junior Vendor&nbsp;badge.</p>','system','single',1625554782),(1332,929,NULL,NULL,NULL,'New badge','<p>Congratilations! You received Junior Vendor&nbsp;badge.</p>','system','single',1625554784),(1333,870,NULL,NULL,NULL,'New badge','<p>Congratilations! You received Junior Vendor&nbsp;badge.</p>','system','single',1625554784),(1335,1015,NULL,NULL,NULL,'New badge','<p>Congratilations! You received Senior Vendor&nbsp;badge.</p>','system','single',1625554976),(1338,867,NULL,NULL,NULL,'New badge','<p>Congratilations! You received Faitful User&nbsp;badge.</p>','system','single',1625602049),(1339,867,NULL,NULL,NULL,'New badge','<p>Congratilations! You received Junior Vendor&nbsp;badge.</p>','system','single',1625602050),(1344,863,NULL,NULL,NULL,'New badge','<p>Congratilations! You received Faitful User&nbsp;badge.</p>','system','single',1625643033),(1345,863,NULL,NULL,NULL,'New badge','<p>Congratilations! You received Junior Vendor&nbsp;badge.</p>','system','single',1625643034),(1346,868,NULL,NULL,NULL,'New badge','<p>Congratilations! You received Faitful User&nbsp;badge.</p>','system','single',1625643807),(1347,4,NULL,NULL,NULL,'New badge','<p>Congratilations! You received Faitful User&nbsp;badge.</p>','system','single',1625644582),(1349,929,NULL,NULL,NULL,'Your class created','<p>Your class The Future of Energy successfully created. It will be published after approval.</p>','system','single',1625685731),(1350,929,NULL,NULL,NULL,'Your class approved','<p>Your class The Future of Energy successfully approved. Now you can find it on the website.</p>','system','single',1625685748),(1351,929,NULL,NULL,NULL,'New badge','<p>Congratilations! You received Senior Vendor&nbsp;badge.</p>','system','single',1625685768),(1352,929,NULL,NULL,NULL,'Your class approved','<p>Your class The Future of Energy successfully approved. Now you can find it on the website.</p>','system','single',1625685818),(1353,929,NULL,NULL,NULL,'Your class approved','<p>Your class The Future of Energy successfully approved. Now you can find it on the website.</p>','system','single',1625685843),(1354,4,NULL,NULL,NULL,'Your class created','<p>Your class Web Design for Beginners successfully created. It will be published after approval.</p>','system','single',1625691113),(1355,934,NULL,NULL,NULL,'Your class approved','<p>Your class Web Design for Beginners successfully approved. Now you can find it on the website.</p>','system','single',1625691133),(1358,929,NULL,NULL,NULL,'Your class approved','<p>Your class The Future of Energy successfully approved. Now you can find it on the website.</p>','system','single',1625692134),(1359,934,NULL,NULL,NULL,'Your class approved','<p>Your class Web Design for Beginners successfully approved. Now you can find it on the website.</p>','system','single',1625692139),(1360,867,NULL,NULL,NULL,'New badge','<p>Congratilations! You received Senior Vendor&nbsp;badge.</p>','system','single',1625693949),(1361,867,NULL,NULL,NULL,'Your class created','<p>Your class How to Travel Around the World on a Budget successfully created. It will be published after approval.</p>','system','single',1625694536),(1363,4,NULL,NULL,NULL,'New badge','<p>Congratilations! You received Junior Vendor&nbsp;badge.</p>','system','single',1625694573),(1364,934,NULL,NULL,NULL,'New badge','<p>Congratilations! You received Senior Vendor&nbsp;badge.</p>','system','single',1625694573),(1368,1,NULL,NULL,NULL,'New comment for your class','<p>Robert B. Gray left a new comment on your class The Future of Energy .</p>','system','single',1625863108),(1370,1,NULL,NULL,NULL,'New comment for your class','<p>Jade Harrison left a new comment on your class Excel from Beginner to Advanced .</p>','system','single',1625863203),(1372,1,NULL,NULL,NULL,'New comment for your class','<p>Morgan Sullivan left a new comment on your class How to Manage & Influence Your Virtual Team .</p>','system','single',1625863345),(1373,1,NULL,NULL,NULL,'New comment for your class','<p>Robert Ransdell left a new comment on your class Learn Python Programming .</p>','system','single',1625863462),(1374,934,NULL,NULL,NULL,'New comment for your class','<p>Robert Ransdell left a new comment on your class Learn Python Programming .</p>','system','single',1625863587),(1375,929,NULL,NULL,NULL,'New comment for your class','<p>Morgan Sullivan left a new comment on your class How to Manage & Influence Your Virtual Team .</p>','system','single',1625863590),(1376,1015,NULL,NULL,NULL,'New comment for your class','<p>Jade Harrison left a new comment on your class Excel from Beginner to Advanced .</p>','system','single',1625863593),(1377,929,NULL,NULL,NULL,'New comment for your class','<p>Robert B. Gray left a new comment on your class The Future of Energy .</p>','system','single',1625863596),(1378,1,NULL,NULL,NULL,'New comment for your class','<p>James Kong left a new comment on your class Learn Python Programming .</p>','system','single',1625864259),(1379,934,NULL,NULL,NULL,'New comment for your class','<p>James Kong left a new comment on your class Learn Python Programming .</p>','system','single',1625864266),(1380,1,NULL,NULL,NULL,'New comment for your class','<p>Ricardo dave left a new comment on your class How to Travel Around the World .</p>','system','single',1625864416),(1382,1,NULL,NULL,NULL,'New comment for your class','<p>Cameron Schofield left a new comment on your class The Future of Energy .</p>','system','single',1625864526),(1383,929,NULL,NULL,NULL,'New comment for your class','<p>Cameron Schofield left a new comment on your class The Future of Energy .</p>','system','single',1625864533),(1384,1,NULL,NULL,NULL,'New support ticket','<p>New support ticket received with subject Convert Videos .</p>','system','single',1625891270),(1385,1,NULL,NULL,NULL,'New support ticket','<p>New support ticket received with subject Pre-purchase question .</p>','system','single',1625891677),(1386,1,NULL,NULL,NULL,'New support ticket','<p>New support ticket received with subject Pending Offline Payment .</p>','system','single',1625891851),(1387,1,NULL,NULL,NULL,'New support ticket','<p>New support ticket received with subject Commission Rate .</p>','system','single',1625892221),(1388,1,NULL,NULL,NULL,'New support ticket','<p>New support ticket received with subject Class delay .</p>','system','single',1625895874),(1389,1,NULL,NULL,NULL,'New reply on support ticket','<p>The support ticket with the subject Class delay updated with a new reply.</p>','system','single',1625897110),(1390,1,NULL,NULL,NULL,'New reply on support ticket','<p>The support ticket with the subject Class delay updated with a new reply.</p>','system','single',1625898890),(1393,1015,NULL,NULL,NULL,'New sales','<p>Congratulations! There is a new sales for your class  .</p>','system','single',1625944345),(1396,1015,NULL,NULL,NULL,'New meeting request','<p>New meeting booked by Robert B. Gray for 2021-07-12  with the amount 150 .</p>','system','single',1625944346),(1398,1015,NULL,NULL,NULL,'Your class approved','<p>Your class Learn Linux in 5 Days successfully approved. Now you can find it on the website.</p>','system','single',1625947994),(1399,1015,NULL,NULL,NULL,'Your class approved','<p>Your class Excel from Beginner to Advanced successfully approved. Now you can find it on the website.</p>','system','single',1625948044),(1400,934,NULL,NULL,NULL,'Your class approved','<p>Your class Learn Python Programming successfully approved. Now you can find it on the website.</p>','system','single',1625949854),(1405,934,NULL,NULL,NULL,'New sales','<p>Congratulations! There is a new sales for your class  .</p>','system','single',1625952628),(1408,934,NULL,NULL,NULL,'New meeting request','<p>New meeting booked by Cameron Schofield for 2021-08-05  with the amount 100 .</p>','system','single',1625952629),(1410,4,NULL,NULL,NULL,'New sales','<p>Congratulations! There is a new sales for your class Web Design for Beginners .</p>','system','single',1625953196),(1413,934,NULL,NULL,NULL,'New class support message','<p>user Cameron Schofield send new support message for course with title Web Design for Beginners .</p>','system','single',1625953303),(1417,934,NULL,NULL,NULL,'New badge','<p>Congratilations! You received Best Seller&nbsp;badge.</p>','system','single',1625974480),(1418,4,NULL,NULL,NULL,'New badge','<p>Congratilations! You received Best Seller&nbsp;badge.</p>','system','single',1625980530),(1426,1015,NULL,NULL,NULL,'New sales','<p>Congratulations! There is a new sales for your class  .</p>','system','single',1625996812),(1429,1015,NULL,NULL,NULL,'New meeting request','<p>New meeting booked by Cameron Schofield for 2021-07-14  with the amount 125 .</p>','system','single',1625996816),(1432,934,NULL,NULL,NULL,'Meeting finished','<p>The meeting finished. Instructor: Linda Anderson Student:&nbsp; Cameron Schofield&nbsp; Meeting time: 2021-08-05 .</p>','system','single',1625996842),(1434,929,NULL,NULL,NULL,'New sales','<p>Congratulations! There is a new sales for your class How to Manage & Influence Your Virtual Team .</p>','system','single',1625996941),(1437,1015,NULL,NULL,NULL,'New sales','<p>Congratulations! There is a new sales for your class Excel from Beginner to Advanced .</p>','system','single',1625996978),(1443,929,NULL,NULL,NULL,'New pending quiz','<p>Cameron Schofield passed First Quiz quiz of the How to Manage & Influence Your Virtual Team class and waiting for correction to get results.</p>','system','single',1625997328),(1444,929,NULL,NULL,NULL,'New badge','<p>Congratilations! You received Best Seller&nbsp;badge.</p>','system','single',1626009973),(1446,1015,NULL,NULL,NULL,'New badge','<p>Congratilations! You received Best Seller&nbsp;badge.</p>','system','single',1626060376),(1447,867,NULL,NULL,NULL,'New sales','<p>Congratulations! There is a new sales for your class How to Travel Around the World .</p>','system','single',1626060487),(1450,1015,NULL,NULL,NULL,'New sales','<p>Congratulations! There is a new sales for your class Excel from Beginner to Advanced .</p>','system','single',1626060552),(1453,1015,NULL,NULL,NULL,'New badge','<p>Congratilations! You received Top Seller&nbsp;badge.</p>','system','single',1626060704),(1454,1015,NULL,NULL,NULL,'New sales','<p>Congratulations! There is a new sales for your class Excel from Beginner to Advanced .</p>','system','single',1626060835),(1457,1015,NULL,NULL,NULL,'New badge','<p>Congratilations! You received King Seller&nbsp;badge.</p>','system','single',1626060860),(1458,1015,NULL,NULL,NULL,'Payout request submitted','<p>Your payout request successfully submitted for 332 . You will receive an email when processed.</p>','system','single',1626061191),(1459,1,NULL,NULL,NULL,'New payout request','<p>New payout request received with the amount 332 . You can manage it using the admin panel.</p>','system','single',1626061192),(1460,1015,NULL,NULL,NULL,'Payout has been processed','Your payout has been processed with the amount 332.00&nbsp;&nbsp;to your account Qatar National Bank .','system','single',1626061220),(1461,934,NULL,NULL,NULL,'Payout request submitted','<p>Your payout request successfully submitted for 80 . You will receive an email when processed.</p>','system','single',1626061254),(1462,1,NULL,NULL,NULL,'New payout request','<p>New payout request received with the amount 80 . You can manage it using the admin panel.</p>','system','single',1626061254),(1463,929,NULL,NULL,NULL,'New sales','<p>Congratulations! There is a new sales for your class The Future of Energy .</p>','system','single',1626061332),(1466,867,NULL,NULL,NULL,'New badge','<p>Congratilations! You received Best Seller&nbsp;badge.</p>','system','single',1626061342),(1468,863,NULL,NULL,NULL,'New sales','<p>Congratulations! There is a new sales for your class Health And Fitness Masterclass .</p>','system','single',1626061373),(1471,867,NULL,NULL,NULL,'New sales','<p>Congratulations! There is a new sales for your class Effective Time Management .</p>','system','single',1626061374),(1474,NULL,NULL,NULL,NULL,'New sales','<p>Congratulations! There is a new sales for your class Bronze Subscribe .</p>','system','single',1626061450),(1478,863,NULL,NULL,NULL,'New badge','<p>Congratilations! You received Best Seller&nbsp;badge.</p>','system','single',1626061477),(1479,870,NULL,NULL,NULL,'New badge','<p>Congratilations! You received Best Seller&nbsp;badge.</p>','system','single',1626061477),(1480,867,NULL,NULL,NULL,'New badge','<p>Congratilations! You received Top Seller&nbsp;badge.</p>','system','single',1626061483),(1482,929,NULL,NULL,NULL,'New badge','<p>Congratilations! You received Top Seller&nbsp;badge.</p>','system','single',1626061490),(1483,1015,NULL,NULL,NULL,'New class support message','<p>user Robert B. Gray send new support message for course with title Learn Linux in 5 Days .</p>','system','single',1626062396),(1484,1015,NULL,NULL,NULL,'New reply on support conversation','<p>New reply on a support conversation on your class Learn Linux in 5 Days support.</p>','system','single',1626062467),(1485,1015,NULL,NULL,NULL,'New reply on support conversation','<p>New reply on a support conversation on your class Learn Linux in 5 Days support.</p>','system','single',1626062520),(1486,1015,NULL,NULL,NULL,'New reply on support conversation','<p>New reply on a support conversation on your class Learn Linux in 5 Days support.</p>','system','single',1626062578),(1487,1015,NULL,NULL,NULL,'New reply on support conversation','<p>New reply on a support conversation on your class Learn Linux in 5 Days support.</p>','system','single',1626062690),(1488,1015,NULL,NULL,NULL,'New reply on support conversation','<p>New reply on a support conversation on your class Learn Linux in 5 Days support.</p>','system','single',1626062756),(1489,1015,NULL,NULL,NULL,'New class support message','<p>user Cameron Schofield send new support message for course with title Learn Linux in 5 Days .</p>','system','single',1626062941),(1490,1015,NULL,NULL,NULL,'New reply on support conversation','<p>New reply on a support conversation on your class Learn Linux in 5 Days support.</p>','system','single',1626063058),(1491,1,NULL,NULL,NULL,'New support ticket','<p>New support ticket received with subject Refund Request #64237 .</p>','system','single',1626063457),(1492,1,NULL,NULL,NULL,'New reply on support ticket','<p>The support ticket with the subject Refund Request #64237 updated with a new reply.</p>','system','single',1626063547),(1493,929,NULL,NULL,NULL,'New feedback','<p>Your class How to Manage & Influence Your Virtual Team received a 5 stars rating from Cameron Schofield .</p>','system','single',1626091671),(1494,929,NULL,NULL,NULL,'New badge','<p>Congratilations! You received Golden Classes&nbsp;badge.</p>','system','single',1626091708),(1495,929,NULL,NULL,NULL,'New badge','<p>Congratilations! You received Fantastic Support&nbsp;badge.</p>','system','single',1626091708),(1496,1015,NULL,NULL,NULL,'Your class approved','<p>Your class Excel from Beginner to Advanced successfully approved. Now you can find it on the website.</p>','system','single',1626128217),(1504,1015,NULL,NULL,NULL,'Offline payment submitted','<p>An offline payment request with the amount 500 submitted successfully.</p>','system','single',1626132546),(1505,1015,NULL,NULL,NULL,'Offline payment approved','<p>Offline payment request with the amount 500 successfully approved.</p>','system','single',1626132570),(1506,863,NULL,NULL,NULL,'New sales','<p>Congratulations! There is a new sales for your class Health And Fitness Masterclass .</p>','system','single',1626132844),(1507,1015,NULL,NULL,NULL,'New purchase completed','<p>The class Health And Fitness Masterclass successfully purchased. Now you can start learning.</p>','system','single',1626132844),(1508,1015,NULL,NULL,NULL,'New financial document','<p>&nbsp;New financial document submitted for your class Health And Fitness Masterclass with type deduction and amount 17.60 .</p>','system','single',1626132845),(1509,863,NULL,NULL,NULL,'New badge','<p>Congratilations! You received Top Seller&nbsp;badge.</p>','system','single',1626132861),(1510,870,NULL,NULL,NULL,'New badge','<p>Congratilations! You received Top Seller&nbsp;badge.</p>','system','single',1626132861),(1511,1014,NULL,NULL,NULL,'New badge','<p>Congratilations! You received New User&nbsp;badge.</p>','system','single',1626150992),(1512,1015,NULL,NULL,NULL,'New pending quiz','<p>Cameron Schofield passed Final Quiz quiz of the Learn Linux in 5 Days class and waiting for correction to get results.</p>','system','single',1626204790),(1514,867,NULL,NULL,NULL,'New badge','<p>Congratilations! You received Expert Vendor&nbsp;badge.</p>','system','single',1626214437),(1515,1015,NULL,NULL,NULL,'New badge','<p>Congratilations! You received Expert Vendor&nbsp;badge.</p>','system','single',1626214438),(1517,1015,NULL,NULL,NULL,'New feedback','<p>Your class Excel from Beginner to Advanced received a 4.75 stars rating from Robert B. Gray .</p>','system','single',1626214590),(1518,934,NULL,NULL,NULL,'New feedback','<p>Your class Learn Python Programming received a 5 stars rating from Robert B. Gray .</p>','system','single',1626214647),(1519,1015,NULL,NULL,NULL,'New feedback','<p>Your class Learn Linux in 5 Days received a 4 stars rating from Robert B. Gray .</p>','system','single',1626214731),(1521,934,NULL,NULL,NULL,'New badge','<p>Congratilations! You received Golden Classes&nbsp;badge.</p>','system','single',1626232841),(1522,934,NULL,NULL,NULL,'New badge','<p>Congratilations! You received Fantastic Support&nbsp;badge.</p>','system','single',1626232843),(1523,934,NULL,NULL,NULL,'New feedback','<p>Your class Web Design for Beginners received a 4.25 stars rating from Cameron Schofield .</p>','system','single',1626232945),(1524,929,NULL,NULL,NULL,'New feedback','<p>Your class The Future of Energy received a 2.5 stars rating from Cameron Schofield .</p>','system','single',1626233054),(1527,929,NULL,NULL,NULL,'New feedback','<p>Your class How to Manage & Influence Your Virtual Team received a 3.75 stars rating from Cameron Schofield .</p>','system','single',1626233413),(1528,867,NULL,NULL,NULL,'New badge','<p>Congratilations! You received Golden Classes&nbsp;badge.</p>','system','single',1626233555),(1529,867,NULL,NULL,NULL,'New badge','<p>Congratilations! You received Fantastic Support&nbsp;badge.</p>','system','single',1626233556),(1530,867,NULL,NULL,NULL,'Your class created','<p>Your class Travel Management Course successfully created. It will be published after approval.</p>','system','single',1626234714),(1531,1015,NULL,NULL,NULL,'Your class approved','<p>Your class Travel Management Course successfully approved. Now you can find it on the website.</p>','system','single',1626234749),(1532,1015,NULL,NULL,NULL,'New badge','<p>Congratilations! You received Golden Classes&nbsp;badge.</p>','system','single',1626234771),(1533,1015,NULL,NULL,NULL,'New badge','<p>Congratilations! You received Amazing Support&nbsp;badge.</p>','system','single',1626234771),(1534,1,NULL,NULL,NULL,'New comment for your class','<p>Robert Ransdell left a new comment on your class Health And Fitness Masterclass .</p>','system','single',1626235679),(1535,870,NULL,NULL,NULL,'New comment for your class','<p>Robert Ransdell left a new comment on your class Health And Fitness Masterclass .</p>','system','single',1626235693),(1539,934,NULL,NULL,NULL,'New badge','<p>Congratilations! You received Amazing Support&nbsp;badge.</p>','system','single',1626235937),(1540,4,NULL,NULL,NULL,'New badge','<p>Congratilations! You received Silver Classes&nbsp;badge.</p>','system','single',1626236007),(1541,4,NULL,NULL,NULL,'New badge','<p>Congratilations! You received Amazing Support&nbsp;badge.</p>','system','single',1626236007),(1542,929,NULL,NULL,NULL,'New badge','<p>Congratilations! You received Good Support&nbsp;badge.</p>','system','single',1626236028),(1543,1015,NULL,NULL,NULL,'New pending quiz','<p>Morgan Sullivan passed Final Quiz quiz of the Learn Linux in 5 Days class and waiting for correction to get results.</p>','system','single',1626237968),(1546,1,NULL,NULL,NULL,'New comment for your class','<p>Cameron Schofield left a new comment on your class Become a Product Manager .</p>','system','single',1626240118),(1549,870,NULL,NULL,NULL,'Your class approved','<p>Your class Health And Fitness Masterclass successfully approved. Now you can find it on the website.</p>','system','single',1626240665),(1550,870,NULL,NULL,NULL,'Your class approved','<p>Your class Health And Fitness Masterclass successfully approved. Now you can find it on the website.</p>','system','single',1626240714),(1551,1015,NULL,NULL,NULL,'Your class approved','<p>Your class Excel from Beginner to Advanced successfully approved. Now you can find it on the website.</p>','system','single',1626240740),(1554,929,NULL,NULL,NULL,'Offline payment submitted','<p>An offline payment request with the amount 300 submitted successfully.</p>','system','single',1626241046),(1555,929,NULL,NULL,NULL,'Offline payment approved','<p>Offline payment request with the amount 300 successfully approved.</p>','system','single',1626241074),(1556,NULL,NULL,NULL,NULL,'New sales','<p>Congratulations! There is a new sales for your class The Future of Energy .</p>','system','single',1626241152),(1557,929,NULL,NULL,NULL,'New purchase completed','<p>The class The Future of Energy successfully purchased. Now you can start learning.</p>','system','single',1626241152),(1558,929,NULL,NULL,NULL,'New financial document','<p>&nbsp;New financial document submitted for your class The Future of Energy with type deduction and amount 55.00 .</p>','system','single',1626241152),(1559,929,NULL,NULL,NULL,'Promotion plan activated','<p>Promotion plan Bronze&nbsp;&nbsp;activated for the call The Future of Energy .</p>','system','single',1626241153),(1561,929,NULL,NULL,NULL,'New purchase completed','<p>The class Active Listening: You Can Be a Great Listener successfully purchased. Now you can start learning.</p>','system','single',1626241213),(1562,929,NULL,NULL,NULL,'New financial document','<p>&nbsp;New financial document submitted for your class Active Listening: You Can Be a Great Listener with type deduction and amount 33.00 .</p>','system','single',1626241213),(1564,1,NULL,NULL,NULL,'New comment for your class','<p>Kate Williams left a new comment on your class Become a Product Manager .</p>','system','single',1626241320),(1566,1,NULL,NULL,NULL,'New comment for your class','<p>Kate Williams left a new comment on your class Active Listening: You Can Be a Great Listener .</p>','system','single',1626241386),(1570,1,NULL,NULL,NULL,'New badge','<p>Congratilations! You received Faitful User&nbsp;badge.</p>','system','single',1626242992),(1572,1015,NULL,NULL,NULL,'Meeting finished','<p>The meeting finished. Instructor: Robert Ransdell Student:&nbsp; Robert B. Gray&nbsp; Meeting time: 2021-07-12 .</p>','system','single',1626243180),(1573,1015,NULL,NULL,NULL,'New pending quiz','<p>Kate Williams passed Final Quiz quiz of the Learn Linux in 5 Days class and waiting for correction to get results.</p>','system','single',1626243488),(1574,1015,NULL,NULL,NULL,'Your class approved','<p>Your class Learn Linux in 5 Days successfully approved. Now you can find it on the website.</p>','system','single',1626246628),(1576,870,NULL,NULL,NULL,'Your class approved','<p>Your class Health And Fitness Masterclass successfully approved. Now you can find it on the website.</p>','system','single',1626246793),(1578,870,NULL,NULL,NULL,'New sales','<p>Congratulations! There is a new sales for your class  .</p>','system','single',1626247195),(1581,870,NULL,NULL,NULL,'New meeting request','<p>New meeting booked by Cameron Schofield for 2021-09-01  with the amount 100 .</p>','system','single',1626247196),(1583,1,NULL,NULL,NULL,'New support ticket','<p>New support ticket received with subject Problem with quiz .</p>','system','single',1626250124),(1584,870,NULL,NULL,NULL,'New feedback','<p>Your class Health And Fitness Masterclass received a 5 stars rating from Cameron Schofield .</p>','system','single',1626283457),(1585,863,NULL,NULL,NULL,'New badge','<p>Congratilations! You received Golden Classes&nbsp;badge.</p>','system','single',1626283475),(1586,863,NULL,NULL,NULL,'New badge','<p>Congratilations! You received Fantastic Support&nbsp;badge.</p>','system','single',1626283486),(1587,870,NULL,NULL,NULL,'New badge','<p>Congratilations! You received Golden Classes&nbsp;badge.</p>','system','single',1626283490),(1588,870,NULL,NULL,NULL,'New badge','<p>Congratilations! You received Fantastic Support&nbsp;badge.</p>','system','single',1626283496),(1589,870,NULL,NULL,NULL,'New feedback','<p>Your class Health And Fitness Masterclass received a 5 stars rating from Morgan Sullivan .</p>','system','single',1626283559),(1590,1,NULL,NULL,NULL,'New comment for your class','<p>Robert Ransdell left a new comment on your class Learn Python Programming .</p>','system','single',1626493830),(1591,1015,NULL,NULL,NULL,'New badge','<p>Congratilations! You received Fantastic Support&nbsp;badge.</p>','system','single',1626508221),(1594,929,NULL,NULL,NULL,'New badge','<p>Congratilations! You received Amazing Support&nbsp;badge.</p>','system','single',1626508287),(1595,867,NULL,NULL,NULL,'New sales','<p>Congratulations! There is a new sales for your class Effective Time Management .</p>','system','single',1626508956),(1599,1,NULL,NULL,NULL,'New comment for your class','<p>Robert B. Gray left a new comment on your class Active Listening: You Can Be a Great Listener .</p>','system','single',1626509207),(1600,1,NULL,NULL,NULL,'New comment for your class','<p>Robert B. Gray left a new comment on your class Active Listening: You Can Be a Great Listener .</p>','system','single',1626509327),(1601,1,NULL,NULL,NULL,'New comment for your class','<p>Robert Ransdell left a new comment on your class Become a Product Manager .</p>','system','single',1626509546),(1603,1015,NULL,NULL,NULL,'New badge','<p>Congratilations! You received Loyal User&nbsp;badge.</p>','system','single',1627543283),(1604,934,NULL,NULL,NULL,'New badge','<p>Congratilations! You received Faitful User&nbsp;badge.</p>','system','single',1628619121),(1631,1015,NULL,NULL,NULL,'New badge','<p>Congratilations! You received &nbsp;badge.</p>','system','single',1635404223),(1632,4,NULL,NULL,NULL,'New badge','<p>Congratilations! You received Golden Classes&nbsp;badge.</p>','system','single',1635405357),(1633,4,NULL,NULL,NULL,'New badge','<p>Congratilations! You received Fantastic Support&nbsp;badge.</p>','system','single',1635405358),(1635,1014,NULL,NULL,NULL,'New badge','<p>Congratilations! You received Loyal User&nbsp;badge.</p>','system','single',1635406181),(1637,1015,NULL,NULL,NULL,'Your class approved','<p>Your class Travel Management Course successfully approved. Now you can find it on the website.</p>','system','single',1635410916),(1638,1015,NULL,NULL,NULL,'Your class approved','<p>Your class Travel Management Course successfully approved. Now you can find it on the website.</p>','system','single',1635411032),(1639,1015,NULL,NULL,NULL,'Your class approved','<p>Your class Travel Management Course successfully approved. Now you can find it on the website.</p>','system','single',1635411039),(1640,867,NULL,NULL,NULL,'New sales','<p>Congratulations! There is a new sales for your class Effective Time Management .</p>','system','single',1635412196),(1641,929,NULL,NULL,NULL,'New purchase completed','<p>The class Effective Time Management successfully purchased. Now you can start learning.</p>','system','single',1635412196),(1642,929,NULL,NULL,NULL,'New financial document','<p>&nbsp;New financial document submitted for your class Effective Time Management with type deduction and amount 33.00 .</p>','system','single',1635412197),(1643,1015,NULL,NULL,NULL,'Your class approved','<p>Your class Curso de gestin de viajes successfully approved. Now you can find it on the website.</p>','system','single',1635442592),(1647,934,NULL,NULL,NULL,'Your class approved','<p>Your class    successfully approved. Now you can find it on the website.</p>','system','single',1635443257),(1648,934,NULL,NULL,NULL,'Your class approved','<p>Your class Diseo web para principiantes successfully approved. Now you can find it on the website.</p>','system','single',1635443302),(1649,929,NULL,NULL,NULL,'Your class approved','<p>Your class El futuro de la energa successfully approved. Now you can find it on the website.</p>','system','single',1635443448),(1650,929,NULL,NULL,NULL,'Your class approved','<p>Your class   successfully approved. Now you can find it on the website.</p>','system','single',1635443492),(1651,929,NULL,NULL,NULL,'Your class approved','<p>Your class       successfully approved. Now you can find it on the website.</p>','system','single',1635443668),(1652,929,NULL,NULL,NULL,'Your class approved','<p>Your class Cmo administrar e influir en su equipo virtual successfully approved. Now you can find it on the website.</p>','system','single',1635443747),(1657,870,NULL,NULL,NULL,'Your class approved','<p>Your class Masterclass de salud y fitness successfully approved. Now you can find it on the website.</p>','system','single',1635444457),(1658,870,NULL,NULL,NULL,'Your class approved','<p>Your class       successfully approved. Now you can find it on the website.</p>','system','single',1635444517),(1663,1015,NULL,NULL,NULL,'Your class approved','<p>Your class       successfully approved. Now you can find it on the website.</p>','system','single',1635444974),(1664,1015,NULL,NULL,NULL,'Your class approved','<p>Your class      successfully approved. Now you can find it on the website.</p>','system','single',1635445120),(1665,1015,NULL,NULL,NULL,'Your class approved','<p>Your class Aprenda Linux en cinco das successfully approved. Now you can find it on the website.</p>','system','single',1635445181),(1666,934,NULL,NULL,NULL,'Your class approved','<p>Your class Aprenda a programar en Python successfully approved. Now you can find it on the website.</p>','system','single',1635445296),(1667,934,NULL,NULL,NULL,'Your class approved','<p>Your class    successfully approved. Now you can find it on the website.</p>','system','single',1635445377),(1670,870,NULL,NULL,NULL,'Your class approved','<p>Your class Health And Fitness Masterclass successfully approved. Now you can find it on the website.</p>','system','single',1639378097),(1673,867,NULL,NULL,NULL,'New sales','<p>Congratulations! There is a new sales for your class Effective Time Management .</p>','system','single',1639379284),(1676,1015,NULL,NULL,NULL,'New sales','<p>Congratulations! There is a new sales for your class Excel from Beginner to Advanced .</p>','system','single',1639379350),(1683,1015,NULL,NULL,NULL,'New badge','<p>Congratilations! You received Faitful User&nbsp;badge.</p>','system','single',1645697399),(1685,929,NULL,NULL,NULL,'Your class approved','<p>Your class How to Manage & Influence Your Virtual Team successfully approved. Now you can find it on the website.</p>','system','single',1645726208),(1686,929,NULL,NULL,NULL,'Your class approved','<p>Your class How to Manage & Influence Your Virtual Team successfully approved. Now you can find it on the website.</p>','system','single',1645726231),(1688,929,NULL,NULL,NULL,'Your class approved','<p>Your class How to Manage & Influence Your Virtual Team successfully approved. Now you can find it on the website.</p>','system','single',1646028920),(1689,1015,NULL,NULL,NULL,'Your class approved','<p>Your class The Professional Guitar Masterclass successfully approved. Now you can find it on the website.</p>','system','single',1646127145),(1690,1015,NULL,NULL,NULL,'Your class approved','<p>Your class The Professional Guitar Masterclass successfully approved. Now you can find it on the website.</p>','system','single',1646130427),(1691,1015,NULL,NULL,NULL,'Your class created','<p>Your class New in-App Live System successfully created. It will be published after approval.</p>','system','single',1646171990),(1692,1015,NULL,NULL,NULL,'Your class approved','<p>Your class New in-App Live System successfully approved. Now you can find it on the website.</p>','system','single',1646172006),(1693,1015,NULL,NULL,NULL,'New sales','<p>Congratulations! There is a new sales for your class New in-App Live System .</p>','system','single',1646172086),(1696,1015,NULL,NULL,NULL,'New sales','<p>Congratulations! There is a new sales for your class New in-App Live System .</p>','system','single',1646172123),(1699,1015,NULL,NULL,NULL,'New sales','<p>Congratulations! There is a new sales for your class New in-App Live System .</p>','system','single',1646172159),(1702,1015,NULL,NULL,NULL,'New sales','<p>Congratulations! There is a new sales for your class New in-App Live System .</p>','system','single',1646172296),(1703,929,NULL,NULL,NULL,'New purchase completed','<p>The class New in-App Live System successfully purchased. Now you can start learning.</p>','system','single',1646172296),(1704,929,NULL,NULL,NULL,'New financial document','<p>&nbsp;New financial document submitted for your class New in-App Live System with type deduction and amount 11.00 .</p>','system','single',1646172296),(1707,1015,NULL,NULL,NULL,'Your class created','<p>Your class New in-App Live System successfully created. It will be published after approval.</p>','system','single',1646172624),(1708,1015,NULL,NULL,NULL,'Your class approved','<p>Your class New in-App Live System successfully approved. Now you can find it on the website.</p>','system','single',1646172650),(1709,1015,NULL,NULL,NULL,'Your class created','<p>Your class New in-App Live System successfully created. It will be published after approval.</p>','system','single',1646173046),(1710,1015,NULL,NULL,NULL,'Your class approved','<p>Your class New Learning Page successfully approved. Now you can find it on the website.</p>','system','single',1646173945),(1712,1015,NULL,NULL,NULL,'Your class approved','<p>Your class New in-App Live System successfully approved. Now you can find it on the website.</p>','system','single',1646174680),(1713,1015,NULL,NULL,NULL,'Your class approved','<p>Your class New in-App Live System successfully approved. Now you can find it on the website.</p>','system','single',1646175192),(1714,1015,NULL,NULL,NULL,'Your class approved','<p>Your class New in-App Live System successfully approved. Now you can find it on the website.</p>','system','single',1646175313),(1715,1015,NULL,NULL,NULL,'Your class approved','<p>Your class New in-App Live System successfully approved. Now you can find it on the website.</p>','system','single',1646175337),(1764,863,NULL,NULL,NULL,'New badge','<p><span style=\"color: rgb(78, 94, 106); font-family: &quot;Open Sans&quot;, &quot;Helvetica Neue&quot;, Helvetica, Arial, sans-serif; font-size: 13.5px;\">Congratulations</span>! You received Golden Classes&nbsp;badge.</p>','system','single',1646263574),(1765,863,NULL,NULL,NULL,'New badge','<p><span style=\"color: rgb(78, 94, 106); font-family: &quot;Open Sans&quot;, &quot;Helvetica Neue&quot;, Helvetica, Arial, sans-serif; font-size: 13.5px;\">Congratulations</span>! You received Top Seller&nbsp;badge.</p>','system','single',1646263574),(1766,863,NULL,NULL,NULL,'New badge','<p><span style=\"color: rgb(78, 94, 106); font-family: &quot;Open Sans&quot;, &quot;Helvetica Neue&quot;, Helvetica, Arial, sans-serif; font-size: 13.5px;\">Congratulations</span>! You received Fantastic Support&nbsp;badge.</p>','system','single',1646263574),(1767,868,NULL,NULL,NULL,'New badge','<p><span style=\"color: rgb(78, 94, 106); font-family: &quot;Open Sans&quot;, &quot;Helvetica Neue&quot;, Helvetica, Arial, sans-serif; font-size: 13.5px;\">Congratulations</span>! You received Faithful User&nbsp;badge.</p>','system','single',1646287364),(1775,929,NULL,NULL,NULL,'Your class approved','<p>Your class How to Manage Your Virtual Team successfully approved. Now you can find it on the website.</p>','system','single',1646350436),(1776,1015,NULL,NULL,NULL,'New feedback','<p>Your class New Learning Page received a 5 stars rating from Cameron Schofield .</p>','system','single',1646352833),(1777,1015,NULL,NULL,NULL,'New sales','<p>Congratulations! There is a new sales for your class  .</p>','system','single',1646379288),(1780,1015,NULL,NULL,NULL,'New meeting request','<p>New meeting booked by Cameron Schofield for 2022-03-15  with the amount 750 .</p>','system','single',1646379290),(1783,867,NULL,NULL,NULL,'New financial document','<p>&nbsp;New financial document submitted for your class [c.title] with type addiction and amount 200 .</p>','system','single',1646381415),(1784,870,NULL,NULL,NULL,'New badge','<p>You received Faithful User&nbsp;badge.</p>','system','single',1646384782),(1785,870,NULL,NULL,NULL,'New badge','<p>You received Junior Vendor&nbsp;badge.</p>','system','single',1646384788),(1786,870,NULL,NULL,NULL,'New badge','<p>You received Golden Classes&nbsp;badge.</p>','system','single',1646384788),(1787,870,NULL,NULL,NULL,'New badge','<p>You received Top Seller&nbsp;badge.</p>','system','single',1646384789),(1788,870,NULL,NULL,NULL,'New badge','<p>You received Fantastic Support&nbsp;badge.</p>','system','single',1646384794),(1790,NULL,NULL,NULL,NULL,'New sales','<p>Congratulations! There is a new sales for your class Pro Registration package .</p>','system','single',1646386787),(1794,1015,NULL,NULL,NULL,'New badge','<p>You received Faithful User&nbsp;badge.</p>','system','single',1646387094),(1795,1015,NULL,NULL,NULL,'New badge','<p>You received Expert Vendor&nbsp;badge.</p>','system','single',1646387101),(1796,1015,NULL,NULL,NULL,'New badge','<p>You received Golden Classes&nbsp;badge.</p>','system','single',1646387102),(1797,1015,NULL,NULL,NULL,'New badge','<p>You received King Seller&nbsp;badge.</p>','system','single',1646387102),(1798,1015,NULL,NULL,NULL,'New badge','<p>You received Fantastic Support&nbsp;badge.</p>','system','single',1646387107),(1800,NULL,NULL,NULL,NULL,'New sales','<p>Congratulations! There is a new sales for your class Basic Registration package .</p>','system','single',1646387655),(1805,934,NULL,NULL,NULL,'New badge','<p>You received Faithful User&nbsp;badge.</p>','system','single',1646389876),(1806,934,NULL,NULL,NULL,'New badge','<p>You received Senior Vendor&nbsp;badge.</p>','system','single',1646389876),(1807,934,NULL,NULL,NULL,'New badge','<p>You received Golden Classes&nbsp;badge.</p>','system','single',1646389881),(1808,934,NULL,NULL,NULL,'New badge','<p>You received Best Seller&nbsp;badge.</p>','system','single',1646389887),(1809,934,NULL,NULL,NULL,'New badge','<p>You received Fantastic Support&nbsp;badge.</p>','system','single',1646389887),(1810,1015,NULL,NULL,NULL,'Your class approved','<p>Your class New In-App Live System successfully approved. Now you can find it on the website.</p>','system','single',1646392216),(1817,934,NULL,NULL,NULL,'Your class approved','<p>Your class Web Design for Beginners successfully approved. Now you can find it on the website.</p>','system','single',1646396836),(1818,929,NULL,NULL,NULL,'Your class approved','<p>Your class How to Manage Your Virtual Team successfully approved. Now you can find it on the website.</p>','system','single',1646396847),(1819,929,NULL,NULL,NULL,'Your class approved','<p>Your class The Future of Energy successfully approved. Now you can find it on the website.</p>','system','single',1646396857),(1826,4,NULL,NULL,NULL,'New badge','<p>You received Faithful User&nbsp;badge.</p>','system','single',1646406175),(1827,4,NULL,NULL,NULL,'New badge','<p>You received Junior Vendor&nbsp;badge.</p>','system','single',1646406175),(1828,4,NULL,NULL,NULL,'New badge','<p>You received Golden Classes&nbsp;badge.</p>','system','single',1646406175),(1829,4,NULL,NULL,NULL,'New badge','<p>You received Best Seller&nbsp;badge.</p>','system','single',1646406181),(1830,4,NULL,NULL,NULL,'New badge','<p>You received Fantastic Support&nbsp;badge.</p>','system','single',1646406181),(1831,863,NULL,NULL,NULL,'New badge','<p>You received Faithful User&nbsp;badge.</p>','system','single',1646406181),(1832,863,NULL,NULL,NULL,'New badge','<p>You received Junior Vendor&nbsp;badge.</p>','system','single',1646406182),(1833,863,NULL,NULL,NULL,'New badge','<p>You received Golden Classes&nbsp;badge.</p>','system','single',1646406187),(1834,863,NULL,NULL,NULL,'New badge','<p>You received Top Seller&nbsp;badge.</p>','system','single',1646406187),(1835,863,NULL,NULL,NULL,'New badge','<p>You received Fantastic Support&nbsp;badge.</p>','system','single',1646406193),(1839,867,NULL,NULL,NULL,'New badge','<p>You received Faithful User&nbsp;badge.</p>','system','single',1646406199),(1840,867,NULL,NULL,NULL,'New badge','<p>You received Expert Vendor&nbsp;badge.</p>','system','single',1646406199),(1841,867,NULL,NULL,NULL,'New badge','<p>You received Golden Classes&nbsp;badge.</p>','system','single',1646406199),(1842,867,NULL,NULL,NULL,'New badge','<p>You received Top Seller&nbsp;badge.</p>','system','single',1646406205),(1843,867,NULL,NULL,NULL,'New badge','<p>You received Fantastic Support&nbsp;badge.</p>','system','single',1646406205),(1844,868,NULL,NULL,NULL,'New badge','<p>You received Faithful User&nbsp;badge.</p>','system','single',1646406205),(1845,870,NULL,NULL,NULL,'New badge','<p>Congrolation ! You received Faithful User badge.</p>','system','single',1646408504),(1846,870,NULL,NULL,NULL,'New badge','<p>Congrolation ! You received Junior Vendor badge.</p>','system','single',1646408511),(1847,870,NULL,NULL,NULL,'New badge','<p>Congrolation ! You received Golden Classes badge.</p>','system','single',1646408516),(1848,870,NULL,NULL,NULL,'New badge','<p>Congrolation ! You received Top Seller badge.</p>','system','single',1646408522),(1849,870,NULL,NULL,NULL,'New badge','<p>Congrolation ! You received Fantastic Support badge.</p>','system','single',1646408527),(1850,934,NULL,NULL,NULL,'New badge','<p>Congrolation! You received Faithful User badge.</p>','system','single',1646408593),(1851,934,NULL,NULL,NULL,'New badge','<p>Congrolation! You received Senior Vendor badge.</p>','system','single',1646408594),(1852,934,NULL,NULL,NULL,'New badge','<p>Congrolation! You received Golden Classes badge.</p>','system','single',1646408596),(1853,934,NULL,NULL,NULL,'New badge','<p>Congrolation! You received Best Seller badge.</p>','system','single',1646408601),(1854,934,NULL,NULL,NULL,'New badge','<p>Congrolation! You received Fantastic Support badge.</p>','system','single',1646408606),(1855,1015,NULL,NULL,NULL,'New badge','<p>Congrolation! You received Faithful User badge.</p>','system','single',1646408712),(1856,1015,NULL,NULL,NULL,'New badge','<p>Congrolation! You received Expert Vendor badge.</p>','system','single',1646408713),(1857,1015,NULL,NULL,NULL,'New badge','<p>Congrolation! You received Golden Classes badge.</p>','system','single',1646408719),(1858,1015,NULL,NULL,NULL,'New badge','<p>Congrolation! You received King Seller badge.</p>','system','single',1646408724),(1859,1015,NULL,NULL,NULL,'New badge','<p>Congrolation! You received Fantastic Support badge.</p>','system','single',1646408730),(1861,870,NULL,NULL,NULL,'New badge','<p>Congrolation! You received Faithful User badge.</p>','system','single',1646412316),(1862,870,NULL,NULL,NULL,'New badge','<p>Congrolation! You received Junior Vendor badge.</p>','system','single',1646412321),(1863,870,NULL,NULL,NULL,'New badge','<p>Congrolation! You received Golden Classes badge.</p>','system','single',1646412322),(1864,870,NULL,NULL,NULL,'New badge','<p>Congrolation! You received Top Seller badge.</p>','system','single',1646412323),(1865,870,NULL,NULL,NULL,'New badge','<p>Congrolation! You received Fantastic Support badge.</p>','system','single',1646412328),(1874,1015,NULL,NULL,NULL,'Your class approved','<p>Your class New In-App Live System successfully approved. Now you can find it on the website.</p>','system','single',1646415127),(1875,1015,NULL,NULL,NULL,'Your class approved','<p>Your class New Learning Page successfully approved. Now you can find it on the website.</p>','system','single',1646415140),(1876,929,NULL,NULL,NULL,'New badge','<p>Congrolation! You received Faithful User badge.</p>','system','single',1646415745),(1877,929,NULL,NULL,NULL,'New badge','<p>Congrolation! You received Senior Vendor badge.</p>','system','single',1646415750),(1878,929,NULL,NULL,NULL,'New badge','<p>Congrolation! You received Golden Classes badge.</p>','system','single',1646415755),(1879,929,NULL,NULL,NULL,'New badge','<p>Congrolation! You received Top Seller badge.</p>','system','single',1646415756),(1880,929,NULL,NULL,NULL,'New badge','<p>Congrolation! You received Amazing Support badge.</p>','system','single',1646415756),(1886,4,NULL,NULL,NULL,'New badge','<p>Congrolation! You received Faithful User badge.</p>','system','single',1646426799),(1887,4,NULL,NULL,NULL,'New badge','<p>Congrolation! You received Junior Vendor badge.</p>','system','single',1646426800),(1888,4,NULL,NULL,NULL,'New badge','<p>Congrolation! You received Golden Classes badge.</p>','system','single',1646426805),(1889,4,NULL,NULL,NULL,'New badge','<p>Congrolation! You received Best Seller badge.</p>','system','single',1646426826),(1890,4,NULL,NULL,NULL,'New badge','<p>Congrolation! You received Fantastic Support badge.</p>','system','single',1646426831),(1891,1015,NULL,NULL,NULL,'Your class approved','<p>Your class New Learning Page successfully approved. Now you can find it on the website.</p>','system','single',1646492850),(1892,1015,NULL,NULL,NULL,'new badge','<p>You received Faithful User&nbsp;badge</p>','system','single',1655151400),(1893,1015,NULL,NULL,NULL,'new badge','<p>You received Expert Vendor&nbsp;badge</p>','system','single',1655151401),(1894,1015,NULL,NULL,NULL,'new badge','<p>You received Golden Classes&nbsp;badge</p>','system','single',1655151401),(1895,1015,NULL,NULL,NULL,'new badge','<p>You received King Seller&nbsp;badge</p>','system','single',1655151402),(1896,1015,NULL,NULL,NULL,'new badge','<p>You received Fantastic Support&nbsp;badge</p>','system','single',1655151402),(1903,1,NULL,NULL,NULL,'new badge','<p>You received Faithful User&nbsp;badge</p>','system','single',1655618081),(1904,934,NULL,NULL,NULL,'new badge','<p>You received Faithful User&nbsp;badge</p>','system','single',1655626424),(1905,934,NULL,NULL,NULL,'new badge','<p>You received Senior Vendor&nbsp;badge</p>','system','single',1655626430),(1906,934,NULL,NULL,NULL,'new badge','<p>You received Golden Classes&nbsp;badge</p>','system','single',1655626430),(1907,934,NULL,NULL,NULL,'new badge','<p>You received Best Seller&nbsp;badge</p>','system','single',1655626430),(1908,934,NULL,NULL,NULL,'new badge','<p>You received Fantastic Support&nbsp;badge</p>','system','single',1655626436),(1910,929,NULL,NULL,NULL,'new badge','<p>You received Faithful User&nbsp;badge</p>','system','single',1655718810),(1911,929,NULL,NULL,NULL,'new badge','<p>You received Senior Vendor&nbsp;badge</p>','system','single',1655718816),(1912,929,NULL,NULL,NULL,'new badge','<p>You received Golden Classes&nbsp;badge</p>','system','single',1655718817),(1913,929,NULL,NULL,NULL,'new badge','<p>You received Top Seller&nbsp;badge</p>','system','single',1655718817),(1914,929,NULL,NULL,NULL,'new badge','<p>You received Amazing Support&nbsp;badge</p>','system','single',1655718818),(1922,870,NULL,NULL,NULL,'new badge','<p>You received Faithful User&nbsp;badge</p>','system','single',1655788252),(1923,870,NULL,NULL,NULL,'new badge','<p>You received Junior Vendor&nbsp;badge</p>','system','single',1655788252),(1924,870,NULL,NULL,NULL,'new badge','<p>You received Golden Classes&nbsp;badge</p>','system','single',1655788252),(1925,870,NULL,NULL,NULL,'new badge','<p>You received Fantastic Support&nbsp;badge</p>','system','single',1655788253),(1932,929,NULL,NULL,NULL,'new badge','<p>You received Expert Vendor&nbsp;badge</p>','system','single',1655799442),(1933,929,NULL,NULL,NULL,'Course created','<p>you create new course&nbsp;with Title Drip & Assignment Features</p>','system','single',1655804545),(1934,929,NULL,NULL,NULL,'Course approve','<p>your course with title Drip & Assignment Features approved</p>','system','single',1655804610),(1935,929,NULL,NULL,NULL,'Course approve','<p>your course with title Drip and Assignment Features approved</p>','system','single',1655804649),(1936,867,NULL,NULL,NULL,'new badge','<p>You received Faithful User&nbsp;badge</p>','system','single',1655822951),(1937,867,NULL,NULL,NULL,'new badge','<p>You received Expert Vendor&nbsp;badge</p>','system','single',1655822952),(1938,867,NULL,NULL,NULL,'new badge','<p>You received Golden Classes&nbsp;badge</p>','system','single',1655822952),(1939,867,NULL,NULL,NULL,'new badge','<p>You received Top Seller&nbsp;badge</p>','system','single',1655822952),(1940,867,NULL,NULL,NULL,'new badge','<p>You received Fantastic Support&nbsp;badge</p>','system','single',1655822953),(1941,863,NULL,NULL,NULL,'new badge','<p>You received Faithful User&nbsp;badge</p>','system','single',1655822954),(1942,863,NULL,NULL,NULL,'new badge','<p>You received Junior Vendor&nbsp;badge</p>','system','single',1655822954),(1943,863,NULL,NULL,NULL,'new badge','<p>You received Golden Classes&nbsp;badge</p>','system','single',1655822954),(1944,863,NULL,NULL,NULL,'new badge','<p>You received Top Seller&nbsp;badge</p>','system','single',1655822955),(1946,863,NULL,NULL,NULL,'new badge','<p>You received Fantastic Support&nbsp;badge</p>','system','single',1655822955),(1949,4,NULL,NULL,NULL,'new badge','<p>You received Faithful User&nbsp;badge</p>','system','single',1655823000),(1950,4,NULL,NULL,NULL,'new badge','<p>You received Junior Vendor&nbsp;badge</p>','system','single',1655823000),(1951,4,NULL,NULL,NULL,'new badge','<p>You received Golden Classes&nbsp;badge</p>','system','single',1655823001),(1952,4,NULL,NULL,NULL,'new badge','<p>You received Best Seller&nbsp;badge</p>','system','single',1655823001),(1953,4,NULL,NULL,NULL,'new badge','<p>You received Fantastic Support&nbsp;badge</p>','system','single',1655823001),(1954,929,NULL,NULL,NULL,'Course approve','<p>your course with title Drip and Assignment Features approved</p>','system','single',1655871649),(1955,929,NULL,NULL,NULL,'Rating (Feedback)','<p>new feedback submitted for course with title Drip and Assignment Features bu student Robert B. Gray and rate 4</p>','system','single',1655875572),(1956,1015,NULL,NULL,NULL,'new badge','<p>You received Loyal User&nbsp;badge</p>','system','single',1655907547),(1958,1015,NULL,NULL,NULL,'New sales','<p>new sale for course with title Microsoft Office Beginner to Expert Bundle</p>','system','single',1656083262),(1962,1015,NULL,NULL,NULL,'Rating (Feedback)','<p>new feedback submitted for course with title Travel Management Course bu student Cameron Schofield and rate 5</p>','system','single',1656103090),(1963,1015,NULL,NULL,NULL,'Course approve','<p>your course with title New Learning Page approved</p>','system','single',1656103140),(1973,929,NULL,NULL,NULL,'Course approve','<p>your course with title Drip and Assignment Features approved</p>','system','single',1656137686),(1974,929,NULL,NULL,NULL,'Course approve','<p>your course with title Drip and Assignment Features approved</p>','system','single',1656137739),(1975,934,NULL,NULL,NULL,'New sales','<p>new sale for course with title A-Z Web Programming</p>','system','single',1656139703),(1978,929,NULL,NULL,NULL,'New sales','<p>new sale for course with title Solar Energy Design Course From Zero To Hero</p>','system','single',1656139705),(1981,929,NULL,NULL,NULL,'Course approve','<p>your course with title New Update Features approved</p>','system','single',1656142775),(1982,1015,NULL,NULL,NULL,'new badge','<p>You received Store Best Seller&nbsp;badge</p>','system','single',1656148218),(1983,1015,NULL,NULL,NULL,'new badge','<p>You received Forums Top User&nbsp;badge</p>','system','single',1656148220),(1993,870,NULL,NULL,NULL,'new badge','<p>You received Forums Top User&nbsp;badge</p>','system','single',1656219366),(1995,929,NULL,NULL,NULL,'Course approve','<p>your course with title New Update Features approved</p>','system','single',1656219955),(1996,1015,NULL,NULL,NULL,'Course approve','<p>your course with title New Learning Page approved</p>','system','single',1656220500),(1997,929,NULL,NULL,NULL,'Course approve','<p>your course with title New Update Features approved</p>','system','single',1656220512),(1999,1015,NULL,NULL,NULL,'Course approve','<p>your course with title New Learning Page approved</p>','system','single',1656362307),(2000,929,NULL,NULL,NULL,'Course approve','<p>your course with title New Update Features approved</p>','system','single',1656362329),(2001,1015,NULL,NULL,NULL,'Course approve','<p>your course with title New Learning Page approved</p>','system','single',1656406697),(2003,929,NULL,NULL,NULL,'Course approve','<p>your course with title New Update Features approved</p>','system','single',1656662548),(2004,1015,NULL,NULL,NULL,'Course created','<p>you create new course&nbsp;with Title New Learning Page</p>','system','single',1656664502),(2005,1015,NULL,NULL,NULL,'Course approve','<p>your course with title New Learning Page approved</p>','system','single',1656664518),(2006,929,NULL,NULL,NULL,'Course approve','<p>your course with title New Update Features approved</p>','system','single',1656664534),(2008,1015,NULL,NULL,NULL,'Course approve','<p>your course with title New Learning Page approved</p>','system','single',1677569169),(2009,929,NULL,NULL,NULL,'Course approve','<p>your course with title New Update Features approved</p>','system','single',1677573590),(2011,934,NULL,NULL,NULL,'Your upcoming course followed','<p>Cameron Schofield followed your upcoming course Web Design for Beginners</p>','system','single',1678908505),(2014,934,NULL,NULL,NULL,'Your upcoming course followed','<p>Jade Harrison followed your upcoming course Web Design for Beginners</p>','system','single',1678908543),(2015,934,NULL,NULL,NULL,'Your upcoming course followed','<p>Robert B. Gray followed your upcoming course Web Design for Beginners</p>','system','single',1678908564),(2016,934,NULL,NULL,NULL,'Your upcoming course followed','<p>Alex Pmelaa followed your upcoming course Web Design for Beginners</p>','system','single',1678908593),(2017,934,NULL,NULL,NULL,'Your upcoming course followed','<p>Morgan Sullivan followed your upcoming course Web Design for Beginners</p>','system','single',1678908616),(2018,934,NULL,NULL,NULL,'Your upcoming course published','<p>Your upcoming course Web Design for Beginners&nbsp;published.</p>','system','single',1678908647),(2027,1015,NULL,NULL,NULL,'Your upcoming course followed','<p>Robert B. Gray followed your upcoming course Python for Beginners</p>','system','single',1678908877),(2028,1015,NULL,NULL,NULL,'Your upcoming course followed','<p>Morgan Sullivan followed your upcoming course Python for Beginners</p>','system','single',1678908893),(2029,1,NULL,NULL,NULL,'New item created','<p>Jessica Wray created a new item with title Installment feature</p>','system','single',1678910860),(2030,870,NULL,NULL,NULL,'Course created','<p>you create new course&nbsp;with Title Installment and Secure Host features</p>','system','single',1678911932),(2031,1,NULL,NULL,NULL,'Content review request','<p>Jessica Wray sent a review request for Installment and Secure Host features</p>','system','single',1678911932),(2032,870,NULL,NULL,NULL,'New reward point','<p>You get 20&nbsp;for New Badge&nbsp;on 15 Mar 2023 16:26</p>','system','single',1678911991),(2033,870,NULL,NULL,NULL,'new badge','<p>You received Senior Vendor&nbsp;badge</p>','system','single',1678911991),(2040,870,NULL,NULL,NULL,'Course approve','<p>your course with title Installment and Secure Host approved</p>','system','single',1678912167),(2041,870,NULL,NULL,NULL,'New reward point','<p>You get 50&nbsp;for Publishing a Course&nbsp;on 15 Mar 2023 16:29</p>','system','single',1678912167),(2042,870,NULL,NULL,NULL,'Course approve','<p>your course with title Installment and Secure Host approved</p>','system','single',1678912277),(2043,870,NULL,NULL,NULL,'Course approve','<p>your course with title Installment and Secure Host approved</p>','system','single',1678913755),(2044,870,NULL,NULL,NULL,'Course approve','<p>your course with title Installment and Secure Host approved</p>','system','single',1678914025),(2045,870,NULL,NULL,NULL,'Course created','<p>you create new course&nbsp;with Title Installment and Secure Host</p>','system','single',1678915115),(2046,1,NULL,NULL,NULL,'Content review request','<p>Jessica Wray sent a review request for Installment and Secure Host</p>','system','single',1678915115),(2048,1,NULL,NULL,NULL,'Installment request submitted (Admin)','<p>Cameron Schofield submitted an installment request for Installment payment with 0% interest&nbsp;at $100.</p>','system','single',1678915403),(2052,1,NULL,NULL,NULL,'Installment verification request submitted (Admin)','<p>Cameron Schofield submitted a verification request for Installment payment with 0% interest&nbsp;on 15 Mar 2023 - 17:24.</p>','system','single',1678915490),(2055,1,NULL,NULL,NULL,'Installment request submitted (Admin)','<p>Morgan Sullivan submitted an installment request for Installment payment with 0% interest&nbsp;at $100.</p>','system','single',1678917752),(2059,1,NULL,NULL,NULL,'Installment verification request submitted (Admin)','<p>Morgan Sullivan submitted a verification request for Installment payment with 0% interest&nbsp;on 15 Mar 2023 - 18:02.</p>','system','single',1678917767),(2060,929,NULL,NULL,NULL,'New sales','<p>new sale for course with title The Future of Energy (A gift for Cameron Schofield on 15 Mar 2023 10:30)</p>','system','single',1678919437),(2062,1,NULL,NULL,NULL,'New course enrollment','<p>Morgan Sullivan enrolled in The Future of Energy (A gift for Cameron Schofield on 15 Mar 2023 10:30)&nbsp;on 15 Mar 2023 18:30&nbsp;at $39.60</p>','system','single',1678919437),(2066,1,NULL,NULL,NULL,'Gift request submitted (Admin)','<p>Morgan Sullivan submitted a gift request for The Future of Energy&nbsp;which is a course&nbsp;for Cameron Schofield&nbsp;on 15 Mar 2023 18:30&nbsp;at $39.60&nbsp;and it will be sent to the recipient on 15 Mar 2023 10:30</p>','system','single',1678919437),(2070,1,NULL,NULL,NULL,'Installment request submitted (Admin)','<p>Jade Harrison submitted an installment request for Installment payment On Christmas&nbsp;at $100.</p>','system','single',1678922498),(2074,1,NULL,NULL,NULL,'Installment verification request submitted (Admin)','<p>Jade Harrison submitted a verification request for Installment payment On Christmas&nbsp;on 15 Mar 2023 - 19:21.</p>','system','single',1678922511),(2076,1,NULL,NULL,NULL,'User got cashback (Admin)','<p>Jade Harrison got $3 as cashback and this amount charged to their account.</p>','system','single',1678922511),(2080,1,NULL,NULL,NULL,'Installment paid successfully (Admin)','<p>Cameron Schofield paid $20&nbsp;for Installment payment On Christmas&nbsp;with the due date 15 Mar 2023 - 19:24&nbsp;successfully.</p>','system','single',1678922691),(2082,1,NULL,NULL,NULL,'User got cashback (Admin)','<p>Cameron Schofield got $2 as cashback and this amount charged to their account.</p>','system','single',1678922691),(2085,1,NULL,NULL,NULL,'Installment request submitted (Admin)','<p>Alex Pmelaa submitted an installment request for Installment payment On Christmas&nbsp;at $100.</p>','system','single',1678923546),(2089,1,NULL,NULL,NULL,'Installment verification request submitted (Admin)','<p>Alex Pmelaa submitted a verification request for Installment payment On Christmas&nbsp;on 15 Mar 2023 - 19:39.</p>','system','single',1678923556),(2091,1,NULL,NULL,NULL,'User got cashback (Admin)','<p>Alex Pmelaa got $3 as cashback and this amount charged to their account.</p>','system','single',1678923556),(2097,1,NULL,NULL,NULL,'Installment request submitted (Admin)','<p>Morgan Sullivan submitted an installment request for Installment payment On Christmas&nbsp;at $100.</p>','system','single',1678925780),(2101,1,NULL,NULL,NULL,'Installment verification request submitted (Admin)','<p>Morgan Sullivan submitted a verification request for Installment payment On Christmas&nbsp;on 15 Mar 2023 - 20:16.</p>','system','single',1678925790),(2103,1,NULL,NULL,NULL,'User got cashback (Admin)','<p>Morgan Sullivan got $3 as cashback and this amount charged to their account.</p>','system','single',1678925790),(2106,1,NULL,NULL,NULL,'Installment request submitted (Admin)','<p>Cameron Schofield submitted an installment request for Installment payment On Christmas&nbsp;at $100.</p>','system','single',1678925906),(2110,1,NULL,NULL,NULL,'Installment verification request submitted (Admin)','<p>Cameron Schofield submitted a verification request for Installment payment On Christmas&nbsp;on 15 Mar 2023 - 20:18.</p>','system','single',1678925916),(2112,1,NULL,NULL,NULL,'User got cashback (Admin)','<p>Cameron Schofield got $3 as cashback and this amount charged to their account.</p>','system','single',1678925916),(2117,1,NULL,NULL,NULL,'Installment paid successfully (Admin)','<p>Cameron Schofield paid $20&nbsp;for Installment payment On Christmas&nbsp;with the due date 15 Mar 2023 - 20:20&nbsp;successfully.</p>','system','single',1678926039),(2119,1,NULL,NULL,NULL,'User got cashback (Admin)','<p>Cameron Schofield got $2 as cashback and this amount charged to their account.</p>','system','single',1678926040),(2120,1015,NULL,NULL,NULL,'Course approve','<p>your course with title New In-App Live System approved</p>','system','single',1678955325),(2121,1,NULL,NULL,NULL,'User submitted in waitlist','<p>Alex Pmelaa submitted to New In-App Live System&nbsp;waitlist.</p>','system','single',1678955365),(2123,1,NULL,NULL,NULL,'User submitted in waitlist','<p>King Pictures submitted to New In-App Live System&nbsp;waitlist.</p>','system','single',1678955432),(2124,4,NULL,NULL,NULL,'You submitted to waitlist','<p>You submitted to New In-App Live System&nbsp;waitlist.</p>','system','single',1678955432),(2125,868,NULL,NULL,NULL,'new badge','<p>You received Faithful User&nbsp;badge</p>','system','single',1678955437),(2126,1,NULL,NULL,NULL,'User submitted in waitlist','<p>TechDecomposed submitted to New In-App Live System&nbsp;waitlist.</p>','system','single',1678955461),(2127,868,NULL,NULL,NULL,'You submitted to waitlist','<p>You submitted to New In-App Live System&nbsp;waitlist.</p>','system','single',1678955461),(2128,1015,NULL,NULL,NULL,'Course approve','<p>your course with title New In-App Live System approved</p>','system','single',1678958013),(2129,1015,NULL,NULL,NULL,'Course approve','<p>your course with title New In-App Live System approved</p>','system','single',1678958056),(2130,929,NULL,NULL,NULL,'Course approve','<p>your course with title New Update Features approved</p>','system','single',1678958075),(2131,1,NULL,NULL,NULL,'User submitted in waitlist','<p>Eliza Canales submitted to New In-App Live System&nbsp;waitlist.</p>','system','single',1678958278),(2132,1,NULL,NULL,NULL,'New user registered','<p>Lewis Erickson registered on the platform on 16 Mar 2023 05:25&nbsp;as Student</p>','system','single',1678958736),(2137,870,NULL,NULL,NULL,'New sales','<p>new sale for course with title Installment and Secure Host</p>','system','single',1678959222),(2139,1,NULL,NULL,NULL,'New course enrollment','<p>Lewis Erickson enrolled in Installment and Secure Host&nbsp;on 16 Mar 2023 05:33&nbsp;at $110</p>','system','single',1678959222),(2142,1,NULL,NULL,NULL,'New user registered','<p>Robert Travis registered on the platform on 16 Mar 2023 05:37&nbsp;as Student</p>','system','single',1678959456),(2146,870,NULL,NULL,NULL,'new badge','<p>You received Best Seller&nbsp;badge</p>','system','single',1678960947),(2148,1,NULL,NULL,NULL,'Installment request submitted (Admin)','<p>Cameron Schofield submitted an installment request for Installment payment On Christmas&nbsp;at $100.</p>','system','single',1678960995),(2152,1,NULL,NULL,NULL,'Installment verification request submitted (Admin)','<p>Cameron Schofield submitted a verification request for Installment payment On Christmas&nbsp;on 16 Mar 2023 - 06:03.</p>','system','single',1678961006),(2153,929,NULL,NULL,NULL,'New sales','<p>new sale for course with title The Future of Energy</p>','system','single',1678961218),(2155,1,NULL,NULL,NULL,'New course enrollment','<p>Jade Harrison enrolled in The Future of Energy&nbsp;on 16 Mar 2023 06:06&nbsp;at $39.60</p>','system','single',1678961218),(2159,1,NULL,NULL,NULL,'User got cashback (Admin)','<p>Jade Harrison got $3.60 as cashback and this amount charged to their account.</p>','system','single',1678961218),(2162,1,NULL,NULL,NULL,'Installment request submitted (Admin)','<p>Morgan Sullivan submitted an installment request for Installment payment On Christmas&nbsp;at $100.</p>','system','single',1678961644),(2166,1,NULL,NULL,NULL,'Installment verification request submitted (Admin)','<p>Morgan Sullivan submitted a verification request for Installment payment On Christmas&nbsp;on 16 Mar 2023 - 06:14.</p>','system','single',1678961652),(2168,1,NULL,NULL,NULL,'User got cashback (Admin)','<p>Morgan Sullivan got $3 as cashback and this amount charged to their account.</p>','system','single',1678961652),(2171,867,NULL,NULL,NULL,'New sales','<p>new sale for course with title Effective Time Management</p>','system','single',1679088431),(2173,1,NULL,NULL,NULL,'New course enrollment','<p>Lewis Erickson enrolled in Effective Time Management&nbsp;on 17 Mar 2023 17:27&nbsp;at $33</p>','system','single',1679088431),(2177,1,NULL,NULL,NULL,'User got cashback (Admin)','<p>Lewis Erickson got $3 as cashback and this amount charged to their account.</p>','system','single',1679088431),(2178,870,NULL,NULL,NULL,'Course approve','<p>your course with title Installment and Secure Host approved</p>','system','single',1679090720),(2179,929,NULL,NULL,NULL,'Course approve','<p>your course with title New Update Features approved</p>','system','single',1679090824),(2180,870,NULL,NULL,NULL,'Rating (Feedback)','<p>new feedback submitted for course with title Installment and Secure Host bu student Cameron Schofield and rate 5</p>','system','single',1679093416),(2181,1,NULL,NULL,NULL,'New item review (Rating)','<p>Cameron Schofield submitted a new rate for Installment and Secure Host</p>','system','single',1679093416),(2184,1,NULL,NULL,NULL,'Installment request submitted (Admin)','<p>Cameron Schofield submitted an installment request for Installment payment On Christmas&nbsp;at $100.</p>','system','single',1685783030),(2188,1,NULL,NULL,NULL,'Installment verification request submitted (Admin)','<p>Cameron Schofield submitted a verification request for Installment payment On Christmas&nbsp;on 3 Jun 2023 - 05:04.</p>','system','single',1685783051),(2190,1,NULL,NULL,NULL,'User got cashback (Admin)','<p>Cameron Schofield got $3 as cashback and this amount charged to their account.</p>','system','single',1685783051),(2193,1,NULL,NULL,NULL,'Installment request submitted (Admin)','<p>Jade Harrison submitted an installment request for Installment payment On Christmas&nbsp;at $100.</p>','system','single',1685783144),(2197,1,NULL,NULL,NULL,'Installment verification request submitted (Admin)','<p>Jade Harrison submitted a verification request for Installment payment On Christmas&nbsp;on 3 Jun 2023 - 05:05.</p>','system','single',1685783153),(2199,1,NULL,NULL,NULL,'User got cashback (Admin)','<p>Jade Harrison got $3 as cashback and this amount charged to their account.</p>','system','single',1685783153),(2202,1015,NULL,NULL,NULL,'Course approve','<p>your course with title Excel from Beginner to Advanced approved</p>','system','single',1694966085),(2203,1015,NULL,NULL,NULL,'New reward point','<p>You get 50&nbsp;for Publishing a Course&nbsp;on 17 Sep 2023 11:54</p>','system','single',1694966085),(2204,1015,NULL,NULL,NULL,'Course approve','<p>your course with title New Learning Page approved</p>','system','single',1694966102),(2205,929,NULL,NULL,NULL,'Course approve','<p>your course with title New Update Features approved</p>','system','single',1694966179),(2206,1015,NULL,NULL,NULL,'Course approve','<p>your course with title New In-App Live System approved</p>','system','single',1694966203),(2207,929,NULL,NULL,NULL,'Course approve','<p>your course with title New Update Features approved</p>','system','single',1694966231),(2208,1015,NULL,NULL,NULL,'Course approve','<p>your course with title New Learning Page approved</p>','system','single',1694966236),(2209,1,NULL,NULL,NULL,'new submission for forms','<p>James Kong fill out Teacher Registration Form form in 17 Sep 2023 13:08.</p>','system','single',1694970500),(2210,1015,NULL,NULL,NULL,'Course approve','<p>your course with title New In-App Live System approved</p>','system','single',1709200278),(2211,1015,NULL,NULL,NULL,'Course approve','<p>your course with title Excel from Beginner to Advanced approved</p>','system','single',1709538867),(2212,1015,NULL,NULL,NULL,'Course approve','<p>your course with title Excel from Beginner to Advanced approved</p>','system','single',1709538879),(2216,1015,NULL,NULL,NULL,'Course approve','<p>your course with title New Learning Page approved</p>','system','single',1709711904),(2217,1015,NULL,NULL,NULL,'Course approve','<p>your course with title New In-App Live System approved</p>','system','single',1709711935),(2218,870,NULL,NULL,NULL,'Course approve','<p>your course with title Installment and Secure Host approved</p>','system','single',1709711966),(2219,1015,NULL,NULL,NULL,'New badge awarded','<p>You received Faithful User&nbsp;badge</p>','system','single',1709762954),(2220,1015,NULL,NULL,NULL,'New badge awarded','<p>You received Expert Vendor&nbsp;badge</p>','system','single',1709762954),(2221,1015,NULL,NULL,NULL,'New badge awarded','<p>You received Golden Classes&nbsp;badge</p>','system','single',1709762954),(2222,1015,NULL,NULL,NULL,'New badge awarded','<p>You received King Seller&nbsp;badge</p>','system','single',1709762954),(2223,1015,NULL,NULL,NULL,'New badge awarded','<p>You received Fantastic Support&nbsp;badge</p>','system','single',1709762954),(2224,1015,NULL,NULL,NULL,'New badge awarded','<p>You received Forums Top User&nbsp;badge</p>','system','single',1709762954),(2225,1015,NULL,NULL,NULL,'Cart Reminder','<div>We\'re excited to invite you to complete your purchase with us! Enjoy exclusive benefits and offers by finalizing your order now.</div>','system','single',1709763037),(2231,868,NULL,NULL,NULL,'New badge awarded','<p>You received Faithful User&nbsp;badge</p>','system','single',1709888335),(2232,1,NULL,NULL,NULL,'New badge awarded','<p>You received Faithful User&nbsp;badge</p>','system','single',1728999822),(2233,1047,NULL,NULL,NULL,'New user group','<p>You added to Special Students user group.</p>','system','single',1729026013),(2236,934,NULL,NULL,NULL,'New badge awarded','<p>You received Faithful User&nbsp;badge</p>','system','single',1729386945),(2237,934,NULL,NULL,NULL,'New badge awarded','<p>You received Senior Vendor&nbsp;badge</p>','system','single',1729386945),(2238,934,NULL,NULL,NULL,'New badge awarded','<p>You received Golden Classes&nbsp;badge</p>','system','single',1729386945),(2239,934,NULL,NULL,NULL,'New badge awarded','<p>You received Best Seller&nbsp;badge</p>','system','single',1729386945),(2240,934,NULL,NULL,NULL,'New badge awarded','<p>You received Fantastic Support&nbsp;badge</p>','system','single',1729386945),(2241,929,NULL,NULL,NULL,'New badge awarded','<p>You received Faithful User&nbsp;badge</p>','system','single',1729386945),(2242,929,NULL,NULL,NULL,'New badge awarded','<p>You received Expert Vendor&nbsp;badge</p>','system','single',1729386945),(2243,929,NULL,NULL,NULL,'New badge awarded','<p>You received Golden Classes&nbsp;badge</p>','system','single',1729386945),(2244,929,NULL,NULL,NULL,'New badge awarded','<p>You received Top Seller&nbsp;badge</p>','system','single',1729386945),(2245,929,NULL,NULL,NULL,'New badge awarded','<p>You received Amazing Support&nbsp;badge</p>','system','single',1729386945),(2251,870,NULL,NULL,NULL,'New badge awarded','<p>You received Faithful User&nbsp;badge</p>','system','single',1729386946),(2252,870,NULL,NULL,NULL,'New badge awarded','<p>You received Senior Vendor&nbsp;badge</p>','system','single',1729386946),(2253,870,NULL,NULL,NULL,'New badge awarded','<p>You received Golden Classes&nbsp;badge</p>','system','single',1729386946),(2254,870,NULL,NULL,NULL,'New badge awarded','<p>You received Best Seller&nbsp;badge</p>','system','single',1729386946),(2255,870,NULL,NULL,NULL,'New badge awarded','<p>You received Fantastic Support&nbsp;badge</p>','system','single',1729386946),(2256,870,NULL,NULL,NULL,'New badge awarded','<p>You received Forums Top User&nbsp;badge</p>','system','single',1729386946),(2257,1,NULL,NULL,NULL,'New item created','<p>SME Instructor created a new item with title How to Cook Jollof Rice</p>','system','single',1729409421),(2261,1,NULL,NULL,NULL,'Content review request','<p>SME Instructor sent a review request for How to Cook Jollof Rice</p>','system','single',1729410597),(2265,1,NULL,NULL,NULL,'New item review (Rating)','<p>SME Instructor submitted a new rate for How to Cook Jollof Rice</p>','system','single',1729410817),(2270,1,NULL,NULL,NULL,'Content review request','<p>SME Instructor sent a review request for How to Cook Jollof Rice</p>','system','single',1729411143),(2277,1,NULL,NULL,NULL,'New user registered','<p>Youtherium Finance registered on the platform on 20 Oct 2024 09:11&nbsp;as Student</p>','system','single',1729411887),(2278,1,NULL,NULL,NULL,'New course enrollment','<p>Youtherium Finance enrolled in How to Cook Jollof Rice&nbsp;on 20 Oct 2024 09:13&nbsp;at Free</p>','system','single',1729412028),(2282,1014,NULL,NULL,NULL,'New reward point','<p>You collected 15&nbsp;for New Badge&nbsp;on 28/10/2024 01:46 pm</p>','system','single',1730119600),(2283,1014,NULL,NULL,NULL,'New badge awarded','<p>You received Faithful User&nbsp;badge</p>','system','single',1730119601),(2284,4,NULL,NULL,NULL,'New badge awarded','<p>You received Faithful User&nbsp;badge</p>','system','single',1730122623),(2285,4,NULL,NULL,NULL,'New badge awarded','<p>You received Junior Vendor&nbsp;badge</p>','system','single',1730122625),(2286,4,NULL,NULL,NULL,'New badge awarded','<p>You received Best Seller&nbsp;badge</p>','system','single',1730122625),(2287,867,NULL,NULL,NULL,'New badge awarded','<p>You received Faithful User&nbsp;badge</p>','system','single',1730122860),(2288,867,NULL,NULL,NULL,'New reward point','<p>You collected 10&nbsp;for New Badge&nbsp;on 28/10/2024 02:41 pm</p>','system','single',1730122861),(2289,867,NULL,NULL,NULL,'New badge awarded','<p>You received Junior Vendor&nbsp;badge</p>','system','single',1730122862),(2290,867,NULL,NULL,NULL,'New badge awarded','<p>You received Top Seller&nbsp;badge</p>','system','single',1730122862),(2293,1015,NULL,NULL,NULL,'Course approve','<p>Your course with title Product and Services Design forSME\'s approved</p>','system','single',1730214633),(2294,1015,NULL,NULL,NULL,'New reward point','<p>You collected 50&nbsp;for Publishing a Course&nbsp;on 29/10/2024 04:10 pm</p>','system','single',1730214634),(2295,1015,NULL,NULL,NULL,'Course approve','<p>Your course with title Product and Services Design forSME\'s approved</p>','system','single',1730214695),(2296,1015,NULL,NULL,NULL,'Course approve','<p>Your course with title Product and Services Design forSME\'s approved</p>','system','single',1730214944),(2297,1,NULL,NULL,NULL,'New item created','<p>Instructor Test created a new item with title How to make Bread</p>','system','single',1730262243),(2299,1,NULL,NULL,NULL,'Content review request','<p>Instructor Test sent a review request for How to make Bread</p>','system','single',1730263257),(2303,1,NULL,NULL,NULL,'Content review request','<p>Instructor Test sent a review request for How to make Bread</p>','system','single',1730263451),(2304,1,NULL,NULL,NULL,'New user registered','<p>Kelechi Ezumah registered on the platform on 30/10/2024 05:54 am&nbsp;as Instructor</p>','system','single',1730264041),(2307,1,NULL,NULL,NULL,'Gift request submitted (Admin)','<p>Kelechi Ezumah submitted a gift request for How to Cook Jollof Rice&nbsp;which is a course&nbsp;for User 1&nbsp;on 30/10/2024 06:08 am&nbsp;at Free&nbsp;and it will be sent to the recipient on 31/10/2024 12:00 am</p>','system','single',1730264930),(2308,1015,NULL,NULL,NULL,'Course approve','<p>Your course with title Product and Services Design forSME\'s approved</p>','system','single',1730277726),(2309,1,NULL,NULL,NULL,'New user registered','<p>Kelechi Ezumah registered on the platform on 30/10/2024 11:31 am&nbsp;as Student</p>','system','single',1730284265),(2310,1,NULL,NULL,NULL,'New user registered','<p>Kelechi Ezumah registered on the platform on 30/10/2024 11:31 am&nbsp;as Student</p>','system','single',1730284311),(2311,1055,NULL,NULL,NULL,'New reward point','<p>You collected 5&nbsp;for Registration&nbsp;on 30/10/2024 11:32 am</p>','system','single',1730284373),(2314,1,NULL,NULL,NULL,'New item created','<p>Kelechi Ezumah created a new item with title Effective Communication: Building Stronger Relationships at Work</p>','system','single',1730313646),(2316,1,NULL,NULL,NULL,'Content review request','<p>Kelechi Ezumah sent a review request for Effective Communication: Building Stronger Relationships at Work</p>','system','single',1730314965),(2323,1055,NULL,NULL,NULL,'New reward point','<p>You collected 5&nbsp;for New Badge&nbsp;on 1/11/2024 09:51 am</p>','system','single',1730451101),(2324,1055,NULL,NULL,NULL,'New badge awarded','<p>You received New User&nbsp;badge</p>','system','single',1730451102),(2325,1,NULL,NULL,NULL,'New course enrollment','<p>Kelechi Ezumah enrolled in Effective Communication: Building Stronger Relationships at Work&nbsp;on 1/11/2024 09:52 am&nbsp;at Free</p>','system','single',1730451133),(2327,929,NULL,NULL,NULL,'Course approve','<p>Your course with title How to Manage Your Virtual Team approved</p>','system','single',1730459104),(2330,1,NULL,NULL,NULL,'New user registered','<p>Auralley registered on the platform on 2/11/2024 09:12 pm&nbsp;as Student</p>','system','single',1730578336),(2331,1056,NULL,NULL,NULL,'New reward point','<p>You collected 5&nbsp;for Registration&nbsp;on 2/11/2024 09:12 pm</p>','system','single',1730578356),(2332,1015,NULL,NULL,NULL,'New sales','<p>Congratulations! New sale for Product and Services Design forSME\'s</p>','system','single',1730578380),(2333,1049,NULL,NULL,NULL,'New purchase','<p>Congratulations! New purchase for Product and Services Design forSME\'s</p>','system','single',1730578382),(2334,1,NULL,NULL,NULL,'New course enrollment','<p>Youtherium Finance enrolled in Product and Services Design forSME\'s&nbsp;on 2/11/2024 09:13 pm&nbsp;at 1,100</p>','system','single',1730578383),(2335,1049,NULL,NULL,NULL,'New reward point','<p>You collected 5500&nbsp;for Purchase&nbsp;on 2/11/2024 09:13 pm</p>','system','single',1730578384),(2336,1049,NULL,NULL,NULL,'New financial document','<p>&nbsp;New financial document submitted for Product and Services Design forSME\'s with type Deduction with amount 1,100</p>','system','single',1730578385),(2337,1,NULL,NULL,NULL,'New course enrollment','<p>Auralley enrolled in Learn Python Programming&nbsp;on 2/11/2024 09:15 pm&nbsp;at Free</p>','system','single',1730578548),(2338,1015,NULL,NULL,NULL,'New sales','<p>Congratulations! New sale for Product and Services Design forSME\'s</p>','system','single',1730583998),(2339,1055,NULL,NULL,NULL,'New purchase','<p>Congratulations! New purchase for Product and Services Design forSME\'s</p>','system','single',1730584000),(2340,1,NULL,NULL,NULL,'New course enrollment','<p>Kelechi Ezumah enrolled in Product and Services Design forSME\'s&nbsp;on 2/11/2024 10:46 pm&nbsp;at 1,100</p>','system','single',1730584001),(2341,1055,NULL,NULL,NULL,'New reward point','<p>You collected 5500&nbsp;for Purchase&nbsp;on 2/11/2024 10:46 pm</p>','system','single',1730584003),(2342,1055,NULL,NULL,NULL,'New financial document','<p>&nbsp;New financial document submitted for Product and Services Design forSME\'s with type Deduction with amount 1,100</p>','system','single',1730584004),(2343,1015,NULL,NULL,NULL,'New sales','<p>Congratulations! New sale for New In-App Live System</p>','system','single',1730584322),(2344,1055,NULL,NULL,NULL,'New purchase','<p>Congratulations! New purchase for New In-App Live System</p>','system','single',1730584323),(2345,1,NULL,NULL,NULL,'New course enrollment','<p>Kelechi Ezumah enrolled in New In-App Live System&nbsp;on 2/11/2024 10:52 pm&nbsp;at 11</p>','system','single',1730584324),(2346,1055,NULL,NULL,NULL,'New reward point','<p>You collected 55&nbsp;for Purchase&nbsp;on 2/11/2024 10:52 pm</p>','system','single',1730584325),(2347,1055,NULL,NULL,NULL,'New financial document','<p>&nbsp;New financial document submitted for New In-App Live System with type Deduction with amount 11</p>','system','single',1730584326),(2348,870,NULL,NULL,NULL,'Course approve','<p>Your course with title Health And Fitness Masterclass approved</p>','system','single',1730597503),(2349,863,NULL,NULL,NULL,'New reward point','<p>You collected 50&nbsp;for Publishing a Course&nbsp;on 3/11/2024 02:31 am</p>','system','single',1730597505),(2350,870,NULL,NULL,NULL,'Course approve','<p>Your course with title Health And Fitness Masterclass approved</p>','system','single',1730597770),(2353,1,NULL,NULL,NULL,'New item created','<p>Instructor Test created a new item with title Digital Transformation for SMEs: Tools and Tactics for Success</p>','system','single',1730598538),(2355,1,NULL,NULL,NULL,'Content review request','<p>Instructor Test sent a review request for Digital Transformation for SMEs: Tools and Tactics for Success</p>','system','single',1730598791),(2362,1055,NULL,NULL,NULL,'New reward point','<p>You collected 50&nbsp;for Quiz Pass&nbsp;on 23/11/2024 11:39 pm</p>','system','single',1732401598),(2363,1055,NULL,NULL,NULL,'New reward point','<p>You collected 30&nbsp;for Achieving a Certificate&nbsp;on 23/11/2024 11:39 pm</p>','system','single',1732401599),(2364,1055,NULL,NULL,NULL,'Certificate achieved','<p>You achieved a certificate for Product and Services Design forSME\'s course</p>','system','single',1732401611),(2365,NULL,1051,NULL,NULL,'Hello Students','Happy Weekend to everyone from Here','admin','students',1732402147),(2366,1055,NULL,NULL,NULL,'New reward point','<p>You collected 20&nbsp;for Course Completion&nbsp;on 23/11/2024 11:50 pm</p>','system','single',1732402200),(2367,1056,NULL,NULL,NULL,'New reward point','<p>You collected 5&nbsp;for New Badge&nbsp;on 23/11/2024 11:51 pm</p>','system','single',1732402312),(2368,1056,NULL,NULL,NULL,'New badge awarded','<p>You received New User&nbsp;badge</p>','system','single',1732402313),(2373,1,NULL,NULL,NULL,'New user registered','<p>Danang registered on the platform on 4/12/2024 04:00 am&nbsp;as Student</p>','system','single',1733281225),(2374,1058,NULL,NULL,NULL,'New reward point','<p>You collected 5&nbsp;for Registration&nbsp;on 4/12/2024 04:01 am</p>','system','single',1733281299),(2375,1059,NULL,NULL,NULL,'New reward point','<p>You collected 5&nbsp;for New Badge&nbsp;on 8/12/2024 09:15 am</p>','system','single',1733645755),(2376,1059,NULL,NULL,NULL,'New badge awarded','<p>You received New User&nbsp;badge</p>','system','single',1733645755),(2377,1,NULL,NULL,NULL,'New user registered','<p>Moriso registered on the platform on 8/12/2024 09:34 pm&nbsp;as Student</p>','system','single',1733690071),(2378,1062,NULL,NULL,NULL,'New reward point','<p>You collected 5&nbsp;for New Badge&nbsp;on 9/12/2024 07:10 pm</p>','system','single',1733767801),(2379,1062,NULL,NULL,NULL,'New badge awarded','<p>You received New User&nbsp;badge</p>','system','single',1733767801),(2380,1061,NULL,NULL,NULL,'New reward point','<p>You collected 5&nbsp;for New Badge&nbsp;on 9/12/2024 07:15 pm</p>','system','single',1733768149),(2381,1061,NULL,NULL,NULL,'New badge awarded','<p>You received New User&nbsp;badge</p>','system','single',1733768149),(2383,1061,NULL,NULL,NULL,'New reward point','<p>You collected 20&nbsp;for Course Completion&nbsp;on 9/12/2024 07:34 pm</p>','system','single',1733769268),(2384,1061,NULL,NULL,NULL,'Certificate achieved','<p>You achieved a certificate for Digital Transformation for SMEs: Tools and Tactics for Success course</p>','system','single',1733769268),(2385,1061,NULL,NULL,NULL,'New reward point','<p>You collected 30&nbsp;for Achieving a Certificate&nbsp;on 9/12/2024 07:34 pm</p>','system','single',1733769268),(2386,1066,NULL,NULL,NULL,'New reward point','<p>You collected 5&nbsp;for New Badge&nbsp;on 11/12/2024 02:04 pm</p>','system','single',1733922242),(2387,1066,NULL,NULL,NULL,'New badge awarded','<p>You received New User&nbsp;badge</p>','system','single',1733922242),(2388,1060,NULL,NULL,NULL,'New reward point','<p>You collected 5&nbsp;for New Badge&nbsp;on 14/12/2024 11:56 pm</p>','system','single',1734216992),(2389,1060,NULL,NULL,NULL,'New badge awarded','<p>You received New User&nbsp;badge</p>','system','single',1734216992),(2390,1073,NULL,NULL,NULL,'Your user role changed','<p>Your user role changed to Student role</p>','system','single',1734217612),(2391,1073,NULL,NULL,NULL,'Your user role changed','<p>Your user role changed to Organization role</p>','system','single',1734217643),(2392,1,NULL,NULL,NULL,'New organization user','<p>NEXIM Academy Admin submitted NEXIM Academy Instructor&nbsp;as new Instructor</p>','system','single',1734217820),(2394,1057,NULL,NULL,NULL,'New reward point','<p>You collected 5&nbsp;for New Badge&nbsp;on 15/12/2024 11:04 am</p>','system','single',1734257066),(2395,1057,NULL,NULL,NULL,'New badge awarded','<p>You received New User&nbsp;badge</p>','system','single',1734257066),(2396,1075,NULL,NULL,NULL,'Course approve','<p>Your course with title Judicial Ethics and Professionalism approved</p>','system','single',1734272660),(2397,1075,NULL,NULL,NULL,'New reward point','<p>You collected 50&nbsp;for Publishing a Course&nbsp;on 15/12/2024 03:24 pm</p>','system','single',1734272660),(2398,1075,NULL,NULL,NULL,'Course approve','<p>Your course with title Judicial Ethics and Professionalism approved</p>','system','single',1734272833),(2399,1075,NULL,NULL,NULL,'New reward point','<p>You collected 10&nbsp;for New Badge&nbsp;on 15/12/2024 03:28 pm</p>','system','single',1734272898),(2400,1075,NULL,NULL,NULL,'New badge awarded','<p>You received Junior Vendor&nbsp;badge</p>','system','single',1734272898),(2401,1051,NULL,NULL,NULL,'Course approve','<p>Your course with title Case Management and Courtroom Efficiency approved</p>','system','single',1734274555),(2402,1051,NULL,NULL,NULL,'New reward point','<p>You collected 50&nbsp;for Publishing a Course&nbsp;on 15/12/2024 03:55 pm</p>','system','single',1734274555),(2403,1051,NULL,NULL,NULL,'New reward point','<p>You collected 10&nbsp;for New Badge&nbsp;on 15/12/2024 03:56 pm</p>','system','single',1734274581),(2404,1051,NULL,NULL,NULL,'New badge awarded','<p>You received Loyal User&nbsp;badge</p>','system','single',1734274581),(2405,1051,NULL,NULL,NULL,'New reward point','<p>You collected 10&nbsp;for New Badge&nbsp;on 15/12/2024 03:56 pm</p>','system','single',1734274581),(2406,1051,NULL,NULL,NULL,'New badge awarded','<p>You received Junior Vendor&nbsp;badge</p>','system','single',1734274581),(2407,1051,NULL,NULL,NULL,'Course approve','<p>Your course with title Case Management and Courtroom Efficiency approved</p>','system','single',1734275240),(2408,1051,NULL,NULL,NULL,'Course approve','<p>Your course with title Case Management and Courtroom Efficiency approved</p>','system','single',1734275258),(2409,1051,NULL,NULL,NULL,'Course approve','<p>Your course with title Case Management and Courtroom Efficiency approved</p>','system','single',1734275315),(2410,1051,NULL,NULL,NULL,'Course approve','<p>Your course with title Case Management and Courtroom Efficiency approved</p>','system','single',1734275470),(2411,1051,NULL,NULL,NULL,'Course approve','<p>Your course with title Case Management and Courtroom Efficiency approved</p>','system','single',1734275555),(2412,1051,NULL,NULL,NULL,'Course approve','<p>Your course with title Case Management and Courtroom Efficiency approved</p>','system','single',1734275730),(2413,1075,NULL,NULL,NULL,'New reward point','<p>You collected 20&nbsp;for Course Completion&nbsp;on 15/12/2024 04:15 pm</p>','system','single',1734275753),(2414,1075,NULL,NULL,NULL,'Certificate achieved','<p>You achieved a certificate for Case Management and Courtroom Efficiency course</p>','system','single',1734275753),(2415,1075,NULL,NULL,NULL,'New reward point','<p>You collected 30&nbsp;for Achieving a Certificate&nbsp;on 15/12/2024 04:15 pm</p>','system','single',1734275753),(2416,1,NULL,NULL,NULL,'New comment','<p>Abdulrazaq Abdullahi left a new comment for New Learning Page course</p>','system','single',1734277376),(2419,1075,NULL,NULL,NULL,'Course approve','<p>Your course with title Digital Transformation for SMEs: Tools and Tactics for Success approved</p>','system','single',1734292708),(2420,1075,NULL,NULL,NULL,'New reward point','<p>You collected 50&nbsp;for Publishing a Course&nbsp;on 15/12/2024 08:58 pm</p>','system','single',1734292708),(2421,1075,NULL,NULL,NULL,'Course approve','<p>Your course with title Business Registration and Regulatory Matters approved</p>','system','single',1734292753),(2422,1075,NULL,NULL,NULL,'New reward point','<p>You collected 50&nbsp;for Publishing a Course&nbsp;on 15/12/2024 08:59 pm</p>','system','single',1734292753),(2423,1075,NULL,NULL,NULL,'Course approve','<p>Your course with title Business Registration and Regulatory Matters approved</p>','system','single',1734292763),(2424,929,NULL,NULL,NULL,'Course approve','<p>Your course with title Case Management and Courtroom Efficiency approved</p>','system','single',1734292944),(2425,929,NULL,NULL,NULL,'New reward point','<p>You collected 50&nbsp;for Publishing a Course&nbsp;on 15/12/2024 09:02 pm</p>','system','single',1734292944),(2426,1051,NULL,NULL,NULL,'Your user role changed','<p>Your user role changed to Super Admin / Owner</p>','system','single',1734299786),(2427,1060,NULL,NULL,NULL,'Your user role changed','<p>Your user role changed to Admin Dev Role</p>','system','single',1734300285),(2428,1059,NULL,NULL,NULL,'Your user role changed','<p>Your user role changed to Admin Dev Role</p>','system','single',1734300406),(2429,1075,NULL,NULL,NULL,'New reward point','<p>You collected 30&nbsp;for New Badge&nbsp;on 16/12/2024 12:00 am</p>','system','single',1734303638),(2430,1075,NULL,NULL,NULL,'New badge awarded','<p>You received Expert Vendor&nbsp;badge</p>','system','single',1734303638),(2431,1,NULL,NULL,NULL,'New user registered','<p>Regina Home registered on the platform on 16/12/2024 12:35 am&nbsp;as Student</p>','system','single',1734305748),(2432,1078,NULL,NULL,NULL,'New reward point','<p>You collected 5&nbsp;for Registration&nbsp;on 16/12/2024 12:36 am</p>','system','single',1734305792),(2433,1075,NULL,NULL,NULL,'Course approve','<p>Your course with title Digital Transformation for SMEs: Tools and Tactics for Success approved</p>','system','single',1734336335),(2434,1075,NULL,NULL,NULL,'Course approve','<p>Your course with title Courtroom Management for Judges approved</p>','system','single',1734336556),(2435,934,NULL,NULL,NULL,'Course approve','<p>Your course with title Courtroom Management for Judges approved</p>','system','single',1734336626),(2436,934,NULL,NULL,NULL,'New reward point','<p>You collected 50&nbsp;for Publishing a Course&nbsp;on 16/12/2024 09:10 am</p>','system','single',1734336626),(2437,934,NULL,NULL,NULL,'Course approve','<p>Your course with title Judicial Ethics and Professionalism approved</p>','system','single',1734336799),(2438,934,NULL,NULL,NULL,'New reward point','<p>You collected 50&nbsp;for Publishing a Course&nbsp;on 16/12/2024 09:13 am</p>','system','single',1734336799),(2439,929,NULL,NULL,NULL,'Course approve','<p>Your course with title Avoiding Common Pitfalls incLegal Research and Writing approved</p>','system','single',1734336968),(2440,929,NULL,NULL,NULL,'Course approve','<p>Your course with title Avoiding Common Pitfalls in Legal Research and Writing approved</p>','system','single',1734336992),(2441,1015,NULL,NULL,NULL,'Course approve','<p>Your course with title e-Filing and Court Automation Processes approved</p>','system','single',1734337465),(2442,1015,NULL,NULL,NULL,'New reward point','<p>You collected 50&nbsp;for Publishing a Course&nbsp;on 16/12/2024 09:24 am</p>','system','single',1734337465),(2443,1076,NULL,NULL,NULL,'Course approve','<p>Your course with title Emerging Trends in Nigerian Law approved</p>','system','single',1734339471),(2444,1076,NULL,NULL,NULL,'New reward point','<p>You collected 50&nbsp;for Publishing a Course&nbsp;on 16/12/2024 09:57 am</p>','system','single',1734339471),(2445,1076,NULL,NULL,NULL,'Course approve','<p>Your course with title Emerging Trends in Nigerian Law approved</p>','system','single',1734339483),(2446,934,NULL,NULL,NULL,'New reward point','<p>You collected 30&nbsp;for New Badge&nbsp;on 16/12/2024 10:16 am</p>','system','single',1734340604),(2447,934,NULL,NULL,NULL,'New badge awarded','<p>You received Expert Vendor&nbsp;badge</p>','system','single',1734340604),(2448,934,NULL,NULL,NULL,'Course approve','<p>Your course with title Introduction to Social Justice and Gender Equality in Law approved</p>','system','single',1734341249),(2449,934,NULL,NULL,NULL,'New reward point','<p>You collected 50&nbsp;for Publishing a Course&nbsp;on 16/12/2024 10:27 am</p>','system','single',1734341249),(2450,934,NULL,NULL,NULL,'Course approve','<p>Your course with title Basics In Courtroom Technology approved</p>','system','single',1734342061),(2451,934,NULL,NULL,NULL,'New reward point','<p>You collected 50&nbsp;for Publishing a Course&nbsp;on 16/12/2024 10:41 am</p>','system','single',1734342061),(2452,1076,NULL,NULL,NULL,'New reward point','<p>You collected 10&nbsp;for New Badge&nbsp;on 16/12/2024 11:28 am</p>','system','single',1734344893),(2453,1076,NULL,NULL,NULL,'New badge awarded','<p>You received Junior Vendor&nbsp;badge</p>','system','single',1734344893),(2454,1076,NULL,NULL,NULL,'New reward point','<p>You collected 5&nbsp;for New Badge&nbsp;on 16/12/2024 03:32 pm</p>','system','single',1734359566),(2455,1076,NULL,NULL,NULL,'New badge awarded','<p>You received New User&nbsp;badge</p>','system','single',1734359566),(2456,1,NULL,NULL,NULL,'New user registered','<p>Al-amir Suleyman registered on the platform on 19/12/2024 02:52 pm&nbsp;as Student</p>','system','single',1734616352),(2457,1080,NULL,NULL,NULL,'New reward point','<p>You collected 5&nbsp;for Registration&nbsp;on 19/12/2024 02:53 pm</p>','system','single',1734616428),(2458,1080,NULL,NULL,NULL,'New reward point','<p>You collected 5&nbsp;for New Badge&nbsp;on 20/12/2024 04:27 pm</p>','system','single',1734708429),(2459,1080,NULL,NULL,NULL,'New badge awarded','<p>You received New User&nbsp;badge</p>','system','single',1734708429),(2460,1,NULL,NULL,NULL,'New course enrollment','<p>Al-amir Suleyman enrolled in Introduction to Social Justice and Gender Equality in Law&nbsp;on 20/12/2024 04:27 pm&nbsp;at Free</p>','system','single',1734708477),(2461,934,NULL,NULL,NULL,'New reward point','<p>You collected 20&nbsp;for New Badge&nbsp;on 20/12/2024 04:27 pm</p>','system','single',1734708478),(2462,934,NULL,NULL,NULL,'New badge awarded','<p>You received Top Seller&nbsp;badge</p>','system','single',1734708478),(2463,1,NULL,NULL,NULL,'New course enrollment','<p>Al-amir Suleyman enrolled in Judicial Ethics and Professionalism&nbsp;on 20/12/2024 04:29 pm&nbsp;at Free</p>','system','single',1734708586),(2464,929,NULL,NULL,NULL,'Course approve','<p>Your course with title Avoiding Common Pitfalls in Legal Research and Writing approved</p>','system','single',1734800684),(2465,929,NULL,NULL,NULL,'Course approve','<p>Your course with title Avoiding Common Pitfalls in Legal Research and Writing approved</p>','system','single',1734800718),(2466,934,NULL,NULL,NULL,'Course approve','<p>Your course with title Courtroom Management for Judges approved</p>','system','single',1734800783),(2467,1015,NULL,NULL,NULL,'Course approve','<p>Your course with title e-Filing and Court Automation Processes approved</p>','system','single',1734800820),(2468,1076,NULL,NULL,NULL,'Course approve','<p>Your course with title Emerging Trends in Nigerian Law approved</p>','system','single',1734800896),(2469,934,NULL,NULL,NULL,'Course approve','<p>Your course with title Introduction to Social Justice and Gender Equality in Law approved</p>','system','single',1734800936),(2470,934,NULL,NULL,NULL,'Course approve','<p>Your course with title Judicial Ethics and Professionalism approved</p>','system','single',1734800985),(2471,934,NULL,NULL,NULL,'Course approve','<p>Your course with title Basics In Courtroom Technology approved</p>','system','single',1734801028),(2472,1056,NULL,NULL,NULL,'New quiz added to course','<p>New quiz with the title Basics In Courtroom Tech&nbsp;added to the course Basics In Courtroom Technology.</p>','system','single',1734805749),(2474,1056,NULL,NULL,NULL,'New quiz added to course','<p>New quiz with the title Basics In Courtroom Tech&nbsp;added to the course Basics In Courtroom Technology.</p>','system','single',1734805753),(2476,1,NULL,NULL,NULL,'New user registered','<p>Abdulrazaq Sadiq registered on the platform on 21/12/2024 07:38 pm&nbsp;as Student</p>','system','single',1734806287),(2477,1081,NULL,NULL,NULL,'New reward point','<p>You collected 5&nbsp;for Registration&nbsp;on 21/12/2024 07:38 pm</p>','system','single',1734806331),(2478,1,NULL,NULL,NULL,'New course enrollment','<p>Abdulrazaq Sadiq enrolled in Basics In Courtroom Technology&nbsp;on 21/12/2024 07:39 pm&nbsp;at Free</p>','system','single',1734806368),(2479,1081,NULL,NULL,NULL,'New reward point','<p>You collected 50&nbsp;for Quiz Pass&nbsp;on 21/12/2024 07:46 pm</p>','system','single',1734806810),(2480,1,NULL,NULL,NULL,'New user registered','<p>Senior registered on the platform on 23/12/2024 12:19 am&nbsp;as Student</p>','system','single',1734909553),(2482,1,NULL,NULL,NULL,'New course enrollment','<p>Senior enrolled in Introduction to Social Justice and Gender Equality in Law&nbsp;on 23/12/2024 12:20 am&nbsp;at Free</p>','system','single',1734909618),(2483,1,NULL,NULL,NULL,'New course enrollment','<p>Senior enrolled in Judicial Ethics and Professionalism&nbsp;on 23/12/2024 12:36 am&nbsp;at Free</p>','system','single',1734910580),(2486,1,NULL,NULL,NULL,'New comment','<p>Admin left a new comment for Avoiding Common Pitfalls in Legal Research and Writing course</p>','system','single',1735463014),(2487,1,NULL,NULL,NULL,'New comment','<p>Admin left a new comment for Avoiding Common Pitfalls in Legal Research and Writing course</p>','system','single',1735463015),(2488,1,NULL,NULL,NULL,'New comment','<p>Admin left a new comment for Avoiding Common Pitfalls in Legal Research and Writing course</p>','system','single',1735463041),(2489,1,NULL,NULL,NULL,'New comment','<p>Obinna left a new comment for Avoiding Common Pitfalls in Legal Research and Writing course</p>','system','single',1735463500),(2491,929,NULL,NULL,NULL,'New comment','<p>Obinna left a new comment for Avoiding Common Pitfalls in Legal Research and Writing course</p>','system','single',1735463602),(2492,1,NULL,NULL,NULL,'New reward point','<p>You collected 5&nbsp;for Comment&nbsp;on 29/12/2024 10:13 am</p>','system','single',1735463603),(2493,929,NULL,NULL,NULL,'New comment','<p>Admin left a new comment for Avoiding Common Pitfalls in Legal Research and Writing course</p>','system','single',1735463603),(2494,1,NULL,NULL,NULL,'New reward point','<p>You collected 5&nbsp;for Comment&nbsp;on 29/12/2024 10:13 am</p>','system','single',1735463613),(2495,929,NULL,NULL,NULL,'New comment','<p>Admin left a new comment for Avoiding Common Pitfalls in Legal Research and Writing course</p>','system','single',1735463613),(2496,1100,NULL,NULL,NULL,'New reward point','<p>You collected 5&nbsp;for New Badge&nbsp;on 7/01/2025 01:47 pm</p>','system','single',1736254028),(2497,1100,NULL,NULL,NULL,'New badge awarded','<p>You received New User&nbsp;badge</p>','system','single',1736254028),(2498,929,NULL,NULL,NULL,'New reward point','<p>You collected 50&nbsp;for New Badge&nbsp;on 8/01/2025 06:25 pm</p>','system','single',1736357128),(2499,929,NULL,NULL,NULL,'New badge awarded','<p>You received King Seller&nbsp;badge</p>','system','single',1736357128),(2500,1076,NULL,NULL,NULL,'New reward point','<p>You collected 10&nbsp;for New Badge&nbsp;on 15/01/2025 03:41 pm</p>','system','single',1736952074),(2501,1076,NULL,NULL,NULL,'New badge awarded','<p>You received Loyal User&nbsp;badge</p>','system','single',1736952074),(2502,1,NULL,NULL,NULL,'New user registered','<p>Danang registered on the platform on 17/01/2025 01:07 pm&nbsp;as Student</p>','system','single',1737115675),(2503,1112,NULL,NULL,NULL,'New reward point','<p>You collected 5&nbsp;for Registration&nbsp;on 17/01/2025 01:08 pm</p>','system','single',1737115700),(2504,1,NULL,NULL,NULL,'New user registered','<p>Rashidat Bamidele registered on the platform on 21/01/2025 11:39 am&nbsp;as Student</p>','system','single',1737455966),(2505,1,NULL,NULL,NULL,'New user registered','<p>Obum registered on the platform on 21/01/2025 11:39 am&nbsp;as Student</p>','system','single',1737455972),(2506,1113,NULL,NULL,NULL,'New reward point','<p>You collected 5&nbsp;for Registration&nbsp;on 21/01/2025 11:39 am</p>','system','single',1737455994),(2507,1114,NULL,NULL,NULL,'New reward point','<p>You collected 5&nbsp;for Registration&nbsp;on 21/01/2025 11:39 am</p>','system','single',1737455994),(2508,1,NULL,NULL,NULL,'New course enrollment','<p>Rashidat Bamidele enrolled in Judicial Ethics and Professionalism&nbsp;on 21/01/2025 11:42 am&nbsp;at Free</p>','system','single',1737456165),(2509,934,NULL,NULL,NULL,'New reward point','<p>You collected 50&nbsp;for New Badge&nbsp;on 21/01/2025 11:42 am</p>','system','single',1737456165),(2510,934,NULL,NULL,NULL,'New badge awarded','<p>You received King Seller&nbsp;badge</p>','system','single',1737456165),(2511,1,NULL,NULL,NULL,'New instructor/organization request','<p>Obum submitted a user role change request on 21/01/2025 11:45 am</p>','system','single',1737456347),(2512,1,NULL,NULL,NULL,'New comment','<p>Obum left a new comment for Avoiding Common Pitfalls in Legal Research and Writing course</p>','system','single',1737457733),(2513,1,NULL,NULL,NULL,'New course enrollment','<p>Obum enrolled in Judicial Ethics and Professionalism&nbsp;on 21/01/2025 12:20 pm&nbsp;at Free</p>','system','single',1737458423),(2514,929,NULL,NULL,NULL,'Course approve','<p>Your course with title Avoiding Common Pitfalls in Legal Research and Writing approved</p>','system','single',1737459055),(2515,1,NULL,NULL,NULL,'New comment','<p>Rashidat Bamidele left a new comment for Avoiding Common Pitfalls in Legal Research and Writing course</p>','system','single',1737459178),(2516,1,NULL,NULL,NULL,'New comment','<p>Obum left a new comment for Judicial Ethics and Professionalism course</p>','system','single',1737459316),(2517,1,NULL,NULL,NULL,'New user registered','<p>Rosemary Ezomo registered on the platform on 22/01/2025 04:30 pm&nbsp;as Student</p>','system','single',1737559814),(2518,1115,NULL,NULL,NULL,'New reward point','<p>You collected 5&nbsp;for Registration&nbsp;on 22/01/2025 04:31 pm</p>','system','single',1737559885),(2519,1,NULL,NULL,NULL,'New course enrollment','<p>Rosemary Ezomo enrolled in Introduction to Social Justice and Gender Equality in Law&nbsp;on 22/01/2025 04:33 pm&nbsp;at Free</p>','system','single',1737560007),(2520,1115,NULL,NULL,NULL,'New reward point','<p>You collected 5&nbsp;for New Badge&nbsp;on 23/01/2025 09:20 am</p>','system','single',1737620438),(2521,1115,NULL,NULL,NULL,'New badge awarded','<p>You received New User&nbsp;badge</p>','system','single',1737620438),(2522,1116,NULL,NULL,NULL,'New badge awarded','<p>You received Amazing Support&nbsp;badge</p>','system','single',1737638504),(2523,1,NULL,NULL,NULL,'New user registered','<p>Olatunji Ojo registered on the platform on 23/01/2025 02:38 pm&nbsp;as Student</p>','system','single',1737639523),(2524,1117,NULL,NULL,NULL,'New reward point','<p>You collected 5&nbsp;for Registration&nbsp;on 23/01/2025 02:40 pm</p>','system','single',1737639630),(2525,1116,NULL,NULL,NULL,'New reward point','<p>You collected 5&nbsp;for Publishing a Blog Post&nbsp;on 23/01/2025 02:53 pm</p>','system','single',1737640414),(2526,1116,NULL,NULL,NULL,'Blog post published (Instructor)','<p>Your blog post with title How to Register on the NJI Learning Platform published.</p>','system','single',1737640414),(2527,1116,NULL,NULL,NULL,'Blog post published (Instructor)','<p>Your blog post with title How to Register on the NJI Learning Platform published.</p>','system','single',1737640635),(2528,1116,NULL,NULL,NULL,'Blog post published (Instructor)','<p>Your blog post with title How to Register on the NJI Learning Platform published.</p>','system','single',1737640675),(2529,1116,NULL,NULL,NULL,'Blog post published (Instructor)','<p>Your blog post with title How to Register on the NJI Learning Platform published.</p>','system','single',1737640733),(2530,1,NULL,NULL,NULL,'New course enrollment','<p>Olatunji Ojo enrolled in Judicial Ethics and Professionalism&nbsp;on 23/01/2025 03:56 pm&nbsp;at Free</p>','system','single',1737644205),(2531,1116,NULL,NULL,NULL,'Blog post published (Instructor)','<p>Your blog post with title How to Register on the NJI Learning Platform published.</p>','system','single',1737647928),(2532,1117,NULL,NULL,NULL,'New reward point','<p>You collected 5&nbsp;for New Badge&nbsp;on 24/01/2025 09:06 am</p>','system','single',1737705984),(2533,1117,NULL,NULL,NULL,'New badge awarded','<p>You received New User&nbsp;badge</p>','system','single',1737705984),(2534,1,NULL,NULL,NULL,'New course enrollment','<p>Olatunji Ojo enrolled in Introduction to Social Justice and Gender Equality in Law&nbsp;on 24/01/2025 09:11 am&nbsp;at Free</p>','system','single',1737706283),(2535,1116,NULL,NULL,NULL,'New reward point','<p>You collected 5&nbsp;for Publishing a Blog Post&nbsp;on 24/01/2025 09:16 am</p>','system','single',1737706568),(2536,1116,NULL,NULL,NULL,'Blog post published (Instructor)','<p>Your blog post with title Enroll in any course with these easy steps published.</p>','system','single',1737706568),(2537,1116,NULL,NULL,NULL,'Blog post published (Instructor)','<p>Your blog post with title Enroll in any course with these easy steps published.</p>','system','single',1737707646),(2538,1116,NULL,NULL,NULL,'Blog post published (Instructor)','<p>Your blog post with title Enroll in any course with these easy steps published.</p>','system','single',1737707722),(2539,1117,NULL,NULL,NULL,'New reward point','<p>You collected 20&nbsp;for Course Completion&nbsp;on 24/01/2025 09:42 am</p>','system','single',1737708156),(2540,1117,NULL,NULL,NULL,'Certificate achieved','<p>You achieved a certificate for Introduction to Social Justice and Gender Equality in Law course</p>','system','single',1737708156),(2541,1117,NULL,NULL,NULL,'New reward point','<p>You collected 30&nbsp;for Achieving a Certificate&nbsp;on 24/01/2025 09:42 am</p>','system','single',1737708156),(2542,1,NULL,NULL,NULL,'New user registered','<p>Frank registered on the platform on 24/01/2025 10:13 am&nbsp;as Student</p>','system','single',1737709997),(2543,1118,NULL,NULL,NULL,'New reward point','<p>You collected 5&nbsp;for Registration&nbsp;on 24/01/2025 10:13 am</p>','system','single',1737710031),(2544,1116,NULL,NULL,NULL,'New reward point','<p>You collected 5&nbsp;for Publishing a Blog Post&nbsp;on 24/01/2025 10:25 am</p>','system','single',1737710709),(2545,1116,NULL,NULL,NULL,'Blog post published (Instructor)','<p>Your blog post with title How to access your certificates on the platform published.</p>','system','single',1737710709),(2546,1116,NULL,NULL,NULL,'New reward point','<p>You collected 5&nbsp;for New Badge&nbsp;on 24/01/2025 10:40 am</p>','system','single',1737711604),(2547,1116,NULL,NULL,NULL,'New badge awarded','<p>You received New User&nbsp;badge</p>','system','single',1737711604),(2548,1116,NULL,NULL,NULL,'Blog post published (Instructor)','<p>Your blog post with title How to Register on the NJI Learning Platform published.</p>','system','single',1737712540),(2549,1,NULL,NULL,NULL,'New user registered','<p>Moses registered on the platform on 24/01/2025 10:59 am&nbsp;as Student</p>','system','single',1737712785),(2550,1116,NULL,NULL,NULL,'Blog post published (Instructor)','<p>Your blog post with title How to Register on the NJI Learning Platform published.</p>','system','single',1737713797),(2551,1116,NULL,NULL,NULL,'Blog post published (Instructor)','<p>Your blog post with title hshshs published.</p>','system','single',1737713823),(2552,1116,NULL,NULL,NULL,'New reward point','<p>You collected 5&nbsp;for Publishing a Blog Post&nbsp;on 24/01/2025 11:18 am</p>','system','single',1737713933),(2553,1116,NULL,NULL,NULL,'Blog post published (Instructor)','<p>Your blog post with title How to Register on the NJI Learning Platform published.</p>','system','single',1737713933),(2554,1116,NULL,NULL,NULL,'Blog post published (Instructor)','<p>Your blog post with title Enroll in any course with these easy steps published.</p>','system','single',1737714040),(2555,1116,NULL,NULL,NULL,'Blog post published (Instructor)','<p>Your blog post with title How to access your certificates on the platform published.</p>','system','single',1737714150),(2556,1,NULL,NULL,NULL,'New course enrollment','<p>Dev Test User 6 enrolled in Basics In Courtroom Technology&nbsp;on 25/01/2025 07:02 pm&nbsp;at Free</p>','system','single',1737828150),(2557,1121,NULL,NULL,NULL,'New reward point','<p>You collected 50&nbsp;for Quiz Pass&nbsp;on 25/01/2025 07:04 pm</p>','system','single',1737828291),(2558,1121,NULL,NULL,NULL,'New reward point','<p>You collected 20&nbsp;for Course Completion&nbsp;on 25/01/2025 07:06 pm</p>','system','single',1737828361),(2559,1121,NULL,NULL,NULL,'Certificate achieved','<p>You achieved a certificate for Basics In Courtroom Technology course</p>','system','single',1737828361),(2560,1121,NULL,NULL,NULL,'New reward point','<p>You collected 30&nbsp;for Achieving a Certificate&nbsp;on 25/01/2025 07:06 pm</p>','system','single',1737828361),(2561,1,NULL,NULL,NULL,'New course enrollment','<p>Dev Test User 6 enrolled in Introduction to Social Justice and Gender Equality in Law&nbsp;on 25/01/2025 07:07 pm&nbsp;at Free</p>','system','single',1737828465);
/*!40000 ALTER TABLE `notifications` ENABLE KEYS */;
UNLOCK TABLES;

--
-- Table structure for table `notifications_status`
--

DROP TABLE IF EXISTS `notifications_status`;
/*!40101 SET @saved_cs_client     = @@character_set_client */;
/*!50503 SET character_set_client = utf8mb4 */;
CREATE TABLE `notifications_status` (
  `id` int unsigned NOT NULL AUTO_INCREMENT,
  `user_id` int unsigned NOT NULL,
  `notification_id` int unsigned NOT NULL,
  `seen_at` int unsigned NOT NULL,
  PRIMARY KEY (`id`) USING BTREE,
  KEY `notifications_status_notification_id_foreign` (`notification_id`) USING BTREE,
  CONSTRAINT `notifications_status_notification_id_foreign` FOREIGN KEY (`notification_id`) REFERENCES `notifications` (`id`) ON DELETE CASCADE
) ENGINE=InnoDB AUTO_INCREMENT=355 DEFAULT CHARSET=utf8mb4 COLLATE=utf8mb4_unicode_ci ROW_FORMAT=DYNAMIC;
/*!40101 SET character_set_client = @saved_cs_client */;

--
-- Dumping data for table `notifications_status`
--

LOCK TABLES `notifications_status` WRITE;
/*!40000 ALTER TABLE `notifications_status` DISABLE KEYS */;
INSERT INTO `notifications_status` VALUES (337,934,2011,1678908519),(341,1,2177,1679090327),(342,1,2209,1694970515),(346,1,2316,1730315090),(347,1,2355,1734275948),(348,1,2392,1734275953),(349,1,1368,1734275966),(350,1080,2457,1734616622),(351,1080,2365,1734616633),(352,1081,2477,1734806735),(354,1,2365,1735461941);
/*!40000 ALTER TABLE `notifications_status` ENABLE KEYS */;
UNLOCK TABLES;

--
-- Table structure for table `offline_bank_specification_translations`
--

DROP TABLE IF EXISTS `offline_bank_specification_translations`;
/*!40101 SET @saved_cs_client     = @@character_set_client */;
/*!50503 SET character_set_client = utf8mb4 */;
CREATE TABLE `offline_bank_specification_translations` (
  `id` int unsigned NOT NULL AUTO_INCREMENT,
  `offline_bank_specification_id` int unsigned NOT NULL,
  `locale` varchar(255) CHARACTER SET utf8mb4 COLLATE utf8mb4_unicode_ci NOT NULL,
  `name` varchar(255) CHARACTER SET utf8mb4 COLLATE utf8mb4_unicode_ci NOT NULL,
  PRIMARY KEY (`id`),
  KEY `offline_bank_specification_id` (`offline_bank_specification_id`),
  KEY `locale` (`locale`) USING BTREE,
  CONSTRAINT `offline_bank_specification_id` FOREIGN KEY (`offline_bank_specification_id`) REFERENCES `offline_bank_specifications` (`id`) ON DELETE CASCADE
) ENGINE=InnoDB AUTO_INCREMENT=29 DEFAULT CHARSET=utf8mb4 COLLATE=utf8mb4_unicode_ci;
/*!40101 SET character_set_client = @saved_cs_client */;

--
-- Dumping data for table `offline_bank_specification_translations`
--

LOCK TABLES `offline_bank_specification_translations` WRITE;
/*!40000 ALTER TABLE `offline_bank_specification_translations` DISABLE KEYS */;
/*!40000 ALTER TABLE `offline_bank_specification_translations` ENABLE KEYS */;
UNLOCK TABLES;

--
-- Table structure for table `offline_bank_specifications`
--

DROP TABLE IF EXISTS `offline_bank_specifications`;
/*!40101 SET @saved_cs_client     = @@character_set_client */;
/*!50503 SET character_set_client = utf8mb4 */;
CREATE TABLE `offline_bank_specifications` (
  `id` int unsigned NOT NULL AUTO_INCREMENT,
  `offline_bank_id` int unsigned NOT NULL,
  `value` varchar(255) CHARACTER SET utf8mb4 COLLATE utf8mb4_unicode_ci NOT NULL,
  PRIMARY KEY (`id`),
  KEY `offline_bank_specifications_offline_bank_id_foreign` (`offline_bank_id`),
  CONSTRAINT `offline_bank_specifications_offline_bank_id_foreign` FOREIGN KEY (`offline_bank_id`) REFERENCES `offline_banks` (`id`) ON DELETE CASCADE
) ENGINE=InnoDB AUTO_INCREMENT=26 DEFAULT CHARSET=utf8mb4 COLLATE=utf8mb4_unicode_ci;
/*!40101 SET character_set_client = @saved_cs_client */;

--
-- Dumping data for table `offline_bank_specifications`
--

LOCK TABLES `offline_bank_specifications` WRITE;
/*!40000 ALTER TABLE `offline_bank_specifications` DISABLE KEYS */;
/*!40000 ALTER TABLE `offline_bank_specifications` ENABLE KEYS */;
UNLOCK TABLES;

--
-- Table structure for table `offline_bank_translations`
--

DROP TABLE IF EXISTS `offline_bank_translations`;
/*!40101 SET @saved_cs_client     = @@character_set_client */;
/*!50503 SET character_set_client = utf8mb4 */;
CREATE TABLE `offline_bank_translations` (
  `id` int unsigned NOT NULL AUTO_INCREMENT,
  `offline_bank_id` int unsigned NOT NULL,
  `locale` varchar(255) CHARACTER SET utf8mb4 COLLATE utf8mb4_unicode_ci NOT NULL,
  `title` varchar(255) CHARACTER SET utf8mb4 COLLATE utf8mb4_unicode_ci NOT NULL,
  PRIMARY KEY (`id`),
  KEY `offline_bank_translations_offline_bank_id_foreign` (`offline_bank_id`),
  KEY `offline_bank_translations_locale_index` (`locale`),
  CONSTRAINT `offline_bank_translations_offline_bank_id_foreign` FOREIGN KEY (`offline_bank_id`) REFERENCES `offline_banks` (`id`) ON DELETE CASCADE
) ENGINE=InnoDB AUTO_INCREMENT=10 DEFAULT CHARSET=utf8mb4 COLLATE=utf8mb4_unicode_ci;
/*!40101 SET character_set_client = @saved_cs_client */;

--
-- Dumping data for table `offline_bank_translations`
--

LOCK TABLES `offline_bank_translations` WRITE;
/*!40000 ALTER TABLE `offline_bank_translations` DISABLE KEYS */;
/*!40000 ALTER TABLE `offline_bank_translations` ENABLE KEYS */;
UNLOCK TABLES;

--
-- Table structure for table `offline_banks`
--

DROP TABLE IF EXISTS `offline_banks`;
/*!40101 SET @saved_cs_client     = @@character_set_client */;
/*!50503 SET character_set_client = utf8mb4 */;
CREATE TABLE `offline_banks` (
  `id` int unsigned NOT NULL AUTO_INCREMENT,
  `logo` varchar(255) CHARACTER SET utf8mb4 COLLATE utf8mb4_unicode_ci NOT NULL,
  `created_at` bigint unsigned NOT NULL,
  PRIMARY KEY (`id`)
) ENGINE=InnoDB AUTO_INCREMENT=9 DEFAULT CHARSET=utf8mb4 COLLATE=utf8mb4_unicode_ci;
/*!40101 SET character_set_client = @saved_cs_client */;

--
-- Dumping data for table `offline_banks`
--

LOCK TABLES `offline_banks` WRITE;
/*!40000 ALTER TABLE `offline_banks` DISABLE KEYS */;
/*!40000 ALTER TABLE `offline_banks` ENABLE KEYS */;
UNLOCK TABLES;

--
-- Table structure for table `offline_payments`
--

DROP TABLE IF EXISTS `offline_payments`;
/*!40101 SET @saved_cs_client     = @@character_set_client */;
/*!50503 SET character_set_client = utf8mb4 */;
CREATE TABLE `offline_payments` (
  `id` int unsigned NOT NULL AUTO_INCREMENT,
  `user_id` int unsigned NOT NULL,
  `amount` int NOT NULL,
  `offline_bank_id` int unsigned DEFAULT NULL,
  `reference_number` varchar(64) CHARACTER SET utf8mb4 COLLATE utf8mb4_unicode_ci NOT NULL,
  `attachment` varchar(255) CHARACTER SET utf8mb4 COLLATE utf8mb4_unicode_ci DEFAULT NULL,
  `status` enum('waiting','approved','reject') CHARACTER SET utf8mb4 COLLATE utf8mb4_unicode_ci NOT NULL,
  `pay_date` varchar(64) CHARACTER SET utf8mb4 COLLATE utf8mb4_unicode_ci NOT NULL,
  `created_at` int NOT NULL,
  PRIMARY KEY (`id`) USING BTREE,
  KEY `offline_payments_user_id_foreign` (`user_id`) USING BTREE,
  KEY `offline_payments_offline_bank_id_foreign` (`offline_bank_id`),
  CONSTRAINT `offline_payments_offline_bank_id_foreign` FOREIGN KEY (`offline_bank_id`) REFERENCES `offline_banks` (`id`) ON DELETE SET NULL,
  CONSTRAINT `offline_payments_user_id_foreign` FOREIGN KEY (`user_id`) REFERENCES `users` (`id`) ON DELETE CASCADE
) ENGINE=InnoDB AUTO_INCREMENT=42 DEFAULT CHARSET=utf8mb4 COLLATE=utf8mb4_unicode_ci ROW_FORMAT=DYNAMIC;
/*!40101 SET character_set_client = @saved_cs_client */;

--
-- Dumping data for table `offline_payments`
--

LOCK TABLES `offline_payments` WRITE;
/*!40000 ALTER TABLE `offline_payments` DISABLE KEYS */;
INSERT INTO `offline_payments` VALUES (22,1015,500,NULL,'583359268',NULL,'approved','1626183840',1626132546),(23,929,300,NULL,'56476312144',NULL,'approved','1626252480',1626241046);
/*!40000 ALTER TABLE `offline_payments` ENABLE KEYS */;
UNLOCK TABLES;

--
-- Table structure for table `order_items`
--

DROP TABLE IF EXISTS `order_items`;
/*!40101 SET @saved_cs_client     = @@character_set_client */;
/*!50503 SET character_set_client = utf8mb4 */;
CREATE TABLE `order_items` (
  `id` int unsigned NOT NULL AUTO_INCREMENT,
  `user_id` int unsigned NOT NULL,
  `order_id` int unsigned NOT NULL,
  `webinar_id` int unsigned DEFAULT NULL,
  `bundle_id` int unsigned DEFAULT NULL,
  `subscribe_id` int unsigned DEFAULT NULL,
  `promotion_id` int unsigned DEFAULT NULL,
  `gift_id` int unsigned DEFAULT NULL,
  `registration_package_id` int unsigned DEFAULT NULL,
  `product_id` int unsigned DEFAULT NULL,
  `product_order_id` int unsigned DEFAULT NULL,
  `installment_payment_id` int unsigned DEFAULT NULL,
  `reserve_meeting_id` int unsigned DEFAULT NULL,
  `ticket_id` int unsigned DEFAULT NULL,
  `discount_id` int DEFAULT NULL,
  `become_instructor_id` int unsigned DEFAULT NULL,
  `amount` double(15,2) unsigned DEFAULT NULL,
  `tax` int unsigned DEFAULT NULL,
  `tax_price` double(15,2) unsigned DEFAULT NULL,
  `commission` int unsigned DEFAULT NULL,
  `commission_price` double(15,2) unsigned DEFAULT NULL,
  `discount` double(15,2) unsigned DEFAULT NULL,
  `total_amount` double(15,2) unsigned DEFAULT NULL,
  `product_delivery_fee` double(15,2) unsigned DEFAULT NULL,
  `created_at` int unsigned DEFAULT NULL,
  PRIMARY KEY (`id`) USING BTREE,
  KEY `order_items_order_id_foreign` (`order_id`) USING BTREE,
  KEY `order_items_webinar_id_foreign` (`webinar_id`) USING BTREE,
  KEY `order_items_ticket_id_foreign` (`ticket_id`) USING BTREE,
  KEY `order_items_reserve_meeting_id_foreign` (`reserve_meeting_id`) USING BTREE,
  KEY `order_items_subscribe_id_foreign` (`subscribe_id`) USING BTREE,
  KEY `order_items_promotion_id_foreign` (`promotion_id`) USING BTREE,
  KEY `order_items_gift_id_foreign` (`gift_id`),
  CONSTRAINT `order_items_gift_id_foreign` FOREIGN KEY (`gift_id`) REFERENCES `gifts` (`id`) ON DELETE CASCADE
) ENGINE=InnoDB AUTO_INCREMENT=735 DEFAULT CHARSET=utf8mb4 COLLATE=utf8mb4_unicode_ci ROW_FORMAT=DYNAMIC;
/*!40101 SET character_set_client = @saved_cs_client */;

--
-- Dumping data for table `order_items`
--

LOCK TABLES `order_items` WRITE;
/*!40000 ALTER TABLE `order_items` DISABLE KEYS */;
INSERT INTO `order_items` VALUES (310,1015,306,1996,NULL,NULL,3,NULL,NULL,NULL,NULL,NULL,NULL,NULL,NULL,NULL,63.00,10,6.30,0,0.00,NULL,69.30,NULL,1625145687),(311,996,307,NULL,NULL,NULL,NULL,NULL,NULL,NULL,NULL,NULL,48,NULL,NULL,NULL,150.00,10,15.00,20,30.00,0.00,165.00,NULL,1625944333),(312,995,308,NULL,NULL,NULL,NULL,NULL,NULL,NULL,NULL,NULL,49,NULL,NULL,NULL,100.00,10,10.00,20,20.00,0.00,110.00,NULL,1625952623),(313,995,309,2005,NULL,NULL,NULL,NULL,NULL,NULL,NULL,NULL,NULL,NULL,NULL,NULL,10.00,10,1.00,20,2.00,0.00,11.00,NULL,1625953190),(314,995,310,NULL,NULL,NULL,NULL,NULL,NULL,NULL,NULL,NULL,50,NULL,NULL,NULL,125.00,10,12.50,20,25.00,0.00,137.50,NULL,1625996807),(315,995,311,1999,NULL,NULL,NULL,NULL,NULL,NULL,NULL,NULL,NULL,NULL,NULL,NULL,50.00,10,5.00,10,5.00,0.00,55.00,NULL,1625996936),(316,995,312,1998,NULL,NULL,NULL,NULL,NULL,NULL,NULL,NULL,NULL,28,NULL,NULL,100.00,10,5.00,20,10.00,50.00,55.00,NULL,1625996974),(317,995,313,2001,NULL,NULL,NULL,NULL,NULL,NULL,NULL,NULL,NULL,NULL,NULL,NULL,20.00,10,1.60,10,1.60,4.00,17.60,NULL,1625997096),(318,996,314,2006,NULL,NULL,NULL,NULL,NULL,NULL,NULL,NULL,NULL,NULL,NULL,NULL,25.00,10,2.25,20,4.50,2.50,24.75,NULL,1626060481),(319,996,315,1998,NULL,NULL,NULL,NULL,NULL,NULL,NULL,NULL,NULL,28,NULL,NULL,100.00,10,4.00,20,8.00,60.00,44.00,NULL,1626060548),(320,930,316,1998,NULL,NULL,NULL,NULL,NULL,NULL,NULL,NULL,NULL,28,NULL,NULL,100.00,10,5.00,20,10.00,50.00,55.00,NULL,1626060832),(321,979,317,2004,NULL,NULL,NULL,NULL,NULL,NULL,NULL,NULL,NULL,NULL,NULL,NULL,60.00,10,6.00,10,6.00,0.00,66.00,NULL,1626061329),(322,979,318,2002,NULL,NULL,NULL,NULL,NULL,NULL,NULL,NULL,NULL,NULL,NULL,NULL,20.00,10,2.00,20,4.00,0.00,22.00,NULL,1626061366),(323,979,318,2000,NULL,NULL,NULL,NULL,NULL,NULL,NULL,NULL,NULL,NULL,NULL,NULL,30.00,10,3.00,20,6.00,0.00,33.00,NULL,1626061366),(324,995,319,NULL,NULL,3,NULL,NULL,NULL,NULL,NULL,NULL,NULL,NULL,NULL,NULL,20.00,10,2.00,0,0.00,NULL,22.00,NULL,1626061431),(325,1015,320,2002,NULL,NULL,NULL,NULL,NULL,NULL,NULL,NULL,NULL,NULL,NULL,NULL,20.00,10,2.00,20,4.00,0.00,22.00,NULL,1626132487),(326,1015,321,2002,NULL,NULL,NULL,NULL,NULL,NULL,NULL,NULL,NULL,NULL,7,NULL,20.00,10,1.60,20,3.20,4.00,17.60,NULL,1626132840),(327,929,322,2003,NULL,NULL,NULL,NULL,NULL,NULL,NULL,NULL,NULL,31,NULL,NULL,40.00,10,3.00,20,6.00,10.00,33.00,NULL,1626240993),(328,929,323,2004,NULL,NULL,3,NULL,NULL,NULL,NULL,NULL,NULL,NULL,NULL,NULL,50.00,10,5.00,0,0.00,NULL,55.00,NULL,1626241146),(329,929,324,2003,NULL,NULL,NULL,NULL,NULL,NULL,NULL,NULL,NULL,31,NULL,NULL,40.00,10,3.00,20,6.00,10.00,33.00,NULL,1626241207),(330,995,325,NULL,NULL,NULL,NULL,NULL,NULL,NULL,NULL,NULL,51,NULL,NULL,NULL,100.00,10,10.00,20,20.00,0.00,110.00,NULL,1626247189),(331,1015,326,2001,NULL,NULL,NULL,NULL,NULL,NULL,NULL,NULL,NULL,NULL,NULL,NULL,20.00,10,1.60,10,1.60,4.00,17.60,NULL,1626284818),(332,996,327,2000,NULL,NULL,NULL,NULL,NULL,NULL,NULL,NULL,NULL,NULL,NULL,NULL,30.00,10,2.70,20,5.40,3.00,29.70,NULL,1626508952),(333,929,328,2000,NULL,NULL,NULL,NULL,NULL,NULL,NULL,NULL,NULL,NULL,NULL,NULL,30.00,10,3.00,20,6.00,0.00,33.00,NULL,1635412190),(334,979,329,NULL,NULL,4,NULL,NULL,NULL,NULL,NULL,NULL,NULL,NULL,NULL,NULL,100.00,10,10.00,0,0.00,NULL,110.00,NULL,1635448382),(335,1017,330,2000,NULL,NULL,NULL,NULL,NULL,NULL,NULL,NULL,NULL,NULL,NULL,NULL,30.00,10,3.00,20,6.00,0.00,33.00,NULL,1639379271),(336,1017,331,1998,NULL,NULL,NULL,NULL,NULL,NULL,NULL,NULL,NULL,NULL,NULL,NULL,100.00,10,10.00,20,20.00,0.00,110.00,NULL,1639379347),(337,1017,332,2003,NULL,NULL,NULL,NULL,NULL,NULL,NULL,NULL,NULL,31,NULL,NULL,40.00,10,3.00,20,6.00,10.00,33.00,NULL,1639379382),(338,995,333,2009,NULL,NULL,NULL,NULL,NULL,NULL,NULL,NULL,NULL,NULL,NULL,NULL,10.00,10,1.00,20,2.00,0.00,11.00,NULL,1646172083),(339,996,334,2009,NULL,NULL,NULL,NULL,NULL,NULL,NULL,NULL,NULL,NULL,NULL,NULL,10.00,10,0.90,20,1.80,1.00,9.90,NULL,1646172119),(340,979,335,2009,NULL,NULL,NULL,NULL,NULL,NULL,NULL,NULL,NULL,NULL,NULL,NULL,10.00,10,1.00,20,2.00,0.00,11.00,NULL,1646172156),(341,929,336,2009,NULL,NULL,NULL,NULL,NULL,NULL,NULL,NULL,NULL,NULL,NULL,NULL,10.00,10,1.00,20,2.00,0.00,11.00,NULL,1646172292),(342,995,337,NULL,NULL,NULL,NULL,NULL,NULL,NULL,NULL,NULL,1,NULL,NULL,NULL,750.00,10,75.00,20,150.00,0.00,825.00,NULL,1646379279),(343,1017,338,NULL,NULL,NULL,NULL,NULL,NULL,NULL,NULL,NULL,5,NULL,NULL,NULL,300.00,10,30.00,20,60.00,0.00,330.00,NULL,1646380150),(344,930,339,NULL,NULL,NULL,NULL,NULL,2,NULL,NULL,NULL,NULL,NULL,NULL,5,199.00,10,19.90,0,0.00,NULL,218.90,NULL,1646386782),(345,859,340,NULL,NULL,NULL,NULL,NULL,4,NULL,NULL,NULL,NULL,NULL,NULL,6,200.00,10,20.00,0,0.00,NULL,220.00,NULL,1646387650),(346,930,341,NULL,1,NULL,NULL,NULL,NULL,NULL,NULL,NULL,NULL,NULL,NULL,NULL,50.00,10,5.00,20,10.00,0.00,55.00,0.00,1656083106),(347,995,342,NULL,NULL,NULL,NULL,NULL,NULL,4,1,NULL,NULL,NULL,NULL,NULL,5.00,5,0.25,20,1.00,0.00,5.25,0.00,1656103838),(348,923,343,NULL,NULL,NULL,NULL,NULL,NULL,1,2,NULL,NULL,NULL,NULL,NULL,25.00,5,1.25,10,2.50,0.00,31.25,5.00,1656104126),(349,996,344,2003,NULL,NULL,NULL,NULL,NULL,NULL,NULL,NULL,NULL,NULL,NULL,NULL,40.00,10,3.60,20,7.20,4.00,39.60,0.00,1656130476),(350,930,345,NULL,NULL,NULL,NULL,NULL,NULL,2,3,NULL,NULL,NULL,NULL,NULL,290.00,5,14.50,10,29.00,0.00,314.50,10.00,1656130702),(351,996,346,NULL,NULL,NULL,NULL,NULL,NULL,5,4,NULL,NULL,NULL,NULL,NULL,75.00,5,3.75,20,15.00,0.00,78.75,0.00,1656130959),(352,979,347,NULL,2,NULL,NULL,NULL,NULL,NULL,NULL,NULL,NULL,NULL,NULL,NULL,8.00,10,0.80,20,1.60,0.00,8.80,0.00,1656139699),(353,979,347,NULL,3,NULL,NULL,NULL,NULL,NULL,NULL,NULL,NULL,NULL,NULL,NULL,25.00,10,2.50,20,5.00,0.00,27.50,0.00,1656139699),(354,1017,348,NULL,NULL,NULL,NULL,NULL,NULL,1,5,NULL,NULL,NULL,NULL,NULL,25.00,5,1.00,10,2.00,5.00,26.00,5.00,1656148569),(355,995,349,NULL,NULL,NULL,NULL,NULL,NULL,1,6,NULL,NULL,NULL,NULL,NULL,50.00,5,2.25,10,4.50,5.00,52.25,5.00,1656148735),(356,995,350,NULL,NULL,NULL,NULL,NULL,NULL,1,6,NULL,NULL,NULL,NULL,NULL,50.00,5,2.25,10,4.50,5.00,52.25,5.00,1656148833),(357,995,351,NULL,NULL,NULL,NULL,NULL,NULL,6,7,NULL,NULL,NULL,9,NULL,20.00,5,1.00,20,4.00,4.00,17.00,0.00,1656322652),(692,995,694,NULL,NULL,NULL,NULL,NULL,NULL,NULL,NULL,1,NULL,NULL,NULL,NULL,30.00,10,3.00,20,6.00,0.00,33.00,0.00,1678915479),(693,979,695,NULL,NULL,NULL,NULL,NULL,NULL,NULL,NULL,2,NULL,NULL,NULL,NULL,30.00,10,3.00,20,6.00,0.00,33.00,0.00,1678917758),(695,930,697,NULL,NULL,NULL,NULL,NULL,NULL,NULL,NULL,3,NULL,NULL,NULL,NULL,30.00,10,3.00,20,6.00,0.00,33.00,0.00,1678922505),(696,995,698,NULL,NULL,NULL,NULL,NULL,NULL,NULL,NULL,4,NULL,NULL,NULL,NULL,20.00,10,2.00,20,4.00,0.00,22.00,0.00,1678922687),(697,1017,699,NULL,NULL,NULL,NULL,NULL,NULL,NULL,NULL,5,NULL,NULL,NULL,NULL,30.00,10,3.00,20,6.00,0.00,33.00,0.00,1678923549),(698,979,700,NULL,NULL,NULL,NULL,NULL,NULL,NULL,NULL,6,NULL,NULL,NULL,NULL,30.00,10,3.00,20,6.00,0.00,33.00,0.00,1678925784),(699,995,701,NULL,NULL,NULL,NULL,NULL,NULL,NULL,NULL,7,NULL,NULL,NULL,NULL,30.00,10,3.00,20,6.00,0.00,33.00,0.00,1678925910),(700,995,702,NULL,NULL,NULL,NULL,NULL,NULL,NULL,NULL,9,NULL,NULL,NULL,NULL,20.00,10,2.00,20,4.00,0.00,22.00,0.00,1678926034),(701,1045,703,2022,NULL,NULL,NULL,NULL,NULL,NULL,NULL,NULL,NULL,NULL,NULL,NULL,100.00,10,10.00,20,20.00,0.00,110.00,0.00,1678959216),(702,995,704,NULL,NULL,NULL,NULL,NULL,NULL,NULL,NULL,10,NULL,NULL,NULL,NULL,30.00,10,3.00,20,6.00,0.00,33.00,0.00,1678960998),(703,930,705,2004,NULL,NULL,NULL,NULL,NULL,NULL,NULL,NULL,NULL,NULL,NULL,NULL,60.00,10,3.60,10,3.60,24.00,39.60,0.00,1678961213),(704,979,706,NULL,NULL,NULL,NULL,NULL,NULL,NULL,NULL,11,NULL,NULL,NULL,NULL,30.00,10,3.00,20,6.00,0.00,33.00,0.00,1678961648),(705,1045,707,2000,NULL,NULL,NULL,NULL,NULL,NULL,NULL,NULL,NULL,NULL,NULL,NULL,30.00,10,3.00,20,6.00,0.00,33.00,0.00,1679088424),(706,995,708,NULL,NULL,NULL,NULL,NULL,NULL,NULL,NULL,1,NULL,NULL,NULL,NULL,30.00,10,3.00,20,6.00,0.00,33.00,0.00,1685783036),(707,930,709,NULL,NULL,NULL,NULL,NULL,NULL,NULL,NULL,2,NULL,NULL,NULL,NULL,30.00,10,3.00,20,6.00,0.00,33.00,0.00,1685783147),(708,1048,710,1999,NULL,NULL,NULL,NULL,NULL,NULL,NULL,NULL,NULL,NULL,NULL,NULL,50.00,10,5.00,20,10.00,0.00,55.00,0.00,1730123465),(709,1055,711,2024,NULL,NULL,NULL,NULL,NULL,NULL,NULL,NULL,NULL,NULL,NULL,NULL,1000.00,10,100.00,20,200.00,0.00,1100.00,0.00,1730284451),(710,1055,712,NULL,NULL,NULL,NULL,NULL,NULL,NULL,NULL,NULL,74,NULL,NULL,NULL,100.00,10,10.00,30,30.00,0.00,110.00,0.00,1730285156),(711,1053,713,2009,NULL,NULL,NULL,NULL,NULL,NULL,NULL,NULL,NULL,NULL,NULL,NULL,10.00,10,1.00,20,2.00,0.00,11.00,0.00,1730362719),(712,1052,714,2005,NULL,NULL,NULL,NULL,NULL,NULL,NULL,NULL,NULL,NULL,NULL,NULL,10.00,10,1.00,20,2.00,0.00,11.00,0.00,1730450510),(713,1052,715,2005,NULL,NULL,NULL,NULL,NULL,NULL,NULL,NULL,NULL,NULL,NULL,NULL,10.00,10,1.00,20,2.00,0.00,11.00,0.00,1730450531),(714,1055,716,2005,NULL,NULL,NULL,NULL,NULL,NULL,NULL,NULL,NULL,NULL,NULL,NULL,10.00,10,1.00,20,2.00,0.00,11.00,0.00,1730455789),(715,1055,717,2005,NULL,NULL,NULL,NULL,NULL,NULL,NULL,NULL,NULL,NULL,NULL,NULL,10.00,10,1.00,20,2.00,0.00,11.00,0.00,1730455825),(716,1055,718,2005,NULL,NULL,NULL,NULL,NULL,NULL,NULL,NULL,NULL,NULL,NULL,NULL,10.00,10,1.00,20,2.00,0.00,11.00,0.00,1730459086),(717,1055,719,2024,NULL,NULL,NULL,NULL,NULL,NULL,NULL,NULL,NULL,NULL,NULL,NULL,1000.00,10,100.00,20,200.00,0.00,1100.00,0.00,1730493397),(718,1055,720,2024,NULL,NULL,NULL,NULL,NULL,NULL,NULL,NULL,NULL,NULL,NULL,NULL,1000.00,10,100.00,20,200.00,0.00,1100.00,0.00,1730493480),(719,1055,721,2024,NULL,NULL,NULL,NULL,NULL,NULL,NULL,NULL,NULL,NULL,NULL,NULL,1000.00,10,100.00,20,200.00,0.00,1100.00,0.00,1730493642),(720,1049,722,2024,NULL,NULL,NULL,NULL,NULL,NULL,NULL,NULL,NULL,NULL,NULL,NULL,1000.00,10,100.00,20,200.00,0.00,1100.00,0.00,1730577816),(721,1049,723,2024,NULL,NULL,NULL,NULL,NULL,NULL,NULL,NULL,NULL,NULL,NULL,NULL,1000.00,10,100.00,20,200.00,0.00,1100.00,0.00,1730577868),(722,1049,724,2024,NULL,NULL,NULL,NULL,NULL,NULL,NULL,NULL,NULL,NULL,NULL,NULL,1000.00,10,100.00,20,200.00,0.00,1100.00,0.00,1730578022),(723,1055,725,2024,NULL,NULL,NULL,NULL,NULL,NULL,NULL,NULL,NULL,NULL,NULL,NULL,1000.00,10,100.00,20,200.00,0.00,1100.00,0.00,1730583095),(724,1055,726,2024,NULL,NULL,NULL,NULL,NULL,NULL,NULL,NULL,NULL,NULL,NULL,NULL,1000.00,10,100.00,20,200.00,0.00,1100.00,0.00,1730583181),(725,1055,727,2024,NULL,NULL,NULL,NULL,NULL,NULL,NULL,NULL,NULL,NULL,NULL,NULL,1000.00,10,100.00,20,200.00,0.00,1100.00,0.00,1730583509),(726,1055,728,2024,NULL,NULL,NULL,NULL,NULL,NULL,NULL,NULL,NULL,NULL,NULL,NULL,1000.00,10,100.00,20,200.00,0.00,1100.00,0.00,1730583778),(727,1055,729,2024,NULL,NULL,NULL,NULL,NULL,NULL,NULL,NULL,NULL,NULL,NULL,NULL,1000.00,10,100.00,20,200.00,0.00,1100.00,0.00,1730583827),(728,1055,730,2009,NULL,NULL,NULL,NULL,NULL,NULL,NULL,NULL,NULL,NULL,NULL,NULL,10.00,10,1.00,20,2.00,0.00,11.00,0.00,1730584208),(729,1055,731,2009,NULL,NULL,NULL,NULL,NULL,NULL,NULL,NULL,NULL,NULL,NULL,NULL,10.00,10,1.00,20,2.00,0.00,11.00,0.00,1730584260),(730,1055,732,2022,NULL,NULL,NULL,NULL,NULL,NULL,NULL,NULL,NULL,NULL,NULL,NULL,100.00,10,10.00,20,20.00,0.00,110.00,0.00,1730585451),(731,1055,733,2027,NULL,NULL,NULL,NULL,NULL,NULL,NULL,NULL,NULL,NULL,NULL,NULL,100.00,10,10.00,20,20.00,0.00,110.00,0.00,1730597965),(732,1055,734,2027,NULL,NULL,NULL,NULL,NULL,NULL,NULL,NULL,NULL,NULL,NULL,NULL,100.00,10,10.00,20,20.00,0.00,110.00,0.00,1730598108),(733,1055,735,2028,NULL,NULL,NULL,NULL,NULL,NULL,NULL,NULL,NULL,NULL,NULL,NULL,100.00,10,10.00,20,20.00,0.00,110.00,0.00,1730598887),(734,1114,736,NULL,NULL,NULL,NULL,NULL,1,NULL,NULL,NULL,NULL,NULL,NULL,14,99.00,10,9.90,0,0.00,NULL,108.90,NULL,1737456471);
/*!40000 ALTER TABLE `order_items` ENABLE KEYS */;
UNLOCK TABLES;

--
-- Table structure for table `orders`
--

DROP TABLE IF EXISTS `orders`;
/*!40101 SET @saved_cs_client     = @@character_set_client */;
/*!50503 SET character_set_client = utf8mb4 */;
CREATE TABLE `orders` (
  `id` int unsigned NOT NULL AUTO_INCREMENT,
  `user_id` int unsigned NOT NULL,
  `status` enum('pending','paying','paid','fail') CHARACTER SET utf8mb4 COLLATE utf8mb4_unicode_ci NOT NULL,
  `payment_method` enum('credit','payment_channel') CHARACTER SET utf8mb4 COLLATE utf8mb4_unicode_ci DEFAULT NULL,
  `is_charge_account` tinyint(1) NOT NULL DEFAULT '0',
  `amount` double(15,2) unsigned NOT NULL,
  `tax` decimal(13,2) unsigned DEFAULT NULL,
  `total_discount` decimal(13,2) unsigned DEFAULT NULL,
  `total_amount` decimal(13,2) unsigned DEFAULT NULL,
  `product_delivery_fee` decimal(13,2) unsigned DEFAULT NULL,
  `reference_id` text CHARACTER SET utf8mb4 COLLATE utf8mb4_unicode_ci,
  `payment_data` text CHARACTER SET utf8mb4 COLLATE utf8mb4_unicode_ci,
  `created_at` int unsigned NOT NULL,
  PRIMARY KEY (`id`) USING BTREE,
  KEY `orders_user_id_foreign` (`user_id`) USING BTREE,
  CONSTRAINT `orders_user_id_foreign` FOREIGN KEY (`user_id`) REFERENCES `users` (`id`) ON DELETE CASCADE
) ENGINE=InnoDB AUTO_INCREMENT=737 DEFAULT CHARSET=utf8mb4 COLLATE=utf8mb4_unicode_ci ROW_FORMAT=DYNAMIC;
/*!40101 SET character_set_client = @saved_cs_client */;

--
-- Dumping data for table `orders`
--

LOCK TABLES `orders` WRITE;
/*!40000 ALTER TABLE `orders` DISABLE KEYS */;
INSERT INTO `orders` VALUES (306,1015,'pending',NULL,0,63.00,6.30,NULL,69.30,NULL,NULL,NULL,1625145687),(320,1015,'pending',NULL,0,20.00,2.00,0.00,22.00,NULL,NULL,NULL,1626132487),(321,1015,'paid','credit',0,20.00,1.60,4.00,17.60,NULL,NULL,NULL,1626132840),(322,929,'pending',NULL,0,40.00,3.00,10.00,33.00,NULL,NULL,NULL,1626240993),(323,929,'paid','credit',0,50.00,5.00,NULL,55.00,NULL,NULL,NULL,1626241146),(324,929,'paid','credit',0,40.00,3.00,10.00,33.00,NULL,NULL,NULL,1626241207),(326,1015,'pending',NULL,0,20.00,1.60,4.00,17.60,NULL,NULL,NULL,1626284818),(328,929,'paid','credit',0,30.00,3.00,0.00,33.00,NULL,NULL,NULL,1635412190),(336,929,'paid','credit',0,10.00,1.00,0.00,11.00,NULL,NULL,NULL,1646172292),(711,1055,'pending',NULL,0,1000.00,100.00,0.00,1100.00,0.00,NULL,NULL,1730284451),(712,1055,'pending',NULL,0,100.00,10.00,0.00,110.00,0.00,NULL,NULL,1730285156),(716,1055,'pending',NULL,0,10.00,1.00,0.00,11.00,0.00,NULL,NULL,1730455789),(717,1055,'pending','payment_channel',0,10.00,1.00,0.00,11.00,0.00,NULL,NULL,1730455825),(718,1055,'pending','payment_channel',0,10.00,1.00,0.00,11.00,0.00,NULL,NULL,1730459086),(719,1055,'pending','payment_channel',0,1000.00,100.00,0.00,1100.00,0.00,NULL,NULL,1730493397),(720,1055,'fail','payment_channel',0,1000.00,100.00,0.00,1100.00,0.00,NULL,NULL,1730493480),(721,1055,'fail','payment_channel',0,1000.00,100.00,0.00,1100.00,0.00,NULL,NULL,1730493642),(722,1049,'pending','payment_channel',0,1000.00,100.00,0.00,1100.00,0.00,NULL,NULL,1730577816),(723,1049,'fail','payment_channel',0,1000.00,100.00,0.00,1100.00,0.00,NULL,NULL,1730577868),(724,1049,'paid','payment_channel',0,1000.00,100.00,0.00,1100.00,0.00,NULL,NULL,1730578022),(725,1055,'pending','payment_channel',0,1000.00,100.00,0.00,1100.00,0.00,NULL,NULL,1730583095),(726,1055,'fail','payment_channel',0,1000.00,100.00,0.00,1100.00,0.00,NULL,NULL,1730583181),(727,1055,'pending',NULL,0,1000.00,100.00,0.00,1100.00,0.00,NULL,NULL,1730583509),(728,1055,'pending','payment_channel',0,1000.00,100.00,0.00,1100.00,0.00,NULL,NULL,1730583778),(729,1055,'paid','payment_channel',0,1000.00,100.00,0.00,1100.00,0.00,NULL,NULL,1730583827),(730,1055,'pending','payment_channel',0,10.00,1.00,0.00,11.00,0.00,NULL,NULL,1730584208),(731,1055,'paid','payment_channel',0,10.00,1.00,0.00,11.00,0.00,NULL,NULL,1730584260),(732,1055,'fail','payment_channel',0,100.00,10.00,0.00,110.00,0.00,NULL,NULL,1730585451),(733,1055,'fail','payment_channel',0,100.00,10.00,0.00,110.00,0.00,NULL,NULL,1730597965),(734,1055,'pending','payment_channel',0,100.00,10.00,0.00,110.00,0.00,NULL,NULL,1730598108),(735,1055,'fail','payment_channel',0,100.00,10.00,0.00,110.00,0.00,NULL,NULL,1730598887),(736,1114,'pending','payment_channel',0,99.00,9.90,NULL,108.90,NULL,NULL,NULL,1737456471);
/*!40000 ALTER TABLE `orders` ENABLE KEYS */;
UNLOCK TABLES;

--
-- Table structure for table `page_translations`
--

DROP TABLE IF EXISTS `page_translations`;
/*!40101 SET @saved_cs_client     = @@character_set_client */;
/*!50503 SET character_set_client = utf8mb4 */;
CREATE TABLE `page_translations` (
  `id` bigint unsigned NOT NULL AUTO_INCREMENT,
  `page_id` int unsigned NOT NULL,
  `locale` varchar(255) CHARACTER SET utf8mb4 COLLATE utf8mb4_unicode_ci NOT NULL,
  `title` varchar(255) CHARACTER SET utf8mb4 COLLATE utf8mb4_unicode_ci NOT NULL,
  `seo_description` varchar(255) CHARACTER SET utf8mb4 COLLATE utf8mb4_unicode_ci DEFAULT NULL,
  `content` longtext CHARACTER SET utf8mb4 COLLATE utf8mb4_unicode_ci NOT NULL,
  PRIMARY KEY (`id`),
  KEY `page_translations_page_id_foreign` (`page_id`),
  KEY `page_translations_locale_index` (`locale`),
  CONSTRAINT `page_translations_page_id_foreign` FOREIGN KEY (`page_id`) REFERENCES `pages` (`id`) ON DELETE CASCADE
) ENGINE=InnoDB AUTO_INCREMENT=6 DEFAULT CHARSET=utf8mb4 COLLATE=utf8mb4_unicode_ci;
/*!40101 SET character_set_client = @saved_cs_client */;

--
-- Dumping data for table `page_translations`
--

LOCK TABLES `page_translations` WRITE;
/*!40000 ALTER TABLE `page_translations` DISABLE KEYS */;
INSERT INTO `page_translations` VALUES (1,3,'en','About NJI LMS','Discover the National Judicial Institute Academy, Nigerias premier platform for judicial education and professional development. Learn about our mission to advance judicial excellence through innovative programs.','<h4><strong>About the National Judicial Institute Academy</strong></h4><p>The <strong>National Judicial Institute Academy (NJIA)</strong> is dedicated to advancing judicial excellence through education, research, and capacity-building initiatives. We serve as the premier platform for judicial officers, legal practitioners, and justice sector stakeholders to acquire the knowledge and skills necessary to uphold the rule of law and ensure the delivery of fair and efficient justice.</p><h4><strong>Our Vision</strong></h4><p>To be the leading institution for judicial education and professional development in Nigeria and beyond.</p><h4><strong>Our Mission</strong></h4><p>To enhance the performance of the judiciary through innovative learning programs, specialized training, and access to cutting-edge resources.</p><h4><strong>What We Offer</strong></h4><ul><li><strong>Judicial Training Programs</strong>: Courses tailored to the unique needs of judicial officers and court personnel.</li><li><strong>Workshops and Seminars</strong>: Interactive sessions led by renowned legal experts.</li><li><strong>Research Resources</strong>: Access to critical legal studies and insights.</li><li><strong>Professional Development Opportunities</strong>: Certifications, networking, and skill-building events.</li></ul><p>Join us at NJIA to elevate your judicial expertise and contribute to the advancement of justice in Nigeria and beyond.</p>'),(2,5,'en','Terms of Service','Read the terms and conditions governing your use of the National Judicial Institute Academy platform. Learn about account responsibilities, reward policies, and data protection guidelines.','<h4><strong>Welcome to the National Judicial Institute Academy</strong></h4><p>These terms and conditions govern your access to and use of the <strong>National Judicial Institute Academy (NJIA)</strong> platform, including our website, mobile applications, and related services (Services).</p><h4><strong>Account Requirements</strong></h4><ul><li>To access NJIA courses and resources, you must create an account with accurate and complete information, including a valid email address.</li><li>You are responsible for maintaining the confidentiality of your account credentials and for all activities associated with your account.</li><li>NJIA reserves the right to suspend or terminate accounts for misuse or violation of these terms.</li></ul><h4><strong>Reward Points System</strong></h4><ul><li>Points earned through the Reward System are non-transferable and must be redeemed in accordance with our reward policies.</li><li>NJIA reserves the right to modify or discontinue the Reward Points System at its discretion.</li></ul><h4><strong>Content Usage</strong></h4><ul><li>All content on the NJIA platform is for personal and professional development purposes only.</li><li>You may not reproduce, share, or distribute NJIA content without prior written permission.</li></ul><h4><strong>Privacy and Data Protection</strong></h4><p>NJIA is committed to safeguarding your personal information. Please refer to our <strong>Privacy Policy</strong> for details on data collection, use, and protection.</p><h4><strong>Disclaimer</strong></h4><p>NJIA strives to provide accurate and up-to-date content; however, we make no guarantees regarding the completeness or reliability of the material.</p><p>By using our platform, you agree to comply with these terms. Violations may result in account suspension or other actions deemed necessary by NJIA.</p>'),(3,6,'en','Reward Points System','Earn points as you learn with the National Judicial Institute Academy. Enroll in courses, engage in activities, and redeem rewards for exclusive resources, events, and certifications.','<h4><strong>Empowering Learning Through Rewards</strong></h4><p>The <strong>National Judicial Institute Academy (NJIA)</strong> Reward System is designed to recognize and encourage the dedication of our learners. By actively engaging with the academys resources and completing educational milestones, participants can earn points that unlock exclusive benefits.</p><h4><strong>How It Works</strong></h4><ul><li><strong>Enroll in a Course</strong>: Earn points for every course registration.</li><li><strong>Complete a Course</strong>: Finish a course and earn additional rewards for your commitment.</li><li><strong>Provide Feedback</strong>: Share course reviews and evaluations to gain more points.</li><li><strong>Refer a Colleague</strong>: Invite fellow legal professionals to join and earn points when they enroll.</li></ul><h4><strong>Redeeming Your Points</strong></h4><p>Reward points can be redeemed for:</p><ul><li>Discounts on specialized courses or workshops.</li><li>Access to exclusive judicial resources and publications.</li><li>Invitations to premium events, webinars, or seminars.</li><li>Certification benefits such as waived fees for advanced programs.</li></ul><h4><strong>Why Use the Reward System?</strong></h4><p>The reward system fosters continuous professional growth, strengthens engagement, and provides a tangible acknowledgment of learners\' efforts in enhancing their legal expertise.</p><p>Start earning points today and enjoy the benefits of your learning journey with NJIA!</p><h3></h3><hr>'),(4,5,'es','Trminos de servicio','Nuestra misin es mejorar vidas a travs del aprendizaje. Permitimos que cualquier persona en cualquier lugar pueda crear y compartir contenido educativo (instructores) y acceder a ese contenido educativo para aprender.','<p>Nota: Estos son solo datos de demostracin.</p><p><br></p><p>Nuestra misin es mejorar vidas a travs del aprendizaje. Permitimos que cualquier persona en cualquier lugar pueda crear y compartir contenido educativo (instructores) y acceder a ese contenido educativo para aprender (estudiantes). Consideramos nuestro modelo de mercado la mejor manera de ofrecer contenido educativo valioso a nuestros usuarios. Necesitamos reglas para mantener nuestra plataforma y servicios seguros para usted, nosotros y nuestra comunidad de estudiantes e instructores. Estos Trminos se aplican a todas sus actividades en el sitio web de Udemy, las aplicaciones mviles de Udemy, nuestras aplicaciones de TV, nuestras API y otros servicios relacionados (\"Servicios\").</p><p><br></p><p>Si publica contenido en nuestra plataforma, tambin debe aceptar los Trminos del instructor. Tambin proporcionamos detalles sobre nuestro procesamiento de los datos personales de nuestros estudiantes e instructores en nuestra Poltica de privacidad. Si utiliza nuestra plataforma para empresas como parte de la suscripcin a Udemy for Business de su organizacin, debe consultar nuestra Declaracin de privacidad de Udemy for Business.</p><p><br></p><p><br></p><p><br></p><p>Necesita una cuenta para la mayora de las actividades en nuestra plataforma, incluso para comprar y acceder a contenido o para enviar contenido para su publicacin. Al configurar y mantener su cuenta, debe proporcionar y continuar proporcionando informacin precisa y completa, incluida una direccin de correo electrnico vlida. Usted es completamente responsable de su cuenta y de todo lo que sucede en ella, incluido cualquier dao o perjuicio (a nosotros o a cualquier otra persona) causado por alguien que usa su cuenta sin su permiso. Esto significa que debe tener cuidado con su contrasea. No puede transferir su cuenta a otra persona ni usar la cuenta de otra persona. Si se comunica con nosotros para solicitar acceso a una cuenta, no le otorgaremos dicho acceso a menos que pueda proporcionarnos la informacin que necesitamos para demostrar que es el propietario de esa cuenta. En caso de fallecimiento de un usuario, la cuenta de ese usuario se cerrar.</p>'),(5,5,'ar',' ','      .             ()      .','<p style=\"direction: rtl; text-align: right;\">:    .</p><p style=\"direction: rtl; text-align: right;\">      .             ()       ().              .                .         Udemy     Udemy                  (\"\").</p><p style=\"direction: rtl; text-align: right;\">              .              .         Udemy for Business          Udemy for Business.</p><p style=\"direction: rtl; text-align: right;\">                    .                      .                    (    )       .            .             .                         .          .</p>');
/*!40000 ALTER TABLE `page_translations` ENABLE KEYS */;
UNLOCK TABLES;

--
-- Table structure for table `pages`
--

DROP TABLE IF EXISTS `pages`;
/*!40101 SET @saved_cs_client     = @@character_set_client */;
/*!50503 SET character_set_client = utf8mb4 */;
CREATE TABLE `pages` (
  `id` int unsigned NOT NULL AUTO_INCREMENT,
  `link` varchar(255) CHARACTER SET utf8mb4 COLLATE utf8mb4_unicode_ci NOT NULL,
  `name` varchar(255) CHARACTER SET utf8mb4 COLLATE utf8mb4_unicode_ci NOT NULL,
  `robot` tinyint(1) NOT NULL DEFAULT '0',
  `status` enum('publish','draft') CHARACTER SET utf8mb4 COLLATE utf8mb4_unicode_ci NOT NULL DEFAULT 'draft',
  `created_at` int unsigned NOT NULL,
  PRIMARY KEY (`id`),
  UNIQUE KEY `pages_link_unique` (`link`)
) ENGINE=InnoDB AUTO_INCREMENT=7 DEFAULT CHARSET=utf8mb4 COLLATE=utf8mb4_unicode_ci;
/*!40101 SET character_set_client = @saved_cs_client */;

--
-- Dumping data for table `pages`
--

LOCK TABLES `pages` WRITE;
/*!40000 ALTER TABLE `pages` DISABLE KEYS */;
INSERT INTO `pages` VALUES (3,'/about','About',1,'publish',1734310018),(5,'/terms','Terms & rules',1,'publish',1734310014),(6,'/reward_points_system','Reward Points System',1,'publish',1734310023);
/*!40000 ALTER TABLE `pages` ENABLE KEYS */;
UNLOCK TABLES;

--
-- Table structure for table `password_resets`
--

DROP TABLE IF EXISTS `password_resets`;
/*!40101 SET @saved_cs_client     = @@character_set_client */;
/*!50503 SET character_set_client = utf8mb4 */;
CREATE TABLE `password_resets` (
  `email` varchar(255) CHARACTER SET utf8mb4 COLLATE utf8mb4_unicode_ci NOT NULL,
  `token` varchar(255) CHARACTER SET utf8mb4 COLLATE utf8mb4_unicode_ci NOT NULL,
  `created_at` timestamp NULL DEFAULT NULL,
  KEY `password_resets_email_index` (`email`) USING BTREE
) ENGINE=InnoDB DEFAULT CHARSET=utf8mb4 COLLATE=utf8mb4_unicode_ci ROW_FORMAT=DYNAMIC;
/*!40101 SET character_set_client = @saved_cs_client */;

--
-- Dumping data for table `password_resets`
--

LOCK TABLES `password_resets` WRITE;
/*!40000 ALTER TABLE `password_resets` DISABLE KEYS */;
INSERT INTO `password_resets` VALUES ('av18981848@gmail.com','cYTtJLR86NoxZ0whf465XoQa98hhxAxx2Q7t3zeaeTJRYoUMQwqqzb4rgqP2','2021-02-20 16:05:13'),('kelechiezumah@gmail.com','3WoZX1B0KDIoSj9bSZbg5raA1ngbdZ0LpW2Xw2W9BRsLyVH8GL55Vrytc52u','2024-11-24 01:21:05'),('seniordevglobal@gmail.com','pfsaTVt4ONiN8XCekksj6HE2GB3Uo5uFH5Hiyf3RTPLEwYUZU6PuaJY5so8s','2024-12-12 08:56:37'),('kelechiezumah544@gmail.com','vw7JcvfZ6nVuZqVm05KYvOWNGTC2upTQD1VpZKzTORVLtwY3BTpbTmlGLE9c','2025-01-21 12:43:15'),('kelechiezumah544@gmail.com','Ub3D1opbnxkzCxvyuwrZEZRDwmebW429ZhnXPjJzF573YzxfwhDGrpnwybVQ','2025-01-21 13:04:49'),('obum619@gmail.com','tiAqP9kqBiE1XjZ87457Au0FLmq07bHUAYkDPCMHXlt12kHbQZYyDBaFTnYH','2025-01-21 13:25:10');
/*!40000 ALTER TABLE `password_resets` ENABLE KEYS */;
UNLOCK TABLES;

--
-- Table structure for table `payku_payments`
--

DROP TABLE IF EXISTS `payku_payments`;
/*!40101 SET @saved_cs_client     = @@character_set_client */;
/*!50503 SET character_set_client = utf8mb4 */;
CREATE TABLE `payku_payments` (
  `transaction_id` varchar(255) CHARACTER SET utf8mb4 COLLATE utf8mb4_unicode_ci NOT NULL,
  `start` date NOT NULL,
  `end` date NOT NULL,
  `media` varchar(255) CHARACTER SET utf8mb4 COLLATE utf8mb4_unicode_ci NOT NULL,
  `verification_key` varchar(255) CHARACTER SET utf8mb4 COLLATE utf8mb4_unicode_ci NOT NULL,
  `authorization_code` varchar(255) CHARACTER SET utf8mb4 COLLATE utf8mb4_unicode_ci NOT NULL,
  `last_4_digits` int unsigned DEFAULT NULL,
  `installments` varchar(255) CHARACTER SET utf8mb4 COLLATE utf8mb4_unicode_ci DEFAULT NULL,
  `card_type` varchar(255) CHARACTER SET utf8mb4 COLLATE utf8mb4_unicode_ci DEFAULT NULL,
  `additional_parameters` varchar(255) CHARACTER SET utf8mb4 COLLATE utf8mb4_unicode_ci DEFAULT NULL,
  `currency` varchar(255) CHARACTER SET utf8mb4 COLLATE utf8mb4_unicode_ci NOT NULL,
  `created_at` timestamp NULL DEFAULT NULL,
  `updated_at` timestamp NULL DEFAULT NULL,
  `payment_key` varchar(255) CHARACTER SET utf8mb4 COLLATE utf8mb4_unicode_ci DEFAULT NULL,
  `transaction_key` varchar(255) CHARACTER SET utf8mb4 COLLATE utf8mb4_unicode_ci DEFAULT NULL,
  `deposit_date` datetime DEFAULT NULL,
  UNIQUE KEY `payku_payments_transaction_id_unique` (`transaction_id`),
  CONSTRAINT `payku_payments_transaction_id_foreign` FOREIGN KEY (`transaction_id`) REFERENCES `payku_transactions` (`id`)
) ENGINE=InnoDB DEFAULT CHARSET=utf8mb4 COLLATE=utf8mb4_unicode_ci;
/*!40101 SET character_set_client = @saved_cs_client */;

--
-- Dumping data for table `payku_payments`
--

LOCK TABLES `payku_payments` WRITE;
/*!40000 ALTER TABLE `payku_payments` DISABLE KEYS */;
/*!40000 ALTER TABLE `payku_payments` ENABLE KEYS */;
UNLOCK TABLES;

--
-- Table structure for table `payku_transactions`
--

DROP TABLE IF EXISTS `payku_transactions`;
/*!40101 SET @saved_cs_client     = @@character_set_client */;
/*!50503 SET character_set_client = utf8mb4 */;
CREATE TABLE `payku_transactions` (
  `id` varchar(255) CHARACTER SET utf8mb4 COLLATE utf8mb4_unicode_ci NOT NULL,
  `status` varchar(255) CHARACTER SET utf8mb4 COLLATE utf8mb4_unicode_ci DEFAULT NULL,
  `order` varchar(255) CHARACTER SET utf8mb4 COLLATE utf8mb4_unicode_ci DEFAULT NULL,
  `email` varchar(255) CHARACTER SET utf8mb4 COLLATE utf8mb4_unicode_ci DEFAULT NULL,
  `subject` varchar(255) CHARACTER SET utf8mb4 COLLATE utf8mb4_unicode_ci DEFAULT NULL,
  `url` text CHARACTER SET utf8mb4 COLLATE utf8mb4_unicode_ci,
  `amount` int unsigned DEFAULT NULL,
  `notified_at` datetime DEFAULT NULL,
  `created_at` timestamp NULL DEFAULT NULL,
  `updated_at` timestamp NULL DEFAULT NULL,
  `full_name` varchar(255) CHARACTER SET utf8mb4 COLLATE utf8mb4_unicode_ci DEFAULT NULL,
  UNIQUE KEY `payku_transactions_id_unique` (`id`),
  UNIQUE KEY `payku_transactions_order_unique` (`order`)
) ENGINE=InnoDB DEFAULT CHARSET=utf8mb4 COLLATE=utf8mb4_unicode_ci;
/*!40101 SET character_set_client = @saved_cs_client */;

--
-- Dumping data for table `payku_transactions`
--

LOCK TABLES `payku_transactions` WRITE;
/*!40000 ALTER TABLE `payku_transactions` DISABLE KEYS */;
/*!40000 ALTER TABLE `payku_transactions` ENABLE KEYS */;
UNLOCK TABLES;

--
-- Table structure for table `payment_channels`
--

DROP TABLE IF EXISTS `payment_channels`;
/*!40101 SET @saved_cs_client     = @@character_set_client */;
/*!50503 SET character_set_client = utf8mb4 */;
CREATE TABLE `payment_channels` (
  `id` int unsigned NOT NULL AUTO_INCREMENT,
  `title` varchar(255) CHARACTER SET utf8mb4 COLLATE utf8mb4_unicode_ci NOT NULL,
  `class_name` varchar(255) CHARACTER SET utf8mb4 COLLATE utf8mb4_unicode_ci NOT NULL,
  `status` enum('active','inactive') CHARACTER SET utf8mb4 COLLATE utf8mb4_unicode_ci NOT NULL,
  `image` varchar(255) CHARACTER SET utf8mb4 COLLATE utf8mb4_unicode_ci DEFAULT NULL,
  `credentials` text CHARACTER SET utf8mb4 COLLATE utf8mb4_unicode_ci,
  `currencies` text CHARACTER SET utf8mb4 COLLATE utf8mb4_unicode_ci,
  `created_at` varchar(255) CHARACTER SET utf8mb4 COLLATE utf8mb4_unicode_ci NOT NULL,
  PRIMARY KEY (`id`) USING BTREE
) ENGINE=InnoDB AUTO_INCREMENT=46 DEFAULT CHARSET=utf8mb4 COLLATE=utf8mb4_unicode_ci ROW_FORMAT=DYNAMIC;
/*!40101 SET character_set_client = @saved_cs_client */;

--
-- Dumping data for table `payment_channels`
--

LOCK TABLES `payment_channels` WRITE;
/*!40000 ALTER TABLE `payment_channels` DISABLE KEYS */;
INSERT INTO `payment_channels` VALUES (1,'Alipay','Alipay','inactive','/store/1/default_images/payment gateways/alipay.png',NULL,'[\"USD\"]','1654755044'),(2,'Authorize.net','Authorizenet','inactive','/store/1/default_images/payment gateways/authirizenet.png',NULL,'[\"USD\"]','1654755044'),(3,'Bitpay','Bitpay','inactive','/store/1/default_images/payment gateways/bitpay.png',NULL,'[\"USD\"]','1654755044'),(4,'Braintree','Braintree','inactive','/store/1/default_images/payment gateways/braintree.png',NULL,'[\"USD\"]','1654755044'),(5,'Cashu','Cashu','inactive','/store/1/default_images/payment gateways/cashu.png',NULL,'[\"USD\"]','1654755044'),(6,'Flutterwave','Flutterwave','active','/store/1/default_images/payment gateways/flutterwave.png','{\"publicKey\":\"FLWPUBK-14d29bd8497dc484f4e79c8a93c1ae5d-X\",\"secretKey\":\"FLWSECK-c4c759e356d35149d402ad5cf16183d1-18e22e1b5cevt-X\",\"secretHash\":\"c4c759e356d310ba03036b95\",\"test_mode\":null}','[\"NGN\"]','1654755044'),(7,'Instamojo','Instamojo','inactive','/store/1/default_images/payment gateways/instamojo.png',NULL,'[\"USD\"]','1654755044'),(8,'Iyzipay','Iyzipay','inactive','/store/1/default_images/payment gateways/iyzico.png',NULL,'[\"USD\"]','1654755044'),(9,'Izipay','Izipay','inactive','/store/1/default_images/payment gateways/izipay.png',NULL,'[\"USD\"]','1654755044'),(10,'KlarnaCheckout','KlarnaCheckout','inactive','/store/1/default_images/payment gateways/klarna.png',NULL,'[\"USD\"]','1654755044'),(11,'MercadoPago','MercadoPago','inactive','/store/1/default_images/payment gateways/mercadopago.png',NULL,'[\"USD\"]','1654755044'),(13,'Mollie','Mollie','inactive','/store/1/default_images/payment gateways/mollie.png',NULL,'[\"USD\"]','1654755044'),(14,'N-genius','Ngenius','inactive','/store/1/default_images/payment gateways/ngenius.png',NULL,'[\"USD\"]','1654755044'),(15,'Payfort','Payfort','inactive','/store/1/default_images/payment gateways/payfort.png',NULL,'[\"USD\"]','1654755044'),(16,'Payhere','Payhere','inactive','/store/1/default_images/payment gateways/payhere.png',NULL,'[\"USD\"]','1654755044'),(17,'Payku','Payku','inactive','/store/1/default_images/payment gateways/payku.png',NULL,'[\"USD\"]','1654755044'),(18,'Paylink','Paylink','inactive','/store/1/default_images/payment gateways/paylink.png',NULL,'[\"USD\"]','1654755044'),(19,'Paypal','Paypal','inactive','/store/1/default_images/payment gateways/paypal.png','{\"client_id\":null,\"secret\":null,\"test_mode\":null}','[\"USD\"]','1654755044'),(20,'Paysera','Paysera','inactive','/store/1/default_images/payment gateways/paysera.png',NULL,'[\"USD\"]','1654755044'),(21,'Paystack','Paystack','inactive','/store/1/default_images/payment gateways/paystack.png','{\"publicKey\":\"pk_live_c7e20f81f36444268c478595c6f9c5b88e55b519\",\"secretKey\":\"sk_live_36c24a603795b496f8e346737a5d3e97c720b530\",\"paymentUrl\":\"https:\\/\\/api.paystack.co\",\"merchantEmail\":\"sapphital2@gmail.com\",\"test_mode\":null}','[\"NGN\"]','1654755044'),(22,'Paytm','Paytm','inactive','/store/1/default_images/payment gateways/paytm.png',NULL,'[\"USD\"]','1654755044'),(23,'Payu','Payu','inactive','/store/1/default_images/payment gateways/payu.png','{\"money_key\":null,\"money_salt\":null,\"money_auth\":null,\"test_mode\":null}','[\"NGN\"]','1654755044'),(24,'Razorpay','Razorpay','inactive','/store/1/default_images/payment gateways/razorpay.png','{\"api_key\":null,\"api_secret\":null,\"test_mode\":null}','[\"NGN\"]','1654755044'),(25,'Robokassa','Robokassa','inactive','/store/1/default_images/payment gateways/robokassa.png',NULL,'[\"USD\"]','1654755044'),(26,'Sslcommerz','Sslcommerz','inactive','/store/1/default_images/payment gateways/sslcommerz.png',NULL,'[\"USD\"]','1654755044'),(27,'Stripe','Stripe','inactive','/store/1/default_images/payment gateways/stripe.png',NULL,'[\"USD\"]','1654755044'),(28,'Toyyibpay','Toyyibpay','inactive','/store/1/default_images/payment gateways/toyyibpay.png',NULL,'[\"USD\"]','1654755044'),(29,'Voguepay','Voguepay','inactive','/store/1/default_images/payment gateways/voguepay.png',NULL,'[\"USD\"]','1654755044'),(31,'Zarinpal','Zarinpal','inactive','/store/1/default_images/payment gateways/zarinpal.png',NULL,'[\"USD\"]','1654755044'),(32,'JazzCash','JazzCash','inactive','/store/1/default_images/payment gateways/jazzcash.png',NULL,'[\"USD\"]','1654755044'),(36,'IPay88','IPay88','inactive','/store/1/default_images/payment gateways/ipay88.png',NULL,'[\"USD\"]','1709111811'),(37,'Xendit','Xendit','inactive','/store/1/default_images/payment gateways/xendit.png','{\"api_key\":null,\"test_mode\":null}','[\"USD\"]','1709111811'),(38,'Paytabs','Paytabs','inactive','/store/1/default_images/payment gateways/paytabs.png','{\"profile_id\":null,\"server_key\":null,\"test_mode\":null}','[\"USD\"]','1709111811'),(39,'Paymob','Paymob','inactive','/store/1/default_images/payment gateways/paymob.png','{\"api_key\":null,\"integration_id\":null,\"identifier\":null,\"test_mode\":null}','[\"USD\"]','1709111811'),(40,'Cintepay','Cintepay','inactive','/store/1/default_images/payment gateways/cinetpay.png','{\"api_key\":null,\"site_id\":null,\"secret_key\":null,\"test_mode\":null}','[\"USD\"]','1709111811'),(41,'TapPayment','TapPayment','inactive','/store/1/default_images/payment gateways/tappayment.png','{\"secret_api_Key\":null,\"test_mode\":null}','[\"USD\"]','1709111811'),(43,'Redsys','Redsys','inactive',NULL,NULL,NULL,'1719771408'),(44,'Paytr','Paytr','inactive',NULL,NULL,NULL,'1719771408'),(45,'Telebirr','Telebirr','inactive',NULL,NULL,NULL,'1719771408');
/*!40000 ALTER TABLE `payment_channels` ENABLE KEYS */;
UNLOCK TABLES;

--
-- Table structure for table `payouts`
--

DROP TABLE IF EXISTS `payouts`;
/*!40101 SET @saved_cs_client     = @@character_set_client */;
/*!50503 SET character_set_client = utf8mb4 */;
CREATE TABLE `payouts` (
  `id` int unsigned NOT NULL AUTO_INCREMENT,
  `user_id` int unsigned NOT NULL,
  `user_selected_bank_id` int unsigned NOT NULL,
  `amount` decimal(13,2) NOT NULL,
  `status` enum('waiting','done','reject') CHARACTER SET utf8mb4 COLLATE utf8mb4_unicode_ci NOT NULL,
  `created_at` int NOT NULL,
  PRIMARY KEY (`id`) USING BTREE,
  KEY `payouts_user_id_foreign` (`user_id`) USING BTREE,
  KEY `payout_user_selected_bank_id` (`user_selected_bank_id`) USING BTREE,
  CONSTRAINT `payout_user_selected_bank_id` FOREIGN KEY (`user_selected_bank_id`) REFERENCES `user_selected_banks` (`id`) ON DELETE CASCADE,
  CONSTRAINT `payouts_user_id_foreign` FOREIGN KEY (`user_id`) REFERENCES `users` (`id`) ON DELETE CASCADE
) ENGINE=InnoDB DEFAULT CHARSET=utf8mb4 COLLATE=utf8mb4_unicode_ci ROW_FORMAT=DYNAMIC;
/*!40101 SET character_set_client = @saved_cs_client */;

--
-- Dumping data for table `payouts`
--

LOCK TABLES `payouts` WRITE;
/*!40000 ALTER TABLE `payouts` DISABLE KEYS */;
/*!40000 ALTER TABLE `payouts` ENABLE KEYS */;
UNLOCK TABLES;

--
-- Table structure for table `payu_transactions`
--

DROP TABLE IF EXISTS `payu_transactions`;
/*!40101 SET @saved_cs_client     = @@character_set_client */;
/*!50503 SET character_set_client = utf8mb4 */;
CREATE TABLE `payu_transactions` (
  `id` bigint unsigned NOT NULL AUTO_INCREMENT,
  `paid_for_id` bigint unsigned DEFAULT NULL,
  `paid_for_type` varchar(255) CHARACTER SET utf8mb4 COLLATE utf8mb4_unicode_ci DEFAULT NULL,
  `transaction_id` varchar(255) CHARACTER SET utf8mb4 COLLATE utf8mb4_unicode_ci NOT NULL,
  `gateway` text CHARACTER SET utf8mb4 COLLATE utf8mb4_unicode_ci NOT NULL,
  `body` text CHARACTER SET utf8mb4 COLLATE utf8mb4_unicode_ci NOT NULL,
  `destination` varchar(255) CHARACTER SET utf8mb4 COLLATE utf8mb4_unicode_ci NOT NULL,
  `hash` text CHARACTER SET utf8mb4 COLLATE utf8mb4_unicode_ci NOT NULL,
  `response` text CHARACTER SET utf8mb4 COLLATE utf8mb4_unicode_ci,
  `status` enum('pending','failed','successful','invalid') CHARACTER SET utf8mb4 COLLATE utf8mb4_unicode_ci NOT NULL DEFAULT 'pending',
  `verified_at` timestamp NULL DEFAULT NULL,
  `deleted_at` timestamp NULL DEFAULT NULL,
  `created_at` timestamp NULL DEFAULT NULL,
  `updated_at` timestamp NULL DEFAULT NULL,
  PRIMARY KEY (`id`) USING BTREE,
  UNIQUE KEY `payu_transactions_transaction_id_unique` (`transaction_id`) USING BTREE,
  KEY `payu_transactions_status_index` (`status`) USING BTREE,
  KEY `payu_transactions_verified_at_index` (`verified_at`) USING BTREE
) ENGINE=InnoDB AUTO_INCREMENT=15 DEFAULT CHARSET=utf8mb4 COLLATE=utf8mb4_unicode_ci ROW_FORMAT=DYNAMIC;
/*!40101 SET character_set_client = @saved_cs_client */;

--
-- Dumping data for table `payu_transactions`
--

LOCK TABLES `payu_transactions` WRITE;
/*!40000 ALTER TABLE `payu_transactions` DISABLE KEYS */;
/*!40000 ALTER TABLE `payu_transactions` ENABLE KEYS */;
UNLOCK TABLES;

--
-- Table structure for table `permissions`
--

DROP TABLE IF EXISTS `permissions`;
/*!40101 SET @saved_cs_client     = @@character_set_client */;
/*!50503 SET character_set_client = utf8mb4 */;
CREATE TABLE `permissions` (
  `id` int unsigned NOT NULL AUTO_INCREMENT,
  `role_id` int unsigned DEFAULT NULL,
  `section_id` int unsigned DEFAULT NULL,
  `allow` tinyint(1) NOT NULL DEFAULT '0',
  PRIMARY KEY (`id`) USING BTREE,
  KEY `permissions_role_id_index` (`role_id`) USING BTREE,
  KEY `permissions_section_id_index` (`section_id`) USING BTREE,
  CONSTRAINT `permissions_role_id_foreign` FOREIGN KEY (`role_id`) REFERENCES `roles` (`id`) ON DELETE CASCADE,
  CONSTRAINT `permissions_section_id_foreign` FOREIGN KEY (`section_id`) REFERENCES `sections` (`id`)
) ENGINE=InnoDB AUTO_INCREMENT=26378 DEFAULT CHARSET=utf8mb4 COLLATE=utf8mb4_unicode_ci;
/*!40101 SET character_set_client = @saved_cs_client */;

--
-- Dumping data for table `permissions`
--

LOCK TABLES `permissions` WRITE;
/*!40000 ALTER TABLE `permissions` DISABLE KEYS */;
INSERT INTO `permissions` VALUES (17455,3,100001,1),(17456,3,100002,1),(17457,3,100003,1),(17458,3,100004,1),(17459,3,100005,1),(17460,3,100010,1),(17461,3,100011,1),(17462,3,100012,1),(17463,3,100013,1),(17464,3,100014,1),(17465,3,100020,1),(17466,3,100021,1),(17467,3,100022,1),(17468,3,100023,1),(17469,3,100024,1),(17470,3,100025,1),(17471,3,100026,1),(17472,3,100027,1),(17473,3,100028,1),(17474,3,100029,1),(17475,3,100030,1),(17476,3,100031,1),(17477,3,100032,1),(17478,3,100033,1),(17479,3,100034,1),(17480,3,100035,1),(17481,3,100040,1),(17482,3,100041,1),(17483,3,100042,1),(17484,3,100043,1),(17485,3,100044,1),(17486,3,100045,1),(17487,3,100050,1),(17488,3,100051,1),(17489,3,100052,1),(17490,3,100053,1),(17491,3,100054,1),(17492,3,100055,1),(17493,3,100060,1),(17494,3,100061,1),(17495,3,100062,1),(17496,3,100063,1),(17497,3,100070,1),(17498,3,100071,1),(17499,3,100072,1),(17500,3,100073,1),(17501,3,100080,1),(17502,3,100081,1),(17503,3,100082,1),(17504,3,100083,1),(17505,3,100084,1),(17506,3,100085,1),(17507,3,100086,1),(17508,3,100090,1),(17509,3,100091,1),(17510,3,100092,1),(17511,3,100093,1),(17512,3,100100,1),(17513,3,100101,1),(17514,3,100102,1),(17515,3,100103,1),(17516,3,100104,1),(17517,3,100105,1),(17518,3,100106,1),(17519,3,100107,1),(17520,3,100120,1),(17521,3,100121,1),(17522,3,100122,1),(17523,3,100123,1),(17524,3,100124,1),(17525,3,100125,1),(17526,3,100126,1),(17527,3,100127,1),(17528,3,100140,1),(17529,3,100141,1),(17530,3,100142,1),(17531,3,100143,1),(17532,3,100160,1),(17533,3,100161,1),(17534,3,100162,1),(17535,3,100163,1),(17536,3,100164,1),(17537,3,100165,1),(17538,3,100166,1),(17539,3,100167,1),(17540,3,100180,1),(17541,3,100181,1),(17542,3,100182,1),(17543,3,100183,1),(17544,3,100184,1),(17545,3,100200,1),(17546,3,100201,1),(17547,3,100202,1),(17548,3,100203,1),(17549,3,100204,1),(17550,3,100220,1),(17551,3,100221,1),(17552,3,100222,1),(17553,3,100223,1),(17554,3,100224,1),(17555,3,100225,1),(17556,3,100240,1),(17557,3,100241,1),(17558,3,100260,1),(17559,3,100261,1),(17560,3,100280,1),(17561,3,100281,1),(17562,3,100300,1),(17563,3,100301,1),(17564,3,100302,1),(17565,3,100303,1),(17677,6,1,1),(17678,6,2,1),(17679,6,3,1),(17680,6,4,1),(17681,6,5,1),(17682,6,6,1),(17683,6,7,1),(17684,6,8,1),(17685,6,9,1),(17686,6,10,1),(17687,6,11,1),(17688,6,12,1),(17689,6,13,1),(17690,6,14,1),(17691,6,15,1),(17692,6,16,1),(17693,6,17,1),(17694,6,700,1),(17695,6,701,1),(17696,6,702,1),(17697,6,703,1),(17698,6,704,1),(17699,6,705,1),(17700,6,706,1),(17701,6,707,1),(17702,6,708,1),(19553,4,100001,1),(19554,4,100002,1),(19555,4,100003,1),(19556,4,100010,1),(19557,4,100011,1),(19558,4,100012,1),(19559,4,100020,1),(19560,4,100021,1),(19561,4,100022,1),(19562,4,100024,1),(19563,4,100025,1),(19564,4,100026,1),(19565,4,100027,1),(19566,4,100028,1),(19567,4,100029,1),(19568,4,100030,1),(19569,4,100031,1),(19570,4,100034,1),(19571,4,100035,1),(19572,4,100040,1),(19573,4,100041,1),(19574,4,100042,1),(19575,4,100044,1),(19576,4,100045,1),(19577,4,100050,1),(19578,4,100051,1),(19579,4,100055,1),(19580,4,100060,1),(19581,4,100061,1),(19582,4,100062,1),(19583,4,100063,1),(19584,4,100070,1),(19585,4,100071,1),(19586,4,100072,1),(19587,4,100073,1),(19588,4,100080,1),(19589,4,100081,1),(19590,4,100082,1),(19591,4,100084,1),(19592,4,100085,1),(19593,4,100086,1),(19594,4,100090,1),(19595,4,100091,1),(19596,4,100092,1),(19597,4,100093,1),(19598,4,100180,1),(19599,4,100181,1),(19600,4,100182,1),(19601,4,100183,1),(19602,4,100184,1),(19603,4,100200,1),(19604,4,100201,1),(19605,4,100202,1),(19606,4,100204,1),(19607,4,100220,1),(19608,4,100222,1),(19609,4,100224,1),(19610,4,100225,1),(19611,4,100240,1),(19612,4,100241,1),(19613,4,100260,1),(19614,4,100261,1),(19615,4,100280,1),(19616,4,100281,1),(19617,4,100300,1),(19618,4,100301,1),(19619,4,100302,1),(19620,4,100303,1),(19621,4,100001,1),(19622,4,100002,1),(19623,4,100003,1),(19624,4,100010,1),(19625,4,100011,1),(19626,4,100012,1),(19627,4,100020,1),(19628,4,100021,1),(19629,4,100022,1),(19630,4,100024,1),(19631,4,100025,1),(19632,4,100026,1),(19633,4,100027,1),(19634,4,100028,1),(19635,4,100029,1),(19636,4,100030,1),(19637,4,100031,1),(19638,4,100034,1),(19639,4,100035,1),(19640,4,100040,1),(19641,4,100041,1),(19642,4,100042,1),(19643,4,100044,1),(19644,4,100045,1),(19645,4,100050,1),(19646,4,100051,1),(19647,4,100055,1),(19648,4,100060,1),(19649,4,100061,1),(19650,4,100062,1),(19651,4,100063,1),(19652,4,100070,1),(19653,4,100071,1),(19654,4,100072,1),(19655,4,100073,1),(19656,4,100080,1),(19657,4,100081,1),(19658,4,100082,1),(19659,4,100084,1),(19660,4,100085,1),(19661,4,100086,1),(19662,4,100090,1),(19663,4,100091,1),(19664,4,100092,1),(19665,4,100093,1),(19666,4,100180,1),(19667,4,100181,1),(19668,4,100182,1),(19669,4,100183,1),(19670,4,100184,1),(19671,4,100200,1),(19672,4,100201,1),(19673,4,100202,1),(19674,4,100204,1),(19675,4,100220,1),(19676,4,100222,1),(19677,4,100224,1),(19678,4,100225,1),(19679,4,100240,1),(19680,4,100241,1),(19681,4,100260,1),(19682,4,100261,1),(19683,4,100280,1),(19684,4,100281,1),(19685,4,100300,1),(19686,4,100301,1),(19687,4,100302,1),(19688,4,100303,1),(23641,2,1,1),(23642,2,2,1),(23643,2,3,1),(23644,2,4,1),(23645,2,5,1),(23646,2,6,1),(23647,2,7,1),(23648,2,8,1),(23649,2,9,1),(23650,2,10,1),(23651,2,11,1),(23652,2,12,1),(23653,2,13,1),(23654,2,14,1),(23655,2,15,1),(23656,2,16,1),(23657,2,17,1),(23658,2,25,1),(23659,2,26,1),(23660,2,50,1),(23661,2,51,1),(23662,2,52,1),(23663,2,53,1),(23664,2,54,1),(23665,2,100,1),(23666,2,101,1),(23667,2,102,1),(23668,2,103,1),(23669,2,104,1),(23670,2,105,1),(23671,2,106,1),(23672,2,107,1),(23673,2,108,1),(23674,2,109,1),(23675,2,110,1),(23676,2,111,1),(23677,2,112,1),(23678,2,113,1),(23679,2,114,1),(23680,2,115,1),(23681,2,116,1),(23682,2,117,1),(23683,2,118,1),(23684,2,150,1),(23685,2,151,1),(23686,2,152,1),(23687,2,153,1),(23688,2,154,1),(23689,2,155,1),(23690,2,156,1),(23691,2,157,1),(23692,2,158,1),(23693,2,159,1),(23694,2,160,1),(23695,2,161,1),(23696,2,162,1),(23697,2,163,1),(23698,2,164,1),(23699,2,165,1),(23700,2,166,1),(23701,2,167,1),(23702,2,200,1),(23703,2,201,1),(23704,2,202,1),(23705,2,203,1),(23706,2,204,1),(23707,2,205,1),(23708,2,206,1),(23709,2,207,1),(23710,2,208,1),(23711,2,250,1),(23712,2,251,1),(23713,2,252,1),(23714,2,253,1),(23715,2,254,1),(23716,2,300,1),(23717,2,301,1),(23718,2,302,1),(23719,2,303,1),(23720,2,304,1),(23721,2,350,1),(23722,2,351,1),(23723,2,352,1),(23724,2,353,1),(23725,2,354,1),(23726,2,355,1),(23727,2,356,1),(23728,2,357,1),(23729,2,400,1),(23730,2,401,1),(23731,2,402,1),(23732,2,403,1),(23733,2,404,1),(23734,2,405,1),(23735,2,450,1),(23736,2,451,1),(23737,2,452,1),(23738,2,453,1),(23739,2,454,1),(23740,2,455,1),(23741,2,456,1),(23742,2,457,1),(23743,2,458,1),(23744,2,459,1),(23745,2,460,1),(23746,2,461,1),(23747,2,500,1),(23748,2,501,1),(23749,2,502,1),(23750,2,503,1),(23751,2,504,1),(23752,2,505,1),(23753,2,550,1),(23754,2,551,1),(23755,2,552,1),(23756,2,553,1),(23757,2,554,1),(23758,2,555,1),(23759,2,600,1),(23760,2,601,1),(23761,2,602,1),(23762,2,603,1),(23763,2,650,1),(23764,2,651,1),(23765,2,652,1),(23766,2,653,1),(23767,2,654,1),(23768,2,655,1),(23769,2,656,1),(23770,2,657,1),(23771,2,658,1),(23772,2,700,1),(23773,2,701,1),(23774,2,702,1),(23775,2,703,1),(23776,2,704,1),(23777,2,705,1),(23778,2,706,1),(23779,2,707,1),(23780,2,708,1),(23781,2,750,1),(23782,2,751,1),(23783,2,752,1),(23784,2,753,1),(23785,2,754,1),(23786,2,800,1),(23787,2,801,1),(23788,2,802,1),(23789,2,803,1),(23790,2,850,1),(23791,2,851,1),(23792,2,852,1),(23793,2,853,1),(23794,2,854,1),(23795,2,900,1),(23796,2,901,1),(23797,2,902,1),(23798,2,903,1),(23799,2,904,1),(23800,2,950,1),(23801,2,951,1),(23802,2,952,1),(23803,2,953,1),(23804,2,954,1),(23805,2,955,1),(23806,2,956,1),(23807,2,957,1),(23808,2,958,1),(23809,2,959,1),(23810,2,1000,1),(23811,2,1001,1),(23812,2,1002,1),(23813,2,1003,1),(23814,2,1004,1),(23815,2,1050,1),(23816,2,1051,1),(23817,2,1052,1),(23818,2,1053,1),(23819,2,1054,1),(23820,2,1055,1),(23821,2,1056,1),(23822,2,1057,1),(23823,2,1058,1),(23824,2,1059,1),(23825,2,1060,1),(23826,2,1075,1),(23827,2,1076,1),(23828,2,1077,1),(23829,2,1078,1),(23830,2,1079,1),(23831,2,1080,1),(23832,2,1081,1),(23833,2,1082,1),(23834,2,1083,1),(23835,2,1100,1),(23836,2,1101,1),(23837,2,1102,1),(23838,2,1103,1),(23839,2,1104,1),(23840,2,1150,1),(23841,2,1151,1),(23842,2,1152,1),(23843,2,1153,1),(23844,2,1154,1),(23845,2,1200,1),(23846,2,1201,1),(23847,2,1202,1),(23848,2,1203,1),(23849,2,1204,1),(23850,2,1230,1),(23851,2,1231,1),(23852,2,1232,1),(23853,2,1233,1),(23854,2,1234,1),(23855,2,1235,1),(23856,2,1250,1),(23857,2,1251,1),(23858,2,1252,1),(23859,2,1253,1),(23860,2,1300,1),(23861,2,1301,1),(23862,2,1302,1),(23863,2,1303,1),(23864,2,1304,1),(23865,2,1305,1),(23866,2,1350,1),(23867,2,1351,1),(23868,2,1352,1),(23869,2,1353,1),(23870,2,1354,1),(23871,2,1355,1),(23872,2,1400,1),(23873,2,1401,1),(23874,2,1402,1),(23875,2,1403,1),(23876,2,1404,1),(23877,2,1405,1),(23878,2,1406,1),(23879,2,1407,1),(23880,2,1408,1),(23881,2,1409,1),(23882,2,1450,1),(23883,2,1451,1),(23884,2,1452,1),(23885,2,1453,1),(23886,2,1454,1),(23887,2,1455,1),(23888,2,1456,1),(23889,2,1457,1),(23890,2,1500,1),(23891,2,1501,1),(23892,2,1502,1),(23893,2,1503,1),(23894,2,1504,1),(23895,2,1550,1),(23896,2,1551,1),(23897,2,1552,1),(23898,2,1553,1),(23899,2,1554,1),(23900,2,1600,1),(23901,2,1601,1),(23902,2,1602,1),(23903,2,1603,1),(23904,2,1604,1),(23905,2,1605,1),(23906,2,1650,1),(23907,2,1651,1),(23908,2,1652,1),(23909,2,1675,1),(23910,2,1676,1),(23911,2,1677,1),(23912,2,1678,1),(23913,2,1725,1),(23914,2,1726,1),(23915,2,1727,1),(23916,2,1728,1),(23917,2,1729,1),(23918,2,1730,1),(23919,2,1731,1),(23920,2,1732,1),(23921,2,1750,1),(23922,2,1751,1),(23923,2,1752,1),(23924,2,1753,1),(23925,2,1754,1),(23926,2,1775,1),(23927,2,1776,1),(23928,2,1777,1),(23929,2,1778,1),(23930,2,1779,1),(23931,2,1780,1),(23932,2,1781,1),(23933,2,1800,1),(23934,2,1801,1),(23935,2,1802,1),(23936,2,1803,1),(23937,2,1804,1),(23938,2,1805,1),(23939,2,1806,1),(23940,2,1807,1),(23941,2,1808,1),(23942,2,1809,1),(23943,2,1810,1),(23944,2,1811,1),(23945,2,1812,1),(23946,2,1813,1),(23947,2,1814,1),(23948,2,1815,1),(23949,2,1816,1),(23950,2,1817,1),(23951,2,1818,1),(23952,2,1819,1),(23953,2,1820,1),(23954,2,1821,1),(23955,2,1822,1),(23956,2,1823,1),(23957,2,1824,1),(23958,2,1825,1),(23959,2,1826,1),(23960,2,1827,1),(23961,2,1828,1),(23962,2,1829,1),(23963,2,1830,1),(23964,2,1831,1),(23965,2,1832,1),(23966,2,1833,1),(23967,2,1834,1),(23968,2,1835,1),(23969,2,1836,1),(23970,2,1837,1),(23971,2,1838,1),(23972,2,1850,1),(23973,2,1851,1),(23974,2,1852,1),(23975,2,1853,1),(23976,2,1875,1),(23977,2,1876,1),(23978,2,1877,1),(23979,2,1900,1),(23980,2,1901,1),(23981,2,1902,1),(23982,2,1903,1),(23983,2,1904,1),(23984,2,1905,1),(23985,2,1925,1),(23986,2,1926,1),(23987,2,1927,1),(23988,2,1928,1),(23989,2,1929,1),(23990,2,1930,1),(23991,2,1931,1),(23992,2,1932,1),(23993,2,1933,1),(23994,2,1934,1),(23995,2,1950,1),(23996,2,1951,1),(23997,2,1952,1),(23998,2,1953,1),(23999,2,1954,1),(24000,2,1975,1),(24001,2,1976,1),(24002,2,1977,1),(24003,2,1978,1),(24004,2,1979,1),(24005,2,2000,1),(24006,2,2001,1),(24007,2,2015,1),(24008,2,2016,1),(24009,2,2017,1),(24010,2,2018,1),(24011,2,2019,1),(24012,2,2020,1),(24013,2,2021,1),(24014,2,2030,1),(24015,2,2031,1),(24016,2,2032,1),(24017,2,2050,1),(24018,2,2051,1),(24019,2,2052,1),(24020,2,2053,1),(24021,2,2054,1),(24022,2,2055,1),(24023,2,2070,1),(24024,2,2071,1),(24025,2,2072,1),(24026,2,2073,1),(24027,2,2074,1),(24028,2,2075,1),(24029,2,2076,1),(24030,2,2077,1),(24031,2,2078,1),(24032,2,2079,1),(24033,2,2080,1),(24034,2,2081,1),(24035,2,2090,1),(24036,2,2091,1),(24037,2,2092,1),(24038,2,2093,1),(24039,2,3000,1),(24040,2,3001,1),(24041,2,3010,1),(24042,2,3011,1),(24043,2,3012,1),(24044,2,3013,1),(24045,2,3020,1),(24046,2,3021,1),(24047,2,3022,1),(24048,2,3023,1),(24049,2,3024,1),(24050,2,3025,1),(24051,2,3030,1),(24052,2,3031,1),(24053,2,3032,1),(24054,2,3033,1),(24055,2,3034,1),(24056,2,3035,1),(24057,2,3040,1),(24058,2,3041,1),(24059,2,3042,1),(24060,2,3043,1),(24061,2,3044,1),(24062,2,3045,1),(24063,2,3046,1),(24064,2,3050,1),(24065,2,3051,1),(24066,2,3052,1),(24067,2,3053,1),(24068,2,3054,1),(24069,2,3055,1),(24070,2,3056,1),(24071,2,3060,1),(24072,2,3061,1),(24073,2,3062,1),(24074,2,3063,1),(24075,2,3064,1),(24076,2,3070,1),(24077,2,3071,1),(24078,2,3072,1),(24079,2,3080,1),(24080,2,3081,1),(24081,2,3082,1),(24082,2,3083,1),(24083,2,3084,1),(24084,2,3090,1),(24085,2,3091,1),(24086,2,3092,1),(24087,2,3093,1),(24088,2,3100,1),(24089,2,3101,1),(24090,2,3102,1),(24091,2,3103,1),(24092,2,3104,1),(24093,2,3110,1),(24094,2,3111,1),(24095,2,3120,1),(24096,2,3121,1),(24097,2,3122,1),(24098,2,3123,1),(24099,2,3130,1),(24100,2,3131,1),(24833,11,1,1),(24834,11,2,1),(24835,11,3,1),(24836,11,4,1),(24837,11,5,1),(24838,11,6,1),(24839,11,7,1),(24840,11,8,1),(24841,11,9,1),(24842,11,10,1),(24843,11,11,1),(24844,11,12,1),(24845,11,13,1),(24846,11,14,1),(24847,11,15,1),(24848,11,16,1),(24849,11,25,1),(24850,11,26,1),(24851,11,50,1),(24852,11,51,1),(24853,11,100,1),(24854,11,101,1),(24855,11,102,1),(24856,11,103,1),(24857,11,104,1),(24858,11,105,1),(24859,11,106,1),(24860,11,108,1),(24861,11,109,1),(24862,11,110,1),(24863,11,111,1),(24864,11,112,1),(24865,11,113,1),(24866,11,114,1),(24867,11,116,1),(24868,11,117,1),(24869,11,118,1),(24870,11,150,1),(24871,11,151,1),(24872,11,152,1),(24873,11,153,1),(24874,11,155,1),(24875,11,156,1),(24876,11,157,1),(24877,11,158,1),(24878,11,159,1),(24879,11,160,1),(24880,11,161,1),(24881,11,162,1),(24882,11,163,1),(24883,11,164,1),(24884,11,165,1),(24885,11,166,1),(24886,11,167,1),(24887,11,200,1),(24888,11,201,1),(24889,11,202,1),(24890,11,203,1),(24891,11,205,1),(24892,11,206,1),(24893,11,207,1),(24894,11,250,1),(24895,11,251,1),(24896,11,252,1),(24897,11,300,1),(24898,11,301,1),(24899,11,302,1),(24900,11,350,1),(24901,11,351,1),(24902,11,352,1),(24903,11,353,1),(24904,11,355,1),(24905,11,356,1),(24906,11,357,1),(24907,11,400,1),(24908,11,401,1),(24909,11,402,1),(24910,11,405,1),(24911,11,450,1),(24912,11,451,1),(24913,11,452,1),(24914,11,453,1),(24915,11,455,1),(24916,11,456,1),(24917,11,457,1),(24918,11,458,1),(24919,11,459,1),(24920,11,460,1),(24921,11,461,1),(24922,11,550,1),(24923,11,551,1),(24924,11,552,1),(24925,11,553,1),(24926,11,555,1),(24927,11,600,1),(24928,11,601,1),(24929,11,602,1),(24930,11,603,1),(24931,11,650,1),(24932,11,651,1),(24933,11,653,1),(24934,11,654,1),(24935,11,655,1),(24936,11,656,1),(24937,11,700,1),(24938,11,701,1),(24939,11,702,1),(24940,11,703,1),(24941,11,705,1),(24942,11,706,1),(24943,11,707,1),(24944,11,950,1),(24945,11,951,1),(24946,11,952,1),(24947,11,953,1),(24948,11,954,1),(24949,11,955,1),(24950,11,956,1),(24951,11,957,1),(24952,11,958,1),(24953,11,959,1),(24954,11,1000,1),(24955,11,1001,1),(24956,11,1002,1),(24957,11,1003,1),(24958,11,1050,1),(24959,11,1051,1),(24960,11,1052,1),(24961,11,1053,1),(24962,11,1054,1),(24963,11,1055,1),(24964,11,1056,1),(24965,11,1057,1),(24966,11,1058,1),(24967,11,1060,1),(24968,11,1075,1),(24969,11,1076,1),(24970,11,1077,1),(24971,11,1078,1),(24972,11,1079,1),(24973,11,1080,1),(24974,11,1081,1),(24975,11,1082,1),(24976,11,1150,1),(24977,11,1151,1),(24978,11,1152,1),(24979,11,1153,1),(24980,11,1154,1),(24981,11,1230,1),(24982,11,1231,1),(24983,11,1232,1),(24984,11,1233,1),(24985,11,1234,1),(24986,11,1235,1),(24987,11,1250,1),(24988,11,1251,1),(24989,11,1252,1),(24990,11,1253,1),(24991,11,1400,1),(24992,11,1401,1),(24993,11,1402,1),(24994,11,1403,1),(24995,11,1404,1),(24996,11,1405,1),(24997,11,1406,1),(24998,11,1407,1),(24999,11,1408,1),(25000,11,1409,1),(25001,11,1450,1),(25002,11,1451,1),(25003,11,1452,1),(25004,11,1454,1),(25005,11,1455,1),(25006,11,1456,1),(25007,11,1457,1),(25008,11,1550,1),(25009,11,1551,1),(25010,11,1552,1),(25011,11,1553,1),(25012,11,1554,1),(25013,11,1600,1),(25014,11,1601,1),(25015,11,1602,1),(25016,11,1603,1),(25017,11,1604,1),(25018,11,1605,1),(25019,11,2015,1),(25020,11,2016,1),(25021,11,2017,1),(25022,11,2018,1),(25023,11,2019,1),(25024,11,2020,1),(25025,11,2021,1),(25026,11,3080,1),(25027,11,3081,1),(25028,11,3083,1),(25029,11,3084,1),(25513,1,100001,1),(25514,1,100002,1),(25515,1,100010,1),(25516,1,100011,1),(25517,1,100020,1),(25518,1,100021,1),(25519,1,100024,1),(25520,1,100025,1),(25521,1,100026,1),(25522,1,100027,1),(25523,1,100028,1),(25524,1,100029,1),(25525,1,100030,1),(25526,1,100031,1),(25527,1,100040,1),(25528,1,100041,1),(25529,1,100044,1),(25530,1,100045,1),(25531,1,100050,1),(25532,1,100051,1),(25533,1,100060,1),(25534,1,100061,1),(25535,1,100062,1),(25536,1,100070,1),(25537,1,100071,1),(25538,1,100072,1),(25539,1,100080,1),(25540,1,100081,1),(25541,1,100085,1),(25542,1,100090,1),(25543,1,100091,1),(25544,1,100092,1),(25545,1,100093,1),(25546,1,100140,1),(25547,1,100141,1),(25548,1,100142,1),(25549,1,100180,1),(25550,1,100181,1),(25551,1,100182,1),(25552,1,100183,1),(25553,1,100184,1),(25554,1,100200,1),(25555,1,100202,1),(25556,1,100204,1),(25557,1,100220,1),(25558,1,100221,1),(25559,1,100224,1),(25560,1,100280,1),(25561,1,100281,1),(25562,1,100300,1),(25563,1,100301,1),(25564,1,100302,1),(25565,1,100303,1),(25691,10,1,1),(25692,10,2,1),(25693,10,3,1),(25694,10,4,1),(25695,10,5,1),(25696,10,6,1),(25697,10,7,1),(25698,10,8,1),(25699,10,9,1),(25700,10,10,1),(25701,10,11,1),(25702,10,12,1),(25703,10,13,1),(25704,10,14,1),(25705,10,15,1),(25706,10,16,1),(25707,10,25,1),(25708,10,26,1),(25709,10,50,1),(25710,10,51,1),(25711,10,100,1),(25712,10,101,1),(25713,10,102,1),(25714,10,103,1),(25715,10,104,1),(25716,10,105,1),(25717,10,106,1),(25718,10,109,1),(25719,10,112,1),(25720,10,113,1),(25721,10,150,1),(25722,10,151,1),(25723,10,152,1),(25724,10,153,1),(25725,10,156,1),(25726,10,157,1),(25727,10,159,1),(25728,10,161,1),(25729,10,162,1),(25730,10,165,1),(25731,10,166,1),(25732,10,167,1),(25733,10,200,1),(25734,10,201,1),(25735,10,202,1),(25736,10,203,1),(25737,10,205,1),(25738,10,206,1),(25739,10,207,1),(25740,10,250,1),(25741,10,251,1),(25742,10,252,1),(25743,10,300,1),(25744,10,301,1),(25745,10,302,1),(25746,10,350,1),(25747,10,351,1),(25748,10,352,1),(25749,10,353,1),(25750,10,355,1),(25751,10,400,1),(25752,10,401,1),(25753,10,402,1),(25754,10,450,1),(25755,10,451,1),(25756,10,452,1),(25757,10,453,1),(25758,10,455,1),(25759,10,456,1),(25760,10,460,1),(25761,10,461,1),(25762,10,550,1),(25763,10,551,1),(25764,10,552,1),(25765,10,553,1),(25766,10,555,1),(25767,10,650,1),(25768,10,653,1),(25769,10,700,1),(25770,10,701,1),(25771,10,702,1),(25772,10,703,1),(25773,10,704,1),(25774,10,705,1),(25775,10,706,1),(25776,10,707,1),(25777,10,708,1),(25778,10,950,1),(25779,10,951,1),(25780,10,952,1),(25781,10,953,1),(25782,10,955,1),(25783,10,956,1),(25784,10,959,1),(25785,10,1050,1),(25786,10,1051,1),(25787,10,1052,1),(25788,10,1053,1),(25789,10,1056,1),(25790,10,1057,1),(25791,10,1058,1),(25792,10,1075,1),(25793,10,1076,1),(25794,10,1077,1),(25795,10,1080,1),(25796,10,1081,1),(25797,10,1925,1),(25798,10,1926,1),(25799,10,1927,1),(25800,10,1928,1),(25801,10,1930,1),(25802,10,1931,1),(25803,10,1933,1),(25804,10,1950,1),(25805,10,1951,1),(25806,10,1952,1),(25807,10,1953,1),(25808,10,1975,1),(25809,10,1976,1),(25810,10,1977,1),(25811,10,2015,1),(25812,10,2016,1),(25813,10,2050,1),(25814,10,2051,1),(25815,10,2052,1),(25816,10,2055,1),(25925,9,1,1),(25926,9,2,1),(25927,9,3,1),(25928,9,4,1),(25929,9,5,1),(25930,9,6,1),(25931,9,7,1),(25932,9,8,1),(25933,9,9,1),(25934,9,10,1),(25935,9,11,1),(25936,9,12,1),(25937,9,13,1),(25938,9,14,1),(25939,9,15,1),(25940,9,16,1),(25941,9,17,1),(25942,9,25,1),(25943,9,26,1),(25944,9,50,1),(25945,9,51,1),(25946,9,52,1),(25947,9,53,1),(25948,9,54,1),(25949,9,100,1),(25950,9,101,1),(25951,9,102,1),(25952,9,103,1),(25953,9,104,1),(25954,9,105,1),(25955,9,106,1),(25956,9,107,1),(25957,9,108,1),(25958,9,109,1),(25959,9,110,1),(25960,9,111,1),(25961,9,112,1),(25962,9,113,1),(25963,9,114,1),(25964,9,115,1),(25965,9,116,1),(25966,9,117,1),(25967,9,118,1),(25968,9,150,1),(25969,9,151,1),(25970,9,152,1),(25971,9,153,1),(25972,9,154,1),(25973,9,155,1),(25974,9,156,1),(25975,9,157,1),(25976,9,158,1),(25977,9,159,1),(25978,9,160,1),(25979,9,161,1),(25980,9,162,1),(25981,9,163,1),(25982,9,164,1),(25983,9,165,1),(25984,9,166,1),(25985,9,167,1),(25986,9,200,1),(25987,9,201,1),(25988,9,202,1),(25989,9,203,1),(25990,9,204,1),(25991,9,205,1),(25992,9,206,1),(25993,9,207,1),(25994,9,208,1),(25995,9,250,1),(25996,9,251,1),(25997,9,252,1),(25998,9,253,1),(25999,9,254,1),(26000,9,300,1),(26001,9,301,1),(26002,9,302,1),(26003,9,303,1),(26004,9,304,1),(26005,9,350,1),(26006,9,351,1),(26007,9,352,1),(26008,9,353,1),(26009,9,354,1),(26010,9,355,1),(26011,9,356,1),(26012,9,357,1),(26013,9,400,1),(26014,9,401,1),(26015,9,402,1),(26016,9,403,1),(26017,9,404,1),(26018,9,405,1),(26019,9,450,1),(26020,9,451,1),(26021,9,452,1),(26022,9,453,1),(26023,9,454,1),(26024,9,455,1),(26025,9,456,1),(26026,9,457,1),(26027,9,458,1),(26028,9,459,1),(26029,9,460,1),(26030,9,461,1),(26031,9,550,1),(26032,9,551,1),(26033,9,552,1),(26034,9,553,1),(26035,9,554,1),(26036,9,555,1),(26037,9,600,1),(26038,9,601,1),(26039,9,602,1),(26040,9,603,1),(26041,9,650,1),(26042,9,651,1),(26043,9,652,1),(26044,9,653,1),(26045,9,654,1),(26046,9,655,1),(26047,9,656,1),(26048,9,658,1),(26049,9,700,1),(26050,9,701,1),(26051,9,702,1),(26052,9,703,1),(26053,9,704,1),(26054,9,705,1),(26055,9,706,1),(26056,9,707,1),(26057,9,708,1),(26058,9,750,1),(26059,9,751,1),(26060,9,752,1),(26061,9,753,1),(26062,9,754,1),(26063,9,800,1),(26064,9,801,1),(26065,9,802,1),(26066,9,803,1),(26067,9,850,1),(26068,9,851,1),(26069,9,852,1),(26070,9,853,1),(26071,9,854,1),(26072,9,900,1),(26073,9,901,1),(26074,9,902,1),(26075,9,903,1),(26076,9,904,1),(26077,9,950,1),(26078,9,951,1),(26079,9,952,1),(26080,9,953,1),(26081,9,954,1),(26082,9,955,1),(26083,9,956,1),(26084,9,957,1),(26085,9,958,1),(26086,9,959,1),(26087,9,1000,1),(26088,9,1001,1),(26089,9,1002,1),(26090,9,1003,1),(26091,9,1004,1),(26092,9,1050,1),(26093,9,1051,1),(26094,9,1052,1),(26095,9,1053,1),(26096,9,1054,1),(26097,9,1055,1),(26098,9,1056,1),(26099,9,1057,1),(26100,9,1058,1),(26101,9,1059,1),(26102,9,1060,1),(26103,9,1075,1),(26104,9,1076,1),(26105,9,1077,1),(26106,9,1078,1),(26107,9,1079,1),(26108,9,1080,1),(26109,9,1081,1),(26110,9,1082,1),(26111,9,1083,1),(26112,9,1100,1),(26113,9,1101,1),(26114,9,1102,1),(26115,9,1103,1),(26116,9,1104,1),(26117,9,1150,1),(26118,9,1151,1),(26119,9,1152,1),(26120,9,1153,1),(26121,9,1154,1),(26122,9,1200,1),(26123,9,1201,1),(26124,9,1202,1),(26125,9,1203,1),(26126,9,1204,1),(26127,9,1230,1),(26128,9,1231,1),(26129,9,1232,1),(26130,9,1233,1),(26131,9,1234,1),(26132,9,1235,1),(26133,9,1250,1),(26134,9,1251,1),(26135,9,1252,1),(26136,9,1253,1),(26137,9,1300,1),(26138,9,1301,1),(26139,9,1302,1),(26140,9,1303,1),(26141,9,1304,1),(26142,9,1305,1),(26143,9,1350,1),(26144,9,1351,1),(26145,9,1352,1),(26146,9,1353,1),(26147,9,1354,1),(26148,9,1355,1),(26149,9,1400,1),(26150,9,1401,1),(26151,9,1402,1),(26152,9,1403,1),(26153,9,1404,1),(26154,9,1405,1),(26155,9,1406,1),(26156,9,1407,1),(26157,9,1408,1),(26158,9,1409,1),(26159,9,1450,1),(26160,9,1451,1),(26161,9,1452,1),(26162,9,1453,1),(26163,9,1454,1),(26164,9,1455,1),(26165,9,1456,1),(26166,9,1457,1),(26167,9,1500,1),(26168,9,1501,1),(26169,9,1502,1),(26170,9,1503,1),(26171,9,1504,1),(26172,9,1550,1),(26173,9,1551,1),(26174,9,1552,1),(26175,9,1553,1),(26176,9,1554,1),(26177,9,1600,1),(26178,9,1601,1),(26179,9,1602,1),(26180,9,1603,1),(26181,9,1604,1),(26182,9,1605,1),(26183,9,1650,1),(26184,9,1651,1),(26185,9,1652,1),(26186,9,1675,1),(26187,9,1676,1),(26188,9,1677,1),(26189,9,1678,1),(26190,9,1725,1),(26191,9,1726,1),(26192,9,1727,1),(26193,9,1728,1),(26194,9,1729,1),(26195,9,1730,1),(26196,9,1731,1),(26197,9,1732,1),(26198,9,1750,1),(26199,9,1751,1),(26200,9,1752,1),(26201,9,1753,1),(26202,9,1754,1),(26203,9,1775,1),(26204,9,1776,1),(26205,9,1777,1),(26206,9,1778,1),(26207,9,1779,1),(26208,9,1780,1),(26209,9,1781,1),(26210,9,1800,1),(26211,9,1801,1),(26212,9,1802,1),(26213,9,1803,1),(26214,9,1804,1),(26215,9,1805,1),(26216,9,1806,1),(26217,9,1807,1),(26218,9,1808,1),(26219,9,1809,1),(26220,9,1810,1),(26221,9,1811,1),(26222,9,1812,1),(26223,9,1813,1),(26224,9,1814,1),(26225,9,1815,1),(26226,9,1816,1),(26227,9,1817,1),(26228,9,1818,1),(26229,9,1819,1),(26230,9,1820,1),(26231,9,1821,1),(26232,9,1822,1),(26233,9,1823,1),(26234,9,1824,1),(26235,9,1825,1),(26236,9,1826,1),(26237,9,1827,1),(26238,9,1828,1),(26239,9,1829,1),(26240,9,1830,1),(26241,9,1831,1),(26242,9,1832,1),(26243,9,1833,1),(26244,9,1834,1),(26245,9,1835,1),(26246,9,1836,1),(26247,9,1837,1),(26248,9,1838,1),(26249,9,1850,1),(26250,9,1851,1),(26251,9,1852,1),(26252,9,1853,1),(26253,9,1875,1),(26254,9,1876,1),(26255,9,1877,1),(26256,9,1900,1),(26257,9,1901,1),(26258,9,1902,1),(26259,9,1903,1),(26260,9,1904,1),(26261,9,1905,1),(26262,9,1925,1),(26263,9,1926,1),(26264,9,1927,1),(26265,9,1928,1),(26266,9,1929,1),(26267,9,1930,1),(26268,9,1931,1),(26269,9,1932,1),(26270,9,1933,1),(26271,9,1934,1),(26272,9,1950,1),(26273,9,1951,1),(26274,9,1952,1),(26275,9,1953,1),(26276,9,1954,1),(26277,9,1975,1),(26278,9,1976,1),(26279,9,1977,1),(26280,9,1978,1),(26281,9,1979,1),(26282,9,2000,1),(26283,9,2001,1),(26284,9,2015,1),(26285,9,2016,1),(26286,9,2017,1),(26287,9,2018,1),(26288,9,2019,1),(26289,9,2020,1),(26290,9,2021,1),(26291,9,2030,1),(26292,9,2031,1),(26293,9,2032,1),(26294,9,2050,1),(26295,9,2051,1),(26296,9,2052,1),(26297,9,2053,1),(26298,9,2054,1),(26299,9,2055,1),(26300,9,2070,1),(26301,9,2071,1),(26302,9,2072,1),(26303,9,2073,1),(26304,9,2074,1),(26305,9,2075,1),(26306,9,2076,1),(26307,9,2077,1),(26308,9,2078,1),(26309,9,2079,1),(26310,9,2080,1),(26311,9,2081,1),(26312,9,2090,1),(26313,9,2091,1),(26314,9,2092,1),(26315,9,2093,1),(26316,9,3000,1),(26317,9,3001,1),(26318,9,3010,1),(26319,9,3011,1),(26320,9,3012,1),(26321,9,3013,1),(26322,9,3020,1),(26323,9,3021,1),(26324,9,3022,1),(26325,9,3023,1),(26326,9,3024,1),(26327,9,3025,1),(26328,9,3030,1),(26329,9,3031,1),(26330,9,3032,1),(26331,9,3033,1),(26332,9,3034,1),(26333,9,3035,1),(26334,9,3040,1),(26335,9,3041,1),(26336,9,3042,1),(26337,9,3043,1),(26338,9,3044,1),(26339,9,3045,1),(26340,9,3046,1),(26341,9,3050,1),(26342,9,3051,1),(26343,9,3052,1),(26344,9,3053,1),(26345,9,3054,1),(26346,9,3055,1),(26347,9,3056,1),(26348,9,3060,1),(26349,9,3061,1),(26350,9,3062,1),(26351,9,3063,1),(26352,9,3064,1),(26353,9,3070,1),(26354,9,3071,1),(26355,9,3072,1),(26356,9,3080,1),(26357,9,3081,1),(26358,9,3082,1),(26359,9,3083,1),(26360,9,3084,1),(26361,9,3090,1),(26362,9,3091,1),(26363,9,3092,1),(26364,9,3093,1),(26365,9,3100,1),(26366,9,3101,1),(26367,9,3102,1),(26368,9,3103,1),(26369,9,3104,1),(26370,9,3110,1),(26371,9,3111,1),(26372,9,3120,1),(26373,9,3121,1),(26374,9,3122,1),(26375,9,3123,1),(26376,9,3130,1),(26377,9,3131,1);
/*!40000 ALTER TABLE `permissions` ENABLE KEYS */;
UNLOCK TABLES;

--
-- Table structure for table `prerequisites`
--

DROP TABLE IF EXISTS `prerequisites`;
/*!40101 SET @saved_cs_client     = @@character_set_client */;
/*!50503 SET character_set_client = utf8mb4 */;
CREATE TABLE `prerequisites` (
  `id` int unsigned NOT NULL AUTO_INCREMENT,
  `webinar_id` int unsigned NOT NULL,
  `prerequisite_id` int unsigned NOT NULL,
  `required` tinyint(1) NOT NULL DEFAULT '0',
  `order` int unsigned DEFAULT NULL,
  `created_at` int NOT NULL,
  `updated_at` int DEFAULT NULL,
  PRIMARY KEY (`id`) USING BTREE,
  KEY `prerequisites_webinar_id_foreign` (`webinar_id`) USING BTREE,
  KEY `prerequisite_id` (`prerequisite_id`),
  CONSTRAINT `prerequisite_id` FOREIGN KEY (`prerequisite_id`) REFERENCES `webinars` (`id`) ON DELETE CASCADE,
  CONSTRAINT `prerequisites_webinar_id_foreign` FOREIGN KEY (`webinar_id`) REFERENCES `webinars` (`id`) ON DELETE CASCADE
) ENGINE=InnoDB AUTO_INCREMENT=32 DEFAULT CHARSET=utf8mb4 COLLATE=utf8mb4_unicode_ci ROW_FORMAT=DYNAMIC;
/*!40101 SET character_set_client = @saved_cs_client */;

--
-- Dumping data for table `prerequisites`
--

LOCK TABLES `prerequisites` WRITE;
/*!40000 ALTER TABLE `prerequisites` DISABLE KEYS */;
/*!40000 ALTER TABLE `prerequisites` ENABLE KEYS */;
UNLOCK TABLES;

--
-- Table structure for table `product_badge_contents`
--

DROP TABLE IF EXISTS `product_badge_contents`;
/*!40101 SET @saved_cs_client     = @@character_set_client */;
/*!50503 SET character_set_client = utf8mb4 */;
CREATE TABLE `product_badge_contents` (
  `id` int unsigned NOT NULL AUTO_INCREMENT,
  `product_badge_id` int unsigned NOT NULL,
  `targetable_id` int unsigned NOT NULL,
  `targetable_type` varchar(255) CHARACTER SET utf8mb4 COLLATE utf8mb4_general_ci NOT NULL,
  PRIMARY KEY (`id`),
  KEY `product_badge_contents_product_badge_id_foreign` (`product_badge_id`),
  CONSTRAINT `product_badge_contents_product_badge_id_foreign` FOREIGN KEY (`product_badge_id`) REFERENCES `product_badges` (`id`) ON DELETE CASCADE
) ENGINE=InnoDB AUTO_INCREMENT=4 DEFAULT CHARSET=utf8mb4 COLLATE=utf8mb4_general_ci;
/*!40101 SET character_set_client = @saved_cs_client */;

--
-- Dumping data for table `product_badge_contents`
--

LOCK TABLES `product_badge_contents` WRITE;
/*!40000 ALTER TABLE `product_badge_contents` DISABLE KEYS */;
INSERT INTO `product_badge_contents` VALUES (2,1,1,'App\\Models\\Bundle'),(3,1,2009,'App\\Models\\Webinar');
/*!40000 ALTER TABLE `product_badge_contents` ENABLE KEYS */;
UNLOCK TABLES;

--
-- Table structure for table `product_badge_translations`
--

DROP TABLE IF EXISTS `product_badge_translations`;
/*!40101 SET @saved_cs_client     = @@character_set_client */;
/*!50503 SET character_set_client = utf8mb4 */;
CREATE TABLE `product_badge_translations` (
  `id` int unsigned NOT NULL AUTO_INCREMENT,
  `product_badge_id` int unsigned NOT NULL,
  `locale` varchar(191) CHARACTER SET utf8mb4 COLLATE utf8mb4_general_ci NOT NULL,
  `title` varchar(255) CHARACTER SET utf8mb4 COLLATE utf8mb4_general_ci NOT NULL,
  PRIMARY KEY (`id`),
  KEY `product_badge_translations_product_badge_id_foreign` (`product_badge_id`),
  KEY `product_badge_translations_locale_index` (`locale`),
  CONSTRAINT `product_badge_translations_product_badge_id_foreign` FOREIGN KEY (`product_badge_id`) REFERENCES `product_badges` (`id`) ON DELETE CASCADE
) ENGINE=InnoDB AUTO_INCREMENT=4 DEFAULT CHARSET=utf8mb4 COLLATE=utf8mb4_general_ci;
/*!40101 SET character_set_client = @saved_cs_client */;

--
-- Dumping data for table `product_badge_translations`
--

LOCK TABLES `product_badge_translations` WRITE;
/*!40000 ALTER TABLE `product_badge_translations` DISABLE KEYS */;
INSERT INTO `product_badge_translations` VALUES (1,1,'en','Bestseller'),(2,1,'ar',''),(3,1,'es','Nueva');
/*!40000 ALTER TABLE `product_badge_translations` ENABLE KEYS */;
UNLOCK TABLES;

--
-- Table structure for table `product_badges`
--

DROP TABLE IF EXISTS `product_badges`;
/*!40101 SET @saved_cs_client     = @@character_set_client */;
/*!50503 SET character_set_client = utf8mb4 */;
CREATE TABLE `product_badges` (
  `id` int unsigned NOT NULL AUTO_INCREMENT,
  `icon` varchar(255) CHARACTER SET utf8mb4 COLLATE utf8mb4_unicode_ci DEFAULT NULL,
  `color` varchar(255) CHARACTER SET utf8mb4 COLLATE utf8mb4_general_ci NOT NULL,
  `background` varchar(255) CHARACTER SET utf8mb4 COLLATE utf8mb4_general_ci NOT NULL,
  `start_at` bigint unsigned DEFAULT NULL,
  `end_at` bigint unsigned DEFAULT NULL,
  `enable` tinyint(1) NOT NULL DEFAULT '0',
  `created_at` bigint unsigned NOT NULL,
  PRIMARY KEY (`id`)
) ENGINE=InnoDB AUTO_INCREMENT=2 DEFAULT CHARSET=utf8mb4 COLLATE=utf8mb4_general_ci;
/*!40101 SET character_set_client = @saved_cs_client */;

--
-- Dumping data for table `product_badges`
--

LOCK TABLES `product_badges` WRITE;
/*!40000 ALTER TABLE `product_badges` DISABLE KEYS */;
INSERT INTO `product_badges` VALUES (1,NULL,'#ffffff','rgb(28, 28, 28)',1709316000,1806451200,1,1709533982);
/*!40000 ALTER TABLE `product_badges` ENABLE KEYS */;
UNLOCK TABLES;

--
-- Table structure for table `product_categories`
--

DROP TABLE IF EXISTS `product_categories`;
/*!40101 SET @saved_cs_client     = @@character_set_client */;
/*!50503 SET character_set_client = utf8mb4 */;
CREATE TABLE `product_categories` (
  `id` int unsigned NOT NULL AUTO_INCREMENT,
  `parent_id` int DEFAULT NULL,
  `icon` varchar(255) CHARACTER SET utf8mb4 COLLATE utf8mb4_unicode_ci DEFAULT NULL,
  `order` int unsigned DEFAULT NULL,
  PRIMARY KEY (`id`)
) ENGINE=InnoDB AUTO_INCREMENT=17 DEFAULT CHARSET=utf8mb4 COLLATE=utf8mb4_unicode_ci;
/*!40101 SET character_set_client = @saved_cs_client */;

--
-- Dumping data for table `product_categories`
--

LOCK TABLES `product_categories` WRITE;
/*!40000 ALTER TABLE `product_categories` DISABLE KEYS */;
INSERT INTO `product_categories` VALUES (1,NULL,'/store/1/default_images/categories_icons/feather.png',NULL),(2,NULL,'/store/1/default_images/categories_icons/pie-chart.png',NULL),(3,NULL,'/store/1/default_images/categories_icons/umbrella.png',NULL);
/*!40000 ALTER TABLE `product_categories` ENABLE KEYS */;
UNLOCK TABLES;

--
-- Table structure for table `product_category_translations`
--

DROP TABLE IF EXISTS `product_category_translations`;
/*!40101 SET @saved_cs_client     = @@character_set_client */;
/*!50503 SET character_set_client = utf8mb4 */;
CREATE TABLE `product_category_translations` (
  `id` bigint unsigned NOT NULL AUTO_INCREMENT,
  `product_category_id` int unsigned NOT NULL,
  `locale` varchar(255) CHARACTER SET utf8mb4 COLLATE utf8mb4_unicode_ci NOT NULL,
  `title` varchar(255) CHARACTER SET utf8mb4 COLLATE utf8mb4_unicode_ci NOT NULL,
  PRIMARY KEY (`id`),
  KEY `product_category_id` (`product_category_id`),
  KEY `product_category_translations_locale_index` (`locale`),
  CONSTRAINT `product_category_id` FOREIGN KEY (`product_category_id`) REFERENCES `product_categories` (`id`) ON DELETE CASCADE
) ENGINE=InnoDB AUTO_INCREMENT=23 DEFAULT CHARSET=utf8mb4 COLLATE=utf8mb4_unicode_ci;
/*!40101 SET character_set_client = @saved_cs_client */;

--
-- Dumping data for table `product_category_translations`
--

LOCK TABLES `product_category_translations` WRITE;
/*!40000 ALTER TABLE `product_category_translations` DISABLE KEYS */;
INSERT INTO `product_category_translations` VALUES (1,1,'en','Design Tools'),(2,2,'en','Science Tools'),(3,3,'en','e-book');
/*!40000 ALTER TABLE `product_category_translations` ENABLE KEYS */;
UNLOCK TABLES;

--
-- Table structure for table `product_discounts`
--

DROP TABLE IF EXISTS `product_discounts`;
/*!40101 SET @saved_cs_client     = @@character_set_client */;
/*!50503 SET character_set_client = utf8mb4 */;
CREATE TABLE `product_discounts` (
  `id` int unsigned NOT NULL AUTO_INCREMENT,
  `creator_id` int unsigned NOT NULL,
  `product_id` int unsigned NOT NULL,
  `name` varchar(255) CHARACTER SET utf8mb4 COLLATE utf8mb4_unicode_ci DEFAULT NULL,
  `percent` int unsigned NOT NULL,
  `count` int unsigned DEFAULT NULL,
  `status` enum('active','inactive') CHARACTER SET utf8mb4 COLLATE utf8mb4_unicode_ci NOT NULL,
  `start_date` int unsigned NOT NULL,
  `end_date` int unsigned NOT NULL,
  `created_at` int unsigned NOT NULL,
  PRIMARY KEY (`id`),
  KEY `product_discounts_creator_id_foreign` (`creator_id`),
  KEY `product_discounts_product_id_foreign` (`product_id`),
  CONSTRAINT `product_discounts_creator_id_foreign` FOREIGN KEY (`creator_id`) REFERENCES `users` (`id`) ON DELETE CASCADE,
  CONSTRAINT `product_discounts_product_id_foreign` FOREIGN KEY (`product_id`) REFERENCES `products` (`id`) ON DELETE CASCADE
) ENGINE=InnoDB AUTO_INCREMENT=3 DEFAULT CHARSET=utf8mb4 COLLATE=utf8mb4_unicode_ci;
/*!40101 SET character_set_client = @saved_cs_client */;

--
-- Dumping data for table `product_discounts`
--

LOCK TABLES `product_discounts` WRITE;
/*!40000 ALTER TABLE `product_discounts` DISABLE KEYS */;
INSERT INTO `product_discounts` VALUES (1,1,1,'Special Offer',20,5,'active',1656043200,1702659600,1656131175);
/*!40000 ALTER TABLE `product_discounts` ENABLE KEYS */;
UNLOCK TABLES;

--
-- Table structure for table `product_faq_translations`
--

DROP TABLE IF EXISTS `product_faq_translations`;
/*!40101 SET @saved_cs_client     = @@character_set_client */;
/*!50503 SET character_set_client = utf8mb4 */;
CREATE TABLE `product_faq_translations` (
  `id` bigint unsigned NOT NULL AUTO_INCREMENT,
  `product_faq_id` int unsigned NOT NULL,
  `locale` varchar(255) CHARACTER SET utf8mb4 COLLATE utf8mb4_unicode_ci NOT NULL,
  `title` varchar(255) CHARACTER SET utf8mb4 COLLATE utf8mb4_unicode_ci NOT NULL,
  `answer` text CHARACTER SET utf8mb4 COLLATE utf8mb4_unicode_ci NOT NULL,
  PRIMARY KEY (`id`),
  KEY `product_faq_id` (`product_faq_id`),
  KEY `product_faq_translations_locale_index` (`locale`),
  CONSTRAINT `product_faq_id` FOREIGN KEY (`product_faq_id`) REFERENCES `product_faqs` (`id`) ON DELETE CASCADE
) ENGINE=InnoDB AUTO_INCREMENT=7 DEFAULT CHARSET=utf8mb4 COLLATE=utf8mb4_unicode_ci;
/*!40101 SET character_set_client = @saved_cs_client */;

--
-- Dumping data for table `product_faq_translations`
--

LOCK TABLES `product_faq_translations` WRITE;
/*!40000 ALTER TABLE `product_faq_translations` DISABLE KEYS */;
/*!40000 ALTER TABLE `product_faq_translations` ENABLE KEYS */;
UNLOCK TABLES;

--
-- Table structure for table `product_faqs`
--

DROP TABLE IF EXISTS `product_faqs`;
/*!40101 SET @saved_cs_client     = @@character_set_client */;
/*!50503 SET character_set_client = utf8mb4 */;
CREATE TABLE `product_faqs` (
  `id` int unsigned NOT NULL AUTO_INCREMENT,
  `creator_id` int unsigned NOT NULL,
  `product_id` int unsigned NOT NULL,
  `order` int unsigned DEFAULT NULL,
  `created_at` int unsigned NOT NULL,
  PRIMARY KEY (`id`),
  KEY `product_faqs_product_id_foreign` (`product_id`),
  KEY `product_faqs_creator_id_foreign` (`creator_id`),
  CONSTRAINT `product_faqs_creator_id_foreign` FOREIGN KEY (`creator_id`) REFERENCES `users` (`id`) ON DELETE CASCADE,
  CONSTRAINT `product_faqs_product_id_foreign` FOREIGN KEY (`product_id`) REFERENCES `products` (`id`) ON DELETE CASCADE
) ENGINE=InnoDB AUTO_INCREMENT=6 DEFAULT CHARSET=utf8mb4 COLLATE=utf8mb4_unicode_ci;
/*!40101 SET character_set_client = @saved_cs_client */;

--
-- Dumping data for table `product_faqs`
--

LOCK TABLES `product_faqs` WRITE;
/*!40000 ALTER TABLE `product_faqs` DISABLE KEYS */;
/*!40000 ALTER TABLE `product_faqs` ENABLE KEYS */;
UNLOCK TABLES;

--
-- Table structure for table `product_file_translations`
--

DROP TABLE IF EXISTS `product_file_translations`;
/*!40101 SET @saved_cs_client     = @@character_set_client */;
/*!50503 SET character_set_client = utf8mb4 */;
CREATE TABLE `product_file_translations` (
  `id` bigint unsigned NOT NULL AUTO_INCREMENT,
  `product_file_id` int unsigned NOT NULL,
  `locale` varchar(255) CHARACTER SET utf8mb4 COLLATE utf8mb4_unicode_ci NOT NULL,
  `title` varchar(255) CHARACTER SET utf8mb4 COLLATE utf8mb4_unicode_ci NOT NULL,
  `description` text CHARACTER SET utf8mb4 COLLATE utf8mb4_unicode_ci NOT NULL,
  PRIMARY KEY (`id`),
  KEY `product_file_id` (`product_file_id`),
  KEY `product_file_translations_locale_index` (`locale`),
  CONSTRAINT `product_file_id` FOREIGN KEY (`product_file_id`) REFERENCES `product_files` (`id`) ON DELETE CASCADE
) ENGINE=InnoDB AUTO_INCREMENT=9 DEFAULT CHARSET=utf8mb4 COLLATE=utf8mb4_unicode_ci;
/*!40101 SET character_set_client = @saved_cs_client */;

--
-- Dumping data for table `product_file_translations`
--

LOCK TABLES `product_file_translations` WRITE;
/*!40000 ALTER TABLE `product_file_translations` DISABLE KEYS */;
INSERT INTO `product_file_translations` VALUES (3,3,'en','Setup file','Business software is any software or set of computer programs used by business users to perform various business functions. These business applications are used to increase productivity, measure productivity, and perform other business functions accurately.'),(4,4,'en','Documentation','Documentation for business software.'),(5,5,'en','Where the Crawdads Sing e-book','Where the Crawdads Sing is at once an exquisite ode to the natural world, a heartbreaking coming-of-age story, and a surprising tale of possible murder. Owens reminds us that we are forever shaped by the children we once were, and that we are all subject to the beautiful and violent secrets that nature keeps.');
/*!40000 ALTER TABLE `product_file_translations` ENABLE KEYS */;
UNLOCK TABLES;

--
-- Table structure for table `product_files`
--

DROP TABLE IF EXISTS `product_files`;
/*!40101 SET @saved_cs_client     = @@character_set_client */;
/*!50503 SET character_set_client = utf8mb4 */;
CREATE TABLE `product_files` (
  `id` int unsigned NOT NULL AUTO_INCREMENT,
  `creator_id` int unsigned NOT NULL,
  `product_id` int unsigned NOT NULL,
  `path` varchar(255) CHARACTER SET utf8mb4 COLLATE utf8mb4_unicode_ci NOT NULL,
  `file_type` varchar(255) CHARACTER SET utf8mb4 COLLATE utf8mb4_unicode_ci DEFAULT NULL,
  `volume` varchar(255) CHARACTER SET utf8mb4 COLLATE utf8mb4_unicode_ci DEFAULT NULL,
  `online_viewer` tinyint(1) NOT NULL DEFAULT '0',
  `order` int unsigned DEFAULT NULL,
  `status` enum('active','inactive') CHARACTER SET utf8mb4 COLLATE utf8mb4_unicode_ci NOT NULL DEFAULT 'active',
  `created_at` int unsigned NOT NULL,
  PRIMARY KEY (`id`),
  KEY `file_product_id` (`product_id`),
  KEY `file_creator_id` (`creator_id`),
  CONSTRAINT `file_creator_id` FOREIGN KEY (`creator_id`) REFERENCES `users` (`id`) ON DELETE CASCADE,
  CONSTRAINT `file_product_id` FOREIGN KEY (`product_id`) REFERENCES `products` (`id`) ON DELETE CASCADE
) ENGINE=InnoDB AUTO_INCREMENT=8 DEFAULT CHARSET=utf8mb4 COLLATE=utf8mb4_unicode_ci;
/*!40101 SET character_set_client = @saved_cs_client */;

--
-- Dumping data for table `product_files`
--

LOCK TABLES `product_files` WRITE;
/*!40000 ALTER TABLE `product_files` DISABLE KEYS */;
INSERT INTO `product_files` VALUES (3,1015,5,'/store/1015/business_software.zip','archive','5',0,NULL,'active',1655672771),(4,1015,5,'/store/1015/Documentation.pdf','pdf','2',0,NULL,'active',1655672886),(5,1,6,'/store/1/Where-the-Crawdads-Sing.pdf','pdf','3',1,NULL,'active',1656322274);
/*!40000 ALTER TABLE `product_files` ENABLE KEYS */;
UNLOCK TABLES;

--
-- Table structure for table `product_filter_option_translations`
--

DROP TABLE IF EXISTS `product_filter_option_translations`;
/*!40101 SET @saved_cs_client     = @@character_set_client */;
/*!50503 SET character_set_client = utf8mb4 */;
CREATE TABLE `product_filter_option_translations` (
  `id` bigint unsigned NOT NULL AUTO_INCREMENT,
  `product_filter_option_id` int unsigned NOT NULL,
  `locale` varchar(255) CHARACTER SET utf8mb4 COLLATE utf8mb4_unicode_ci NOT NULL,
  `title` varchar(255) CHARACTER SET utf8mb4 COLLATE utf8mb4_unicode_ci NOT NULL,
  PRIMARY KEY (`id`),
  KEY `product_filter_option_id` (`product_filter_option_id`),
  KEY `product_filter_option_translations_locale_index` (`locale`),
  CONSTRAINT `product_filter_option_id` FOREIGN KEY (`product_filter_option_id`) REFERENCES `product_filter_options` (`id`) ON DELETE CASCADE
) ENGINE=InnoDB AUTO_INCREMENT=11 DEFAULT CHARSET=utf8mb4 COLLATE=utf8mb4_unicode_ci;
/*!40101 SET character_set_client = @saved_cs_client */;

--
-- Dumping data for table `product_filter_option_translations`
--

LOCK TABLES `product_filter_option_translations` WRITE;
/*!40000 ALTER TABLE `product_filter_option_translations` DISABLE KEYS */;
INSERT INTO `product_filter_option_translations` VALUES (1,1,'en','Brushes'),(2,2,'en','Novel'),(3,3,'en','Laguage learning'),(4,4,'en','Scientific');
/*!40000 ALTER TABLE `product_filter_option_translations` ENABLE KEYS */;
UNLOCK TABLES;

--
-- Table structure for table `product_filter_options`
--

DROP TABLE IF EXISTS `product_filter_options`;
/*!40101 SET @saved_cs_client     = @@character_set_client */;
/*!50503 SET character_set_client = utf8mb4 */;
CREATE TABLE `product_filter_options` (
  `id` int unsigned NOT NULL AUTO_INCREMENT,
  `filter_id` int unsigned NOT NULL,
  `order` int unsigned DEFAULT NULL,
  PRIMARY KEY (`id`),
  KEY `product_filter_options_filter_id_foreign` (`filter_id`),
  CONSTRAINT `product_filter_options_filter_id_foreign` FOREIGN KEY (`filter_id`) REFERENCES `product_filters` (`id`) ON DELETE CASCADE
) ENGINE=InnoDB AUTO_INCREMENT=11 DEFAULT CHARSET=utf8mb4 COLLATE=utf8mb4_unicode_ci;
/*!40101 SET character_set_client = @saved_cs_client */;

--
-- Dumping data for table `product_filter_options`
--

LOCK TABLES `product_filter_options` WRITE;
/*!40000 ALTER TABLE `product_filter_options` DISABLE KEYS */;
INSERT INTO `product_filter_options` VALUES (1,1,1),(2,2,1),(3,2,2),(4,2,3);
/*!40000 ALTER TABLE `product_filter_options` ENABLE KEYS */;
UNLOCK TABLES;

--
-- Table structure for table `product_filter_translations`
--

DROP TABLE IF EXISTS `product_filter_translations`;
/*!40101 SET @saved_cs_client     = @@character_set_client */;
/*!50503 SET character_set_client = utf8mb4 */;
CREATE TABLE `product_filter_translations` (
  `id` bigint unsigned NOT NULL AUTO_INCREMENT,
  `product_filter_id` int unsigned NOT NULL,
  `locale` varchar(255) CHARACTER SET utf8mb4 COLLATE utf8mb4_unicode_ci NOT NULL,
  `title` varchar(255) CHARACTER SET utf8mb4 COLLATE utf8mb4_unicode_ci NOT NULL,
  PRIMARY KEY (`id`),
  KEY `product_filter_id` (`product_filter_id`),
  KEY `product_filter_translations_locale_index` (`locale`),
  CONSTRAINT `product_filter_id` FOREIGN KEY (`product_filter_id`) REFERENCES `product_filters` (`id`) ON DELETE CASCADE
) ENGINE=InnoDB AUTO_INCREMENT=4 DEFAULT CHARSET=utf8mb4 COLLATE=utf8mb4_unicode_ci;
/*!40101 SET character_set_client = @saved_cs_client */;

--
-- Dumping data for table `product_filter_translations`
--

LOCK TABLES `product_filter_translations` WRITE;
/*!40000 ALTER TABLE `product_filter_translations` DISABLE KEYS */;
INSERT INTO `product_filter_translations` VALUES (1,1,'en','Paint Tools'),(2,2,'en','Type');
/*!40000 ALTER TABLE `product_filter_translations` ENABLE KEYS */;
UNLOCK TABLES;

--
-- Table structure for table `product_filters`
--

DROP TABLE IF EXISTS `product_filters`;
/*!40101 SET @saved_cs_client     = @@character_set_client */;
/*!50503 SET character_set_client = utf8mb4 */;
CREATE TABLE `product_filters` (
  `id` int unsigned NOT NULL AUTO_INCREMENT,
  `category_id` int unsigned NOT NULL,
  PRIMARY KEY (`id`),
  KEY `product_filters_category_id_foreign` (`category_id`),
  CONSTRAINT `product_filters_category_id_foreign` FOREIGN KEY (`category_id`) REFERENCES `product_categories` (`id`) ON DELETE CASCADE
) ENGINE=InnoDB AUTO_INCREMENT=4 DEFAULT CHARSET=utf8mb4 COLLATE=utf8mb4_unicode_ci;
/*!40101 SET character_set_client = @saved_cs_client */;

--
-- Dumping data for table `product_filters`
--

LOCK TABLES `product_filters` WRITE;
/*!40000 ALTER TABLE `product_filters` DISABLE KEYS */;
INSERT INTO `product_filters` VALUES (1,1),(2,3);
/*!40000 ALTER TABLE `product_filters` ENABLE KEYS */;
UNLOCK TABLES;

--
-- Table structure for table `product_media`
--

DROP TABLE IF EXISTS `product_media`;
/*!40101 SET @saved_cs_client     = @@character_set_client */;
/*!50503 SET character_set_client = utf8mb4 */;
CREATE TABLE `product_media` (
  `id` int unsigned NOT NULL AUTO_INCREMENT,
  `creator_id` int unsigned NOT NULL,
  `product_id` int unsigned NOT NULL,
  `type` enum('thumbnail','image','video') CHARACTER SET utf8mb4 COLLATE utf8mb4_unicode_ci NOT NULL,
  `path` varchar(255) CHARACTER SET utf8mb4 COLLATE utf8mb4_unicode_ci NOT NULL,
  `order` int unsigned DEFAULT NULL,
  `created_at` int unsigned NOT NULL,
  PRIMARY KEY (`id`),
  KEY `media_product_id` (`product_id`),
  KEY `media_creator_id` (`creator_id`),
  CONSTRAINT `media_creator_id` FOREIGN KEY (`creator_id`) REFERENCES `users` (`id`) ON DELETE CASCADE,
  CONSTRAINT `media_product_id` FOREIGN KEY (`product_id`) REFERENCES `products` (`id`) ON DELETE CASCADE
) ENGINE=InnoDB AUTO_INCREMENT=80 DEFAULT CHARSET=utf8mb4 COLLATE=utf8mb4_unicode_ci;
/*!40101 SET character_set_client = @saved_cs_client */;

--
-- Dumping data for table `product_media`
--

LOCK TABLES `product_media` WRITE;
/*!40000 ALTER TABLE `product_media` DISABLE KEYS */;
INSERT INTO `product_media` VALUES (1,1015,1,'thumbnail','/store/1015/store product/paint_brushes.jpg',NULL,1656136002),(4,1015,1,'video','/store/1015/store product/paint_brushes_video.mp4',NULL,1656136002),(7,934,2,'thumbnail','/store/934/store_product/microscope_4.jpg',NULL,1656135835),(20,934,2,'video','/store/934/store_product/microscope_video.mp4',NULL,1656135835),(34,1015,5,'thumbnail','/store/1015/store product/business_software_1.jpg',NULL,1656130921),(39,1015,5,'image','/store/1015/store product/business_software_2.jpg',NULL,1656130921),(40,1015,5,'image','/store/1015/store product/business_software.jpg',NULL,1656130921),(62,934,2,'image','/store/934/store_product/microscope_1.jpg',NULL,1656135835),(63,934,2,'image','/store/934/store_product/microscope_2.jpg',NULL,1656135835),(64,934,2,'image','/store/934/store_product/microscope.jpg',NULL,1656135835),(74,1015,1,'image','/store/1015/store product/paint_brushes_1.jpg',NULL,1656136002),(75,1015,1,'image','/store/1015/store product/paint_brushes_2.jpg',NULL,1656136002),(76,1015,1,'image','/store/1015/store product/paint_brushes_3.jpg',NULL,1656136002),(77,1,6,'thumbnail','/store/1/default_images/Where the Crawdads Sing e-book.jpg',NULL,1656322425),(78,1,6,'image','/store/1/default_images/Where the Crawdads Sing e-book_1.jpg',NULL,1656322425),(79,1,6,'image','/store/1/default_images/Where the Crawdads Sing e-book_2.jpg',NULL,1656322425);
/*!40000 ALTER TABLE `product_media` ENABLE KEYS */;
UNLOCK TABLES;

--
-- Table structure for table `product_orders`
--

DROP TABLE IF EXISTS `product_orders`;
/*!40101 SET @saved_cs_client     = @@character_set_client */;
/*!50503 SET character_set_client = utf8mb4 */;
CREATE TABLE `product_orders` (
  `id` int unsigned NOT NULL AUTO_INCREMENT,
  `product_id` int unsigned NOT NULL,
  `seller_id` int unsigned NOT NULL,
  `buyer_id` int unsigned DEFAULT NULL,
  `sale_id` int unsigned DEFAULT NULL,
  `installment_order_id` int unsigned DEFAULT NULL,
  `gift_id` int unsigned DEFAULT NULL,
  `specifications` text CHARACTER SET utf8mb4 COLLATE utf8mb4_unicode_ci,
  `quantity` int unsigned NOT NULL,
  `discount_id` int unsigned DEFAULT NULL,
  `message_to_seller` text CHARACTER SET utf8mb4 COLLATE utf8mb4_unicode_ci,
  `tracking_code` varchar(255) CHARACTER SET utf8mb4 COLLATE utf8mb4_unicode_ci DEFAULT NULL,
  `status` enum('pending','waiting_delivery','shipped','success','canceled') CHARACTER SET utf8mb4 COLLATE utf8mb4_unicode_ci NOT NULL,
  `created_at` bigint unsigned NOT NULL,
  PRIMARY KEY (`id`),
  KEY `product_orders_installment_order_id_foreign` (`installment_order_id`),
  KEY `product_orders_gift_id_foreign` (`gift_id`),
  CONSTRAINT `product_orders_gift_id_foreign` FOREIGN KEY (`gift_id`) REFERENCES `gifts` (`id`) ON DELETE CASCADE,
  CONSTRAINT `product_orders_installment_order_id_foreign` FOREIGN KEY (`installment_order_id`) REFERENCES `installment_orders` (`id`) ON DELETE CASCADE
) ENGINE=InnoDB AUTO_INCREMENT=43 DEFAULT CHARSET=utf8mb4 COLLATE=utf8mb4_unicode_ci;
/*!40101 SET character_set_client = @saved_cs_client */;

--
-- Dumping data for table `product_orders`
--

LOCK TABLES `product_orders` WRITE;
/*!40000 ALTER TABLE `product_orders` DISABLE KEYS */;
INSERT INTO `product_orders` VALUES (1,4,1016,995,193,NULL,NULL,NULL,1,NULL,NULL,NULL,'success',1656103830),(2,1,1015,923,194,NULL,NULL,'{\"Size\":\"Small\"}',1,NULL,'Please deliver faster.\r\nRegards.',NULL,'waiting_delivery',1656104034),(3,2,934,930,196,NULL,NULL,NULL,1,NULL,NULL,NULL,'waiting_delivery',1656130623),(4,5,1015,996,197,NULL,NULL,NULL,1,NULL,NULL,NULL,'success',1656130950),(5,1,1015,1017,200,NULL,NULL,'{\"Size\":\"Medium\"}',1,1,NULL,'43956044000324128','success',1656148501),(6,1,1015,995,201,NULL,NULL,'{\"Size\":\"Small\"}',2,1,'Please deliver fast.\r\nRegards.','596324000328246','shipped',1656148667),(7,6,1,995,202,NULL,NULL,NULL,1,NULL,NULL,NULL,'success',1656322618),(42,2,934,1046,NULL,NULL,NULL,NULL,1,NULL,NULL,NULL,'pending',1709199800);
/*!40000 ALTER TABLE `product_orders` ENABLE KEYS */;
UNLOCK TABLES;

--
-- Table structure for table `product_reviews`
--

DROP TABLE IF EXISTS `product_reviews`;
/*!40101 SET @saved_cs_client     = @@character_set_client */;
/*!50503 SET character_set_client = utf8mb4 */;
CREATE TABLE `product_reviews` (
  `id` int unsigned NOT NULL AUTO_INCREMENT,
  `product_id` int unsigned NOT NULL,
  `creator_id` int unsigned NOT NULL,
  `product_quality` int unsigned NOT NULL,
  `purchase_worth` int unsigned NOT NULL,
  `delivery_quality` int unsigned NOT NULL,
  `seller_quality` int unsigned NOT NULL,
  `rates` char(10) CHARACTER SET utf8mb4 COLLATE utf8mb4_unicode_ci NOT NULL,
  `description` text CHARACTER SET utf8mb4 COLLATE utf8mb4_unicode_ci,
  `created_at` int unsigned NOT NULL,
  `status` enum('pending','active') CHARACTER SET utf8mb4 COLLATE utf8mb4_unicode_ci NOT NULL,
  PRIMARY KEY (`id`),
  KEY `product_reviews_creator_id_foreign` (`creator_id`),
  KEY `product_reviews_product_id_foreign` (`product_id`),
  CONSTRAINT `product_reviews_creator_id_foreign` FOREIGN KEY (`creator_id`) REFERENCES `users` (`id`) ON DELETE CASCADE,
  CONSTRAINT `product_reviews_product_id_foreign` FOREIGN KEY (`product_id`) REFERENCES `products` (`id`) ON DELETE CASCADE
) ENGINE=InnoDB AUTO_INCREMENT=6 DEFAULT CHARSET=utf8mb4 COLLATE=utf8mb4_unicode_ci;
/*!40101 SET character_set_client = @saved_cs_client */;

--
-- Dumping data for table `product_reviews`
--

LOCK TABLES `product_reviews` WRITE;
/*!40000 ALTER TABLE `product_reviews` DISABLE KEYS */;
/*!40000 ALTER TABLE `product_reviews` ENABLE KEYS */;
UNLOCK TABLES;

--
-- Table structure for table `product_selected_filter_options`
--

DROP TABLE IF EXISTS `product_selected_filter_options`;
/*!40101 SET @saved_cs_client     = @@character_set_client */;
/*!50503 SET character_set_client = utf8mb4 */;
CREATE TABLE `product_selected_filter_options` (
  `id` int unsigned NOT NULL AUTO_INCREMENT,
  `product_id` int unsigned NOT NULL,
  `filter_option_id` int unsigned NOT NULL,
  PRIMARY KEY (`id`),
  KEY `product_selected_filter_options_product_id_foreign` (`product_id`),
  KEY `product_selected_filter_options_filter_option_id_foreign` (`filter_option_id`),
  CONSTRAINT `product_selected_filter_options_filter_option_id_foreign` FOREIGN KEY (`filter_option_id`) REFERENCES `product_filter_options` (`id`) ON DELETE CASCADE,
  CONSTRAINT `product_selected_filter_options_product_id_foreign` FOREIGN KEY (`product_id`) REFERENCES `products` (`id`) ON DELETE CASCADE
) ENGINE=InnoDB AUTO_INCREMENT=95 DEFAULT CHARSET=utf8mb4 COLLATE=utf8mb4_unicode_ci;
/*!40101 SET character_set_client = @saved_cs_client */;

--
-- Dumping data for table `product_selected_filter_options`
--

LOCK TABLES `product_selected_filter_options` WRITE;
/*!40000 ALTER TABLE `product_selected_filter_options` DISABLE KEYS */;
INSERT INTO `product_selected_filter_options` VALUES (13,2,1),(15,1,1),(16,6,2);
/*!40000 ALTER TABLE `product_selected_filter_options` ENABLE KEYS */;
UNLOCK TABLES;

--
-- Table structure for table `product_selected_specification_multi_values`
--

DROP TABLE IF EXISTS `product_selected_specification_multi_values`;
/*!40101 SET @saved_cs_client     = @@character_set_client */;
/*!50503 SET character_set_client = utf8mb4 */;
CREATE TABLE `product_selected_specification_multi_values` (
  `id` int unsigned NOT NULL AUTO_INCREMENT,
  `selected_specification_id` int unsigned NOT NULL,
  `specification_multi_value_id` int unsigned NOT NULL,
  PRIMARY KEY (`id`),
  KEY `selected_specification_id` (`selected_specification_id`),
  KEY `specification_multi_value_id` (`specification_multi_value_id`),
  CONSTRAINT `selected_specification_id` FOREIGN KEY (`selected_specification_id`) REFERENCES `product_selected_specifications` (`id`) ON DELETE CASCADE,
  CONSTRAINT `specification_multi_value_id` FOREIGN KEY (`specification_multi_value_id`) REFERENCES `product_specification_multi_values` (`id`) ON DELETE CASCADE
) ENGINE=InnoDB AUTO_INCREMENT=24 DEFAULT CHARSET=utf8mb4 COLLATE=utf8mb4_unicode_ci;
/*!40101 SET character_set_client = @saved_cs_client */;

--
-- Dumping data for table `product_selected_specification_multi_values`
--

LOCK TABLES `product_selected_specification_multi_values` WRITE;
/*!40000 ALTER TABLE `product_selected_specification_multi_values` DISABLE KEYS */;
INSERT INTO `product_selected_specification_multi_values` VALUES (2,1,1),(3,1,2),(4,1,3),(5,2,4),(6,3,6),(7,3,7),(8,3,8),(10,6,11);
/*!40000 ALTER TABLE `product_selected_specification_multi_values` ENABLE KEYS */;
UNLOCK TABLES;

--
-- Table structure for table `product_selected_specification_translations`
--

DROP TABLE IF EXISTS `product_selected_specification_translations`;
/*!40101 SET @saved_cs_client     = @@character_set_client */;
/*!50503 SET character_set_client = utf8mb4 */;
CREATE TABLE `product_selected_specification_translations` (
  `id` bigint unsigned NOT NULL AUTO_INCREMENT,
  `product_selected_specification_id` int unsigned NOT NULL,
  `locale` varchar(255) CHARACTER SET utf8mb4 COLLATE utf8mb4_unicode_ci NOT NULL,
  `value` text CHARACTER SET utf8mb4 COLLATE utf8mb4_unicode_ci NOT NULL,
  PRIMARY KEY (`id`),
  KEY `product_selected_specification_id_translations` (`product_selected_specification_id`),
  KEY `product_selected_specification_translations_locale_index` (`locale`),
  CONSTRAINT `product_selected_specification_id_translations` FOREIGN KEY (`product_selected_specification_id`) REFERENCES `product_selected_specifications` (`id`) ON DELETE CASCADE
) ENGINE=InnoDB AUTO_INCREMENT=17 DEFAULT CHARSET=utf8mb4 COLLATE=utf8mb4_unicode_ci;
/*!40101 SET character_set_client = @saved_cs_client */;

--
-- Dumping data for table `product_selected_specification_translations`
--

LOCK TABLES `product_selected_specification_translations` WRITE;
/*!40000 ALTER TABLE `product_selected_specification_translations` DISABLE KEYS */;
INSERT INTO `product_selected_specification_translations` VALUES (1,4,'en','Model: M82EZ\r\nTotal magnification: 40X-100X-250X-400X-1000X-2500X\r\nEyepieces: widefield WF10X and WF25X\r\nObjectives: achromatic DIN 4X, 10X, 40X(S), 100X(S, Oil)\r\nViewing head: 45 Inclined 360 swiveling binocular\r\nSliding adjustable interpupillary distance: 2-3/16\" ~ 2-15/16\"(55~75mm)\r\nOcular diopter adjustable on both eyetubes\r\nNosepiece: revolving quadruple\r\nStage: mechanical double layer size: 4-1/2\"x 4-15/16\" (115mm x 125mm)\r\nCondenser and diaphragm: NA1.25 Abbe condenser with iris diaphragm\r\nTransmitted (lower) illuminator: LED light, intensity adjustable\r\nFocus adjustment: Coaxial coarse and fine knobs on both sides\r\nAll metal mechanical components\r\nPower supply: AC/DC adapter, 100V-240V (UL approved)\r\nDimension: 9-1/16\" x 7-1/8\" x 13\" (23cm x 18cm x 33cm)\r\nNet weight: 7lbs 2 oz (3.25 kg)\r\nPackage weight: 4kg'),(2,7,'en','Publisher  :  Penguin Publishing Group (March 30, 2021)\r\nLanguage  :  English\r\nPaperback  :  400 pages\r\nISBN-10  :  0735219109\r\nISBN-13  :  978-0735219106\r\nItem Weight  :  11.2 ounces\r\nDimensions  :  5.5 x 0.79 x 8.22 inches');
/*!40000 ALTER TABLE `product_selected_specification_translations` ENABLE KEYS */;
UNLOCK TABLES;

--
-- Table structure for table `product_selected_specifications`
--

DROP TABLE IF EXISTS `product_selected_specifications`;
/*!40101 SET @saved_cs_client     = @@character_set_client */;
/*!50503 SET character_set_client = utf8mb4 */;
CREATE TABLE `product_selected_specifications` (
  `id` int unsigned NOT NULL AUTO_INCREMENT,
  `creator_id` int unsigned NOT NULL,
  `product_id` int unsigned NOT NULL,
  `product_specification_id` int unsigned NOT NULL,
  `type` enum('textarea','multi_value') CHARACTER SET utf8mb4 COLLATE utf8mb4_unicode_ci NOT NULL,
  `allow_selection` tinyint(1) NOT NULL DEFAULT '0',
  `order` int unsigned DEFAULT NULL,
  `status` enum('active','inactive') CHARACTER SET utf8mb4 COLLATE utf8mb4_unicode_ci NOT NULL DEFAULT 'active',
  `created_at` int unsigned NOT NULL,
  PRIMARY KEY (`id`),
  KEY `product_selected_specifications_creator_id_foreign` (`creator_id`),
  KEY `product_selected_specifications_product_id_foreign` (`product_id`),
  KEY `product_selected_specifications_product_specification_id_foreign` (`product_specification_id`),
  CONSTRAINT `product_selected_specifications_creator_id_foreign` FOREIGN KEY (`creator_id`) REFERENCES `users` (`id`) ON DELETE CASCADE,
  CONSTRAINT `product_selected_specifications_product_id_foreign` FOREIGN KEY (`product_id`) REFERENCES `products` (`id`) ON DELETE CASCADE,
  CONSTRAINT `product_selected_specifications_product_specification_id_foreign` FOREIGN KEY (`product_specification_id`) REFERENCES `product_specifications` (`id`) ON DELETE CASCADE
) ENGINE=InnoDB AUTO_INCREMENT=20 DEFAULT CHARSET=utf8mb4 COLLATE=utf8mb4_unicode_ci;
/*!40101 SET character_set_client = @saved_cs_client */;

--
-- Dumping data for table `product_selected_specifications`
--

LOCK TABLES `product_selected_specifications` WRITE;
/*!40000 ALTER TABLE `product_selected_specifications` DISABLE KEYS */;
INSERT INTO `product_selected_specifications` VALUES (1,1015,1,1,'multi_value',1,NULL,'active',1655623901),(2,1015,1,2,'multi_value',0,NULL,'active',1655623917),(3,1015,1,3,'multi_value',0,NULL,'active',1655623943),(4,934,2,4,'textarea',0,NULL,'active',1655626896),(6,1,6,5,'multi_value',0,NULL,'active',1656322503),(7,1,6,4,'textarea',0,NULL,'active',1656322546);
/*!40000 ALTER TABLE `product_selected_specifications` ENABLE KEYS */;
UNLOCK TABLES;

--
-- Table structure for table `product_specification_categories`
--

DROP TABLE IF EXISTS `product_specification_categories`;
/*!40101 SET @saved_cs_client     = @@character_set_client */;
/*!50503 SET character_set_client = utf8mb4 */;
CREATE TABLE `product_specification_categories` (
  `id` int unsigned NOT NULL AUTO_INCREMENT,
  `specification_id` int unsigned NOT NULL,
  `category_id` int unsigned NOT NULL,
  PRIMARY KEY (`id`),
  KEY `product_specification_categories_specification_id_foreign` (`specification_id`),
  KEY `product_specification_categories_category_id_foreign` (`category_id`),
  CONSTRAINT `product_specification_categories_category_id_foreign` FOREIGN KEY (`category_id`) REFERENCES `product_categories` (`id`) ON DELETE CASCADE,
  CONSTRAINT `product_specification_categories_specification_id_foreign` FOREIGN KEY (`specification_id`) REFERENCES `product_specifications` (`id`) ON DELETE CASCADE
) ENGINE=InnoDB AUTO_INCREMENT=47 DEFAULT CHARSET=utf8mb4 COLLATE=utf8mb4_unicode_ci;
/*!40101 SET character_set_client = @saved_cs_client */;

--
-- Dumping data for table `product_specification_categories`
--

LOCK TABLES `product_specification_categories` WRITE;
/*!40000 ALTER TABLE `product_specification_categories` DISABLE KEYS */;
INSERT INTO `product_specification_categories` VALUES (1,1,1),(2,2,1),(3,3,1),(5,5,3),(6,4,1),(7,4,3);
/*!40000 ALTER TABLE `product_specification_categories` ENABLE KEYS */;
UNLOCK TABLES;

--
-- Table structure for table `product_specification_multi_value_translations`
--

DROP TABLE IF EXISTS `product_specification_multi_value_translations`;
/*!40101 SET @saved_cs_client     = @@character_set_client */;
/*!50503 SET character_set_client = utf8mb4 */;
CREATE TABLE `product_specification_multi_value_translations` (
  `id` bigint unsigned NOT NULL AUTO_INCREMENT,
  `product_specification_multi_value_id` int unsigned NOT NULL,
  `locale` varchar(255) CHARACTER SET utf8mb4 COLLATE utf8mb4_unicode_ci NOT NULL,
  `title` varchar(255) CHARACTER SET utf8mb4 COLLATE utf8mb4_unicode_ci NOT NULL,
  PRIMARY KEY (`id`),
  KEY `product_specification_multi_value_id` (`product_specification_multi_value_id`),
  KEY `product_specification_multi_value_translations_locale_index` (`locale`),
  CONSTRAINT `product_specification_multi_value_id` FOREIGN KEY (`product_specification_multi_value_id`) REFERENCES `product_specification_multi_values` (`id`) ON DELETE CASCADE
) ENGINE=InnoDB AUTO_INCREMENT=15 DEFAULT CHARSET=utf8mb4 COLLATE=utf8mb4_unicode_ci;
/*!40101 SET character_set_client = @saved_cs_client */;

--
-- Dumping data for table `product_specification_multi_value_translations`
--

LOCK TABLES `product_specification_multi_value_translations` WRITE;
/*!40000 ALTER TABLE `product_specification_multi_value_translations` DISABLE KEYS */;
INSERT INTO `product_specification_multi_value_translations` VALUES (1,1,'en','Small'),(2,2,'en','Medium'),(3,3,'en','Large'),(4,4,'en','Basic'),(5,5,'en','Advanced'),(6,6,'en','3-5'),(7,7,'en','5-8'),(8,8,'en','8-13'),(9,9,'en','13-18'),(10,10,'en','+18'),(11,11,'en','Novel'),(12,12,'en','Language learning'),(13,13,'en','Scientific'),(14,14,'en','literature');
/*!40000 ALTER TABLE `product_specification_multi_value_translations` ENABLE KEYS */;
UNLOCK TABLES;

--
-- Table structure for table `product_specification_multi_values`
--

DROP TABLE IF EXISTS `product_specification_multi_values`;
/*!40101 SET @saved_cs_client     = @@character_set_client */;
/*!50503 SET character_set_client = utf8mb4 */;
CREATE TABLE `product_specification_multi_values` (
  `id` int unsigned NOT NULL AUTO_INCREMENT,
  `specification_id` int unsigned NOT NULL,
  PRIMARY KEY (`id`),
  KEY `product_specification_multi_values_specification_id_foreign` (`specification_id`),
  CONSTRAINT `product_specification_multi_values_specification_id_foreign` FOREIGN KEY (`specification_id`) REFERENCES `product_specifications` (`id`) ON DELETE CASCADE
) ENGINE=InnoDB AUTO_INCREMENT=15 DEFAULT CHARSET=utf8mb4 COLLATE=utf8mb4_unicode_ci;
/*!40101 SET character_set_client = @saved_cs_client */;

--
-- Dumping data for table `product_specification_multi_values`
--

LOCK TABLES `product_specification_multi_values` WRITE;
/*!40000 ALTER TABLE `product_specification_multi_values` DISABLE KEYS */;
INSERT INTO `product_specification_multi_values` VALUES (1,1),(2,1),(3,1),(4,2),(5,2),(6,3),(7,3),(8,3),(9,3),(10,3),(11,5),(12,5),(13,5),(14,5);
/*!40000 ALTER TABLE `product_specification_multi_values` ENABLE KEYS */;
UNLOCK TABLES;

--
-- Table structure for table `product_specification_translations`
--

DROP TABLE IF EXISTS `product_specification_translations`;
/*!40101 SET @saved_cs_client     = @@character_set_client */;
/*!50503 SET character_set_client = utf8mb4 */;
CREATE TABLE `product_specification_translations` (
  `id` bigint unsigned NOT NULL AUTO_INCREMENT,
  `product_specification_id` int unsigned NOT NULL,
  `locale` varchar(255) CHARACTER SET utf8mb4 COLLATE utf8mb4_unicode_ci NOT NULL,
  `title` varchar(255) CHARACTER SET utf8mb4 COLLATE utf8mb4_unicode_ci NOT NULL,
  PRIMARY KEY (`id`),
  KEY `product_specification_id` (`product_specification_id`),
  KEY `product_specification_translations_locale_index` (`locale`),
  CONSTRAINT `product_specification_id` FOREIGN KEY (`product_specification_id`) REFERENCES `product_specifications` (`id`) ON DELETE CASCADE
) ENGINE=InnoDB AUTO_INCREMENT=12 DEFAULT CHARSET=utf8mb4 COLLATE=utf8mb4_unicode_ci;
/*!40101 SET character_set_client = @saved_cs_client */;

--
-- Dumping data for table `product_specification_translations`
--

LOCK TABLES `product_specification_translations` WRITE;
/*!40000 ALTER TABLE `product_specification_translations` DISABLE KEYS */;
INSERT INTO `product_specification_translations` VALUES (1,1,'en','Size'),(2,2,'en','Skill Level'),(3,3,'en','Age Range'),(4,4,'en','Main Features'),(5,5,'en','E-book type');
/*!40000 ALTER TABLE `product_specification_translations` ENABLE KEYS */;
UNLOCK TABLES;

--
-- Table structure for table `product_specifications`
--

DROP TABLE IF EXISTS `product_specifications`;
/*!40101 SET @saved_cs_client     = @@character_set_client */;
/*!50503 SET character_set_client = utf8mb4 */;
CREATE TABLE `product_specifications` (
  `id` int unsigned NOT NULL AUTO_INCREMENT,
  `input_type` enum('textarea','multi_value') CHARACTER SET utf8mb4 COLLATE utf8mb4_unicode_ci NOT NULL,
  PRIMARY KEY (`id`)
) ENGINE=InnoDB AUTO_INCREMENT=10 DEFAULT CHARSET=utf8mb4 COLLATE=utf8mb4_unicode_ci;
/*!40101 SET character_set_client = @saved_cs_client */;

--
-- Dumping data for table `product_specifications`
--

LOCK TABLES `product_specifications` WRITE;
/*!40000 ALTER TABLE `product_specifications` DISABLE KEYS */;
INSERT INTO `product_specifications` VALUES (1,'multi_value'),(2,'multi_value'),(3,'multi_value'),(4,'textarea'),(5,'multi_value');
/*!40000 ALTER TABLE `product_specifications` ENABLE KEYS */;
UNLOCK TABLES;

--
-- Table structure for table `product_translations`
--

DROP TABLE IF EXISTS `product_translations`;
/*!40101 SET @saved_cs_client     = @@character_set_client */;
/*!50503 SET character_set_client = utf8mb4 */;
CREATE TABLE `product_translations` (
  `id` bigint unsigned NOT NULL AUTO_INCREMENT,
  `product_id` int unsigned NOT NULL,
  `locale` varchar(255) CHARACTER SET utf8mb4 COLLATE utf8mb4_unicode_ci NOT NULL,
  `title` varchar(255) CHARACTER SET utf8mb4 COLLATE utf8mb4_unicode_ci NOT NULL,
  `seo_description` text CHARACTER SET utf8mb4 COLLATE utf8mb4_unicode_ci,
  `summary` text CHARACTER SET utf8mb4 COLLATE utf8mb4_unicode_ci,
  `description` longtext CHARACTER SET utf8mb4 COLLATE utf8mb4_unicode_ci,
  PRIMARY KEY (`id`),
  KEY `product_id` (`product_id`),
  KEY `product_translations_locale_index` (`locale`),
  CONSTRAINT `product_id` FOREIGN KEY (`product_id`) REFERENCES `products` (`id`) ON DELETE CASCADE
) ENGINE=InnoDB AUTO_INCREMENT=9 DEFAULT CHARSET=utf8mb4 COLLATE=utf8mb4_unicode_ci;
/*!40101 SET character_set_client = @saved_cs_client */;

--
-- Dumping data for table `product_translations`
--

LOCK TABLES `product_translations` WRITE;
/*!40000 ALTER TABLE `product_translations` DISABLE KEYS */;
INSERT INTO `product_translations` VALUES (1,1,'en','Painting tools','Here are some of Manfredini\'s favorite must-have paint products for a flawless finish and a handful of appealing painter accessories that you can skip altogether','When it comes to painting supplies, if it sounds too good to be true, then it usually is. There\'s really no substitute for quality painting tools, adequate preparation, and careful work. \"One of the easiest things to remember about paint tools is that you get what you pay for,\" says Lou Manfredini, home expert for Ace Hardware. \"The biggest mistake I see homeowners make is that they buy cheap tools that don\'t give them good results, or they buy cheap paintthen they end up with a poor finished product.\"','<p>Here are some of Manfredini\'s favorite must-have paint products for a flawless finish and a handful of appealing painter accessories that you can skip altogether. Keep in mind that you may not need some of these products if your walls are in good shape and don\'t need a lot of repairs. (Just make sure you purchase some highly-rated paint first because a quality tool won\'t work miracles on low-quality paint).</p><p><br></p><h3 style=\"color: rgba(0, 0, 0, 0.95); font-variant-numeric: normal; font-variant-east-asian: normal; font-stretch: normal; font-size: 24px; line-height: 32px; font-family: Sophia, \"Helvetica Neue\", sans-serif; letter-spacing: 0.5px; margin-top: 32px; margin-bottom: 16px;\">Paint Key</h3><div class=\"paragraph\" style=\"color: rgba(0, 0, 0, 0.95); font-family: Lora, serif; font-size: medium;\"><p style=\"font-variant-numeric: normal; font-variant-east-asian: normal; font-stretch: normal; font-size: 18px; line-height: 28px; letter-spacing: 0px; margin-bottom: 16px; max-width: 712px; overflow-wrap: anywhere;\">You don\'t need a special tool to open your paint cans; a standard flat-head screwdriver works just fine.</p></div><h3 style=\"color: rgba(0, 0, 0, 0.95); font-variant-numeric: normal; font-variant-east-asian: normal; font-stretch: normal; font-size: 24px; line-height: 32px; font-family: Sophia, \"Helvetica Neue\", sans-serif; letter-spacing: 0.5px; margin-top: 32px; margin-bottom: 16px;\">Plastic Tube for Paint Roller</h3><div class=\"paragraph\" style=\"color: rgba(0, 0, 0, 0.95); font-family: Lora, serif; font-size: medium;\"><p style=\"font-variant-numeric: normal; font-variant-east-asian: normal; font-stretch: normal; font-size: 18px; line-height: 28px; letter-spacing: 0px; margin-bottom: 16px; max-width: 712px; overflow-wrap: anywhere;\">If you\'re done painting for the day but want to pick it back up tomorrow, cover the roller in plastic wrap, then throw it into a plastic bag with an air-tight seal.</p></div><h3 style=\"color: rgba(0, 0, 0, 0.95); font-variant-numeric: normal; font-variant-east-asian: normal; font-stretch: normal; font-size: 24px; line-height: 32px; font-family: Sophia, \"Helvetica Neue\", sans-serif; letter-spacing: 0.5px; margin-top: 32px; margin-bottom: 16px;\">Paint Tray Liners</h3><div class=\"paragraph\" style=\"color: rgba(0, 0, 0, 0.95); font-family: Lora, serif; font-size: medium;\"><p style=\"font-variant-numeric: normal; font-variant-east-asian: normal; font-stretch: normal; font-size: 18px; line-height: 28px; letter-spacing: 0px; margin-bottom: 16px; max-width: 712px; overflow-wrap: anywhere;\">These aren\'t necessary if you get a quality hard plastic paint tray. Plus, it\'s less wasteful if you don\'t throw away a plastic liner each time you paint.</p></div><div class=\"div-sm-inContent\" style=\"color: rgba(0, 0, 0, 0.95); font-family: Lora, serif; font-size: medium;\"><div id=\"div-gpt-native\" class=\"tablet-ad desktop-ad ads-in-content\" data-tier=\"1\" data-google-query-id=\"CL7-utP6uPgCFWLFuwgdOBYNvQ\"><div id=\"google_ads_iframe_3865/ddm.realsimple.com/ntv1_0__container__\" style=\"border: 0pt none;\"></div></div></div><h3 style=\"color: rgba(0, 0, 0, 0.95); font-variant-numeric: normal; font-variant-east-asian: normal; font-stretch: normal; font-size: 24px; line-height: 32px; font-family: Sophia, \"Helvetica Neue\", sans-serif; letter-spacing: 0.5px; margin-top: 32px; margin-bottom: 16px;\">Paint Pads</h3><div class=\"paragraph\" style=\"color: rgba(0, 0, 0, 0.95); font-family: Lora, serif; font-size: medium;\"><p style=\"font-variant-numeric: normal; font-variant-east-asian: normal; font-stretch: normal; font-size: 18px; line-height: 28px; letter-spacing: 0px; margin-bottom: 16px; max-width: 712px; overflow-wrap: anywhere;\">Skip these, unless you\'re using them to paint behind hard-to-reach areas like a toilet tank or radiator.</p></div><h3 style=\"color: rgba(0, 0, 0, 0.95); font-variant-numeric: normal; font-variant-east-asian: normal; font-stretch: normal; font-size: 24px; line-height: 32px; font-family: Sophia, \"Helvetica Neue\", sans-serif; letter-spacing: 0.5px; margin-top: 32px; margin-bottom: 16px;\">Fillable Paint Products</h3><div class=\"paragraph\" style=\"color: rgba(0, 0, 0, 0.95); font-family: Lora, serif; font-size: medium;\"><p style=\"font-variant-numeric: normal; font-variant-east-asian: normal; font-stretch: normal; font-size: 18px; line-height: 28px; letter-spacing: 0px; margin-bottom: 16px; max-width: 712px; overflow-wrap: anywhere;\">\"Any gadget that sucks paint up into its handle is a nightmare to use and to clean. In the time it takes to refill it, you could already be painting,\" says Manfredini. The exception here is the touch-up tool that Manfredini recommended specifically.</p></div>'),(2,2,'en','Advanced microscope','A microscope is a laboratory instrument used to examine objects that are too small to be seen by the naked eye.','There are many types of microscopes, and they may be grouped in different ways. One way is to describe the method an instrument uses to interact with a sample and produce images, either by sending a beam of light or electrons through a sample in its optical path, by detecting photon emissions from a sample, or by scanning across and a short distance from the surface of a sample using a probe.','<p>This OMAX binocular biological compound microscope offers six magnifications between 40X and 2500X. The lab microscope comes with a 45 inclined 360 swiveling binocular sliding viewing head, two pairs of widefield eyepieces with an adjustable diopter on oculars, four achromatic objectives, stain-resistant double layer mechanical stage with scales, coarse and fine focusing on both sides, NA 1.25 Abbe condenser with iris diaphragm and variable intensity LED transmitted illumination system. This type of microscope is perfect for home school, teaching, demonstration, clinical examination, laboratories, and advanced applications. It is easy to mount an electronic eyepiece (digital microscope camera) for capturing images and live video on a computer. It can also be added a darkfield condenser to switch a brightfield microscope to a darkfield microscope.</p><p><br></p>'),(5,5,'en','Business Software','Business software is any software or set of computer programs used by business users to perform various business functions.','Business software is any software or set of computer programs used by business users to perform various business functions.','<p>Business software (or a business application) is any software or set of computer programs used by business users to perform various business functions. These business applications are used to increase productivity, measure productivity, and perform other business functions accurately.</p><p>Much business software is developed to meet the needs of a specific business, and therefore is not easily transferable to a different business environment, unless its nature and operation are identical. Due to the unique requirements of each business, off-the-shelf software is unlikely to completely address a company\'s needs. However, where an on-the-shelf solution is necessary, due to time or monetary considerations, some level of customization is likely to be required. Exceptions do exist, depending on the business in question, and thorough research is always required before committing to bespoke or off-the-shelf solutions.</p><p><br></p><p>Some business applications are interactive, i.e., they have a graphical user interface or user interface and users can query/modify/input data and view results instantaneously. They can also run reports instantaneously. Some business applications run in batch mode: they are set up to run based on a predetermined event/time and a business user does not need to initiate them or monitor them.</p><p><br></p><p>Some business applications are built in-house and some are bought from vendors (off-the-shelf software products). These business applications are installed on either desktops or big servers. Prior to the introduction of COBOL (a universal compiler) in 1965, businesses developed their own unique machine language. RCA\'s language consisted of a 12-position instruction. For example, to read a record into memory, the first two digits would be the instruction (action) code. The next four positions of the instruction (an \'A\' address) would be the exact leftmost memory location where you want the readable character to be placed. Four positions (a \'B\' address) of the instruction would note the very rightmost memory location where you want the last character of the record to be located. A two-digit \'B\' address also allows a modification of any instruction. Instruction codes and memory designations excluded the use of 8\'s or 9\'s. The first RCA business application was implemented in 1962 on a 4k RCA 301. The RCA 301, mid-frame 501, and large frame 601 began their marketing in early 1960.</p><p><br></p><p>Many kinds of users are found within the business environment, and can be categorized by using a small, medium, and large matrix:</p><p><br></p><p>The small business market generally consists of home accounting software, and office suites such as LibreOffice, Microsoft Office or Google Workspace (formerly G Suite and Google Apps for Work).</p><p>The medium size, or small and medium-sized enterprise (SME), has a broader range of software applications, ranging from accounting, groupware, customer relationship management, human resource management systems, outsourcing relationship management, loan origination software, shopping cart software, field service software, and other productivity-enhancing applications.</p><p>The last segment covers enterprise level software applications, such as those in the fields of enterprise resource planning, enterprise content management (ECM), business process management (BPM) and product lifecycle management. These applications are extensive in scope and often come with modules that either add native functions or incorporate the functionality of third-party computer programs.</p><p>Technologies that previously only existed in peer-to-peer software applications, like Kazaa and Napster, are starting to appear within business applications.</p>'),(6,6,'en','Where the Crawdads Sing e-book','The #1 New York Times bestselling worldwide sensation with more than 12 million copies sold','SOON TO BE A MAJOR MOTION PICTUREThe #1 New York Times bestselling worldwide sensation with more than 12 million copies sold, hailed by The New York Times Book Review as a painfully beautiful first novel that is at once a murder mystery, a coming-of-age narrative and a celebration of nature.\r\n\r\nFor years, rumors of the Marsh Girl have haunted Barkley Cove, a quiet town on the North Carolina coast. So in late 1969, when handsome Chase Andrews is found dead, the locals immediately suspect Kya Clark, the so-called Marsh Girl. But Kya is not what they say. Sensitive and intelligent, she has survived for years alone in the marsh that she calls home, finding friends in the gulls and lessons in the sand. Then the time comes when she yearns to be touched and loved. When two young men from town become intrigued by her wild beauty, Kya opens herself to a new lifeuntil the unthinkable happens.\r\n\r\nWhere the Crawdads Sing is at once an exquisite ode to the natural world, a heartbreaking coming-of-age story, and a surprising tale of possible murder. Owens reminds us that we are forever shaped by the children we once were and that we are all subject to the beautiful and violent secrets that nature keeps.','<div>A painfully beautiful first novel that is at once a murder mystery, a coming-of-age narrative and a celebration of nature....Owens here surveys the desolate marshlands of the North Carolina coast through the eyes of an abandoned child. And in her isolation that child makes us open our own eyes to the secret wondersand dangersof her private world.The New York Times Book Review</div><div><br></div><div>Steeped in the rhythms and shadows of the coastal marshes of North Carolinas Outer Banks, this fierce and hauntingly beautiful novel centers on...Kyas heartbreaking story of learning to trust human connections, intertwine[d] with a gripping murder mystery, revealing savage truths. An astonishing debut.People</div><div><br></div><div>This lush mystery is perfect for fans of Barbara Kingsolver.Bustle</div><div><br></div><div>A lush debut novel, Owens delivers her mystery wrapped in gorgeous, lyrical prose. Its clear shes from this placethe land of the southern coasts, but also the emotional terrainyou can feel it in the pages. A magnificent achievement, ambitious, credible and very timely.Alexandra Fuller, New York Times bestselling author of Dont Lets Go to the Dogs Tonight</div><div><br></div><div>Heart-wrenching...A fresh exploration of isolation and nature from a female perspective along with a compelling love story.Entertainment Weekly</div><div><br></div><div>This wonderful novel has a bit of everythingmystery, romance, and fascinating characters, all told in a story that takes place in North Carolina.Nicholas Sparks, New York Times bestselling author of Every Breath</div><div><br></div><div>Delia Owens gorgeous novel is both a coming-of-age tale and an engrossing whodunit.Real Simple</div><div><br></div><div>Evocative...Kya makes for an unforgettable heroine.Publishers Weekly</div><div><br></div><div>The New Southern novel...A lyrical debut.Southern Living</div><div><br></div><div>A nature-infused romance with a killer twist.Refinery29</div><div><br></div><div>Anyone who liked The Great Alone will want to read Where the Crawdads Sing....This astonishing debut is a beautiful and haunting novel that packs a powerful punch. Its the first novel in a long time that made me cry.Kristin Hannah, author ofThe Great AloneandThe Nightingale</div><div><br></div><div>Both a coming-of-age story and a mysterious account of a murder investigation told from the perspective of a young girl...Through Kyas story, Owens explores how isolation affects human behavior, and the deep effect that rejection can have on our lives.Vanity Fair</div><div><br></div><div>Lyrical...Its appeal ris[es] from Kyas deep connection to the place where makes her home, and to all of its creatures.Booklist</div><div><br></div><div>This beautiful, evocative novel is likely to stay with you for many days afterward....absorbing.AARP</div><div><br></div><div>This haunting tale captivates every bit as much for its crime drama elements as for the humanity at its core. Mystery & Suspense Magazine</div><div><br></div><div>Compelling, original...A mystery, a courtroom drama, a romance and a coming-of-age story, Where the Crawdads Sing is a moving, beautiful tale. Readers will remember Kya for a long, long time.ShelfAwareness</div><div><br></div><div>With prose luminous as a low-country moon, Owens weaves a compelling tale of a forgotten girl in the unforgiving coastal marshes of North Carolina. It is a murder mystery/love story/courtroom drama that readers will love, but the novel delves so much deeper into the bone and sinew of our very nature, asking often unanswerable questions, old and intractable as the marsh itself. A stunning debut!Christopher Scotton, author of The Secret Wisdom of the Earth</div><div><br></div><div>A compelling mystery with prose so luminous it can cut through the murkiest of pluff mud.Augusta Chronicle</div><div><br></div><div>Carries the rhythm of an old time ballad. It is clear Owens knows this land intimately, from the black mud sucking at footsteps to the taste of saltwater and the cry of seagulls.David Joy, author of The Line That Held Us</div>');
/*!40000 ALTER TABLE `product_translations` ENABLE KEYS */;
UNLOCK TABLES;

--
-- Table structure for table `products`
--

DROP TABLE IF EXISTS `products`;
/*!40101 SET @saved_cs_client     = @@character_set_client */;
/*!50503 SET character_set_client = utf8mb4 */;
CREATE TABLE `products` (
  `id` int unsigned NOT NULL AUTO_INCREMENT,
  `creator_id` int unsigned NOT NULL,
  `type` enum('virtual','physical') CHARACTER SET utf8mb4 COLLATE utf8mb4_unicode_ci NOT NULL,
  `slug` varchar(255) CHARACTER SET utf8mb4 COLLATE utf8mb4_unicode_ci NOT NULL,
  `category_id` int unsigned DEFAULT NULL,
  `price` double(15,2) unsigned DEFAULT NULL,
  `point` bigint unsigned DEFAULT NULL,
  `unlimited_inventory` tinyint(1) NOT NULL DEFAULT '0',
  `ordering` tinyint(1) NOT NULL DEFAULT '0',
  `inventory` int unsigned DEFAULT NULL,
  `inventory_warning` int unsigned DEFAULT NULL,
  `inventory_updated_at` bigint unsigned DEFAULT NULL,
  `delivery_fee` double(15,2) unsigned DEFAULT NULL,
  `delivery_estimated_time` int unsigned DEFAULT NULL,
  `message_for_reviewer` text CHARACTER SET utf8mb4 COLLATE utf8mb4_unicode_ci,
  `tax` int unsigned DEFAULT NULL,
  `commission_type` enum('percent','fixed_amount') CHARACTER SET utf8mb4 COLLATE utf8mb4_unicode_ci NOT NULL,
  `commission` int unsigned DEFAULT NULL,
  `status` enum('active','pending','draft','inactive') CHARACTER SET utf8mb4 COLLATE utf8mb4_unicode_ci NOT NULL,
  `updated_at` bigint unsigned NOT NULL,
  `created_at` bigint unsigned NOT NULL,
  PRIMARY KEY (`id`),
  KEY `products_creator_id_foreign` (`creator_id`),
  KEY `products_category_id_foreign` (`category_id`),
  KEY `products_type_index` (`type`),
  KEY `products_slug_index` (`slug`),
  CONSTRAINT `products_category_id_foreign` FOREIGN KEY (`category_id`) REFERENCES `product_categories` (`id`) ON DELETE CASCADE,
  CONSTRAINT `products_creator_id_foreign` FOREIGN KEY (`creator_id`) REFERENCES `users` (`id`) ON DELETE CASCADE
) ENGINE=InnoDB AUTO_INCREMENT=9 DEFAULT CHARSET=utf8mb4 COLLATE=utf8mb4_unicode_ci;
/*!40101 SET character_set_client = @saved_cs_client */;

--
-- Dumping data for table `products`
--

LOCK TABLES `products` WRITE;
/*!40000 ALTER TABLE `products` DISABLE KEYS */;
INSERT INTO `products` VALUES (1,1015,'physical','Painting-tools',1,25.00,NULL,0,1,28,5,NULL,5.00,4,'Thank you.',NULL,'percent',NULL,'pending',1656136002,1655622663),(2,934,'physical','Advanced-microscope',1,290.00,NULL,0,1,11,3,NULL,10.00,7,'Please review ASAP.\r\nRegards.',NULL,'percent',NULL,'pending',1656135835,1655626642),(5,1015,'virtual','Business-Software',3,75.00,NULL,0,1,100,10,NULL,NULL,NULL,'Thank you.',NULL,'percent',NULL,'pending',1656130921,1655671880),(6,1,'virtual','Where-the-Crawdads-Sing-e-book',3,20.00,NULL,1,1,0,NULL,NULL,NULL,NULL,NULL,NULL,'percent',NULL,'pending',1656322425,1656321480);
/*!40000 ALTER TABLE `products` ENABLE KEYS */;
UNLOCK TABLES;

--
-- Table structure for table `promotion_translations`
--

DROP TABLE IF EXISTS `promotion_translations`;
/*!40101 SET @saved_cs_client     = @@character_set_client */;
/*!50503 SET character_set_client = utf8mb4 */;
CREATE TABLE `promotion_translations` (
  `id` bigint unsigned NOT NULL AUTO_INCREMENT,
  `promotion_id` int unsigned NOT NULL,
  `locale` varchar(255) CHARACTER SET utf8mb4 COLLATE utf8mb4_unicode_ci NOT NULL,
  `title` varchar(255) CHARACTER SET utf8mb4 COLLATE utf8mb4_unicode_ci NOT NULL,
  `description` text CHARACTER SET utf8mb4 COLLATE utf8mb4_unicode_ci NOT NULL,
  PRIMARY KEY (`id`),
  KEY `promotion_translations_promotion_id_foreign` (`promotion_id`),
  KEY `promotion_translations_locale_index` (`locale`),
  CONSTRAINT `promotion_translations_promotion_id_foreign` FOREIGN KEY (`promotion_id`) REFERENCES `promotions` (`id`) ON DELETE CASCADE
) ENGINE=InnoDB AUTO_INCREMENT=10 DEFAULT CHARSET=utf8mb4 COLLATE=utf8mb4_unicode_ci;
/*!40101 SET character_set_client = @saved_cs_client */;

--
-- Dumping data for table `promotion_translations`
--

LOCK TABLES `promotion_translations` WRITE;
/*!40000 ALTER TABLE `promotion_translations` DISABLE KEYS */;
INSERT INTO `promotion_translations` VALUES (1,2,'en','Gold','One of your classes will be displayed at the top of the category list and homepage slider'),(2,3,'en','Bronze','One of your classes will be displayed at the top of the category list'),(3,4,'en','Silver','One of your classes will be displayed at the homepage slider'),(4,2,'es','Oro','Una de sus clases se mostrar en la parte superior de la lista de categoras y el control deslizante de la pgina de inicio.'),(5,2,'ar','','            '),(6,4,'ar','','         '),(7,4,'es','Plata','Una de sus clases se mostrar en el control deslizante de la pgina de inicio.'),(8,3,'ar','','       '),(9,3,'es','Bronce','Una de sus clases se mostrar en la parte superior de la lista de categoras.');
/*!40000 ALTER TABLE `promotion_translations` ENABLE KEYS */;
UNLOCK TABLES;

--
-- Table structure for table `promotions`
--

DROP TABLE IF EXISTS `promotions`;
/*!40101 SET @saved_cs_client     = @@character_set_client */;
/*!50503 SET character_set_client = utf8mb4 */;
CREATE TABLE `promotions` (
  `id` int unsigned NOT NULL AUTO_INCREMENT,
  `days` int unsigned NOT NULL,
  `price` double(15,2) unsigned NOT NULL,
  `icon` varchar(255) CHARACTER SET utf8mb4 COLLATE utf8mb4_unicode_ci NOT NULL,
  `is_popular` tinyint(1) NOT NULL DEFAULT '0',
  `created_at` int unsigned NOT NULL,
  PRIMARY KEY (`id`) USING BTREE
) ENGINE=InnoDB AUTO_INCREMENT=5 DEFAULT CHARSET=utf8mb4 COLLATE=utf8mb4_unicode_ci ROW_FORMAT=DYNAMIC;
/*!40101 SET character_set_client = @saved_cs_client */;

--
-- Dumping data for table `promotions`
--

LOCK TABLES `promotions` WRITE;
/*!40000 ALTER TABLE `promotions` DISABLE KEYS */;
INSERT INTO `promotions` VALUES (2,15,150.00,'/store/1/default_images/subscribe_packages/gold.png',1,1635446032),(3,15,50.00,'/store/1/default_images/subscribe_packages/bronze.png',0,1646415095),(4,15,90.00,'/store/1/default_images/subscribe_packages/silver.png',0,1635446095);
/*!40000 ALTER TABLE `promotions` ENABLE KEYS */;
UNLOCK TABLES;

--
-- Table structure for table `purchase_notification_histories`
--

DROP TABLE IF EXISTS `purchase_notification_histories`;
/*!40101 SET @saved_cs_client     = @@character_set_client */;
/*!50503 SET character_set_client = utf8mb4 */;
CREATE TABLE `purchase_notification_histories` (
  `id` int unsigned NOT NULL AUTO_INCREMENT,
  `user_id` int unsigned NOT NULL,
  `purchase_notification_id` int unsigned NOT NULL,
  `display_type` enum('overall','per_session') CHARACTER SET utf8mb4 COLLATE utf8mb4_general_ci NOT NULL,
  `count_view` int unsigned NOT NULL DEFAULT '0',
  `session_ended` tinyint(1) NOT NULL DEFAULT '0' COMMENT 'Get True After the user login, we update all the per_session records',
  PRIMARY KEY (`id`),
  KEY `purchase_notification_id_history` (`purchase_notification_id`),
  KEY `purchase_notification_histories_user_id_foreign` (`user_id`),
  CONSTRAINT `purchase_notification_histories_user_id_foreign` FOREIGN KEY (`user_id`) REFERENCES `users` (`id`) ON DELETE CASCADE,
  CONSTRAINT `purchase_notification_id_history` FOREIGN KEY (`purchase_notification_id`) REFERENCES `purchase_notifications` (`id`) ON DELETE CASCADE
) ENGINE=InnoDB AUTO_INCREMENT=4 DEFAULT CHARSET=utf8mb4 COLLATE=utf8mb4_general_ci;
/*!40101 SET character_set_client = @saved_cs_client */;

--
-- Dumping data for table `purchase_notification_histories`
--

LOCK TABLES `purchase_notification_histories` WRITE;
/*!40000 ALTER TABLE `purchase_notification_histories` DISABLE KEYS */;
INSERT INTO `purchase_notification_histories` VALUES (3,1015,1,'per_session',4,0);
/*!40000 ALTER TABLE `purchase_notification_histories` ENABLE KEYS */;
UNLOCK TABLES;

--
-- Table structure for table `purchase_notification_roles_groups_contents`
--

DROP TABLE IF EXISTS `purchase_notification_roles_groups_contents`;
/*!40101 SET @saved_cs_client     = @@character_set_client */;
/*!50503 SET character_set_client = utf8mb4 */;
CREATE TABLE `purchase_notification_roles_groups_contents` (
  `id` int unsigned NOT NULL AUTO_INCREMENT,
  `purchase_notification_id` int unsigned NOT NULL,
  `role_id` int unsigned DEFAULT NULL,
  `group_id` int unsigned DEFAULT NULL,
  `webinar_id` int unsigned DEFAULT NULL,
  `bundle_id` int unsigned DEFAULT NULL,
  `product_id` int unsigned DEFAULT NULL,
  PRIMARY KEY (`id`),
  KEY `purchase_notification_id_role_group` (`purchase_notification_id`),
  KEY `purchase_notification_roles_groups_contents_role_id_foreign` (`role_id`),
  KEY `purchase_notification_roles_groups_contents_group_id_foreign` (`group_id`),
  KEY `purchase_notification_roles_groups_contents_webinar_id_foreign` (`webinar_id`),
  KEY `purchase_notification_roles_groups_contents_bundle_id_foreign` (`bundle_id`),
  KEY `purchase_notification_roles_groups_contents_product_id_foreign` (`product_id`),
  CONSTRAINT `purchase_notification_id_role_group` FOREIGN KEY (`purchase_notification_id`) REFERENCES `purchase_notifications` (`id`) ON DELETE CASCADE,
  CONSTRAINT `purchase_notification_roles_groups_contents_bundle_id_foreign` FOREIGN KEY (`bundle_id`) REFERENCES `bundles` (`id`) ON DELETE CASCADE,
  CONSTRAINT `purchase_notification_roles_groups_contents_group_id_foreign` FOREIGN KEY (`group_id`) REFERENCES `groups` (`id`) ON DELETE CASCADE,
  CONSTRAINT `purchase_notification_roles_groups_contents_product_id_foreign` FOREIGN KEY (`product_id`) REFERENCES `products` (`id`) ON DELETE CASCADE,
  CONSTRAINT `purchase_notification_roles_groups_contents_role_id_foreign` FOREIGN KEY (`role_id`) REFERENCES `roles` (`id`) ON DELETE CASCADE,
  CONSTRAINT `purchase_notification_roles_groups_contents_webinar_id_foreign` FOREIGN KEY (`webinar_id`) REFERENCES `webinars` (`id`) ON DELETE CASCADE
) ENGINE=InnoDB AUTO_INCREMENT=91 DEFAULT CHARSET=utf8mb4 COLLATE=utf8mb4_general_ci;
/*!40101 SET character_set_client = @saved_cs_client */;

--
-- Dumping data for table `purchase_notification_roles_groups_contents`
--

LOCK TABLES `purchase_notification_roles_groups_contents` WRITE;
/*!40000 ALTER TABLE `purchase_notification_roles_groups_contents` DISABLE KEYS */;
INSERT INTO `purchase_notification_roles_groups_contents` VALUES (82,1,1,NULL,NULL,NULL,NULL),(83,1,3,NULL,NULL,NULL,NULL),(84,1,4,NULL,NULL,NULL,NULL),(85,1,NULL,NULL,2009,NULL,NULL),(86,1,NULL,NULL,2008,NULL,NULL),(87,1,NULL,NULL,2004,NULL,NULL),(89,1,NULL,NULL,2005,NULL,NULL),(90,1,NULL,NULL,NULL,2,NULL);
/*!40000 ALTER TABLE `purchase_notification_roles_groups_contents` ENABLE KEYS */;
UNLOCK TABLES;

--
-- Table structure for table `purchase_notification_translations`
--

DROP TABLE IF EXISTS `purchase_notification_translations`;
/*!40101 SET @saved_cs_client     = @@character_set_client */;
/*!50503 SET character_set_client = utf8mb4 */;
CREATE TABLE `purchase_notification_translations` (
  `id` int unsigned NOT NULL AUTO_INCREMENT,
  `purchase_notification_id` int unsigned NOT NULL,
  `locale` varchar(191) CHARACTER SET utf8mb4 COLLATE utf8mb4_general_ci NOT NULL,
  `title` varchar(255) CHARACTER SET utf8mb4 COLLATE utf8mb4_general_ci NOT NULL,
  `popup_title` varchar(255) CHARACTER SET utf8mb4 COLLATE utf8mb4_general_ci NOT NULL,
  `popup_subtitle` varchar(255) CHARACTER SET utf8mb4 COLLATE utf8mb4_general_ci NOT NULL,
  `users` text CHARACTER SET utf8mb4 COLLATE utf8mb4_general_ci NOT NULL,
  `times` text CHARACTER SET utf8mb4 COLLATE utf8mb4_general_ci NOT NULL,
  PRIMARY KEY (`id`),
  KEY `purchase_notification_id_trans` (`purchase_notification_id`),
  KEY `purchase_notification_translations_locale_index` (`locale`),
  CONSTRAINT `purchase_notification_id_trans` FOREIGN KEY (`purchase_notification_id`) REFERENCES `purchase_notifications` (`id`) ON DELETE CASCADE
) ENGINE=InnoDB AUTO_INCREMENT=2 DEFAULT CHARSET=utf8mb4 COLLATE=utf8mb4_general_ci;
/*!40101 SET character_set_client = @saved_cs_client */;

--
-- Dumping data for table `purchase_notification_translations`
--

LOCK TABLES `purchase_notification_translations` WRITE;
/*!40000 ALTER TABLE `purchase_notification_translations` DISABLE KEYS */;
INSERT INTO `purchase_notification_translations` VALUES (1,1,'en','Test Purchase Notifications','[user] has Purchased','[user] purchase [content] for [price]','Jack Anderson, Cameron Schofield,Jade Harrison,Jessica Wray,James Kong','10 mins ago,25 mins ago,1 hrs ago,5 mins ago,30 mins ago,2 hrs ago,2 mins ago,45 mins ago');
/*!40000 ALTER TABLE `purchase_notification_translations` ENABLE KEYS */;
UNLOCK TABLES;

--
-- Table structure for table `purchase_notifications`
--

DROP TABLE IF EXISTS `purchase_notifications`;
/*!40101 SET @saved_cs_client     = @@character_set_client */;
/*!50503 SET character_set_client = utf8mb4 */;
CREATE TABLE `purchase_notifications` (
  `id` int unsigned NOT NULL AUTO_INCREMENT,
  `start_at` bigint DEFAULT NULL,
  `end_at` bigint DEFAULT NULL,
  `popup_duration` int unsigned DEFAULT NULL,
  `popup_delay` int unsigned DEFAULT NULL,
  `maximum_purchase_amount` int unsigned DEFAULT NULL,
  `maximum_community_age` int unsigned DEFAULT NULL,
  `display_type` enum('overall','per_session') CHARACTER SET utf8mb4 COLLATE utf8mb4_general_ci NOT NULL,
  `display_time` int unsigned DEFAULT NULL,
  `display_for_logged_out_users` tinyint(1) NOT NULL DEFAULT '0',
  `enable` tinyint(1) NOT NULL DEFAULT '0',
  `created_at` bigint NOT NULL,
  PRIMARY KEY (`id`)
) ENGINE=InnoDB AUTO_INCREMENT=2 DEFAULT CHARSET=utf8mb4 COLLATE=utf8mb4_general_ci;
/*!40101 SET character_set_client = @saved_cs_client */;

--
-- Dumping data for table `purchase_notifications`
--

LOCK TABLES `purchase_notifications` WRITE;
/*!40000 ALTER TABLE `purchase_notifications` DISABLE KEYS */;
INSERT INTO `purchase_notifications` VALUES (1,1709269200,1868673600,12,15,NULL,NULL,'per_session',99999,1,0,1709375811);
/*!40000 ALTER TABLE `purchase_notifications` ENABLE KEYS */;
UNLOCK TABLES;

--
-- Table structure for table `purchases`
--

DROP TABLE IF EXISTS `purchases`;
/*!40101 SET @saved_cs_client     = @@character_set_client */;
/*!50503 SET character_set_client = utf8mb4 */;
CREATE TABLE `purchases` (
  `id` int unsigned NOT NULL AUTO_INCREMENT,
  `webinar_id` int unsigned NOT NULL,
  `user_id` int unsigned NOT NULL,
  `created_at` int NOT NULL,
  PRIMARY KEY (`id`) USING BTREE,
  KEY `purchases_webinar_id_foreign` (`webinar_id`) USING BTREE,
  KEY `purchases_user_id_foreign` (`user_id`) USING BTREE,
  CONSTRAINT `purchases_user_id_foreign` FOREIGN KEY (`user_id`) REFERENCES `users` (`id`) ON DELETE CASCADE,
  CONSTRAINT `purchases_webinar_id_foreign` FOREIGN KEY (`webinar_id`) REFERENCES `webinars` (`id`) ON DELETE CASCADE
) ENGINE=InnoDB DEFAULT CHARSET=utf8mb4 COLLATE=utf8mb4_unicode_ci ROW_FORMAT=DYNAMIC;
/*!40101 SET character_set_client = @saved_cs_client */;

--
-- Dumping data for table `purchases`
--

LOCK TABLES `purchases` WRITE;
/*!40000 ALTER TABLE `purchases` DISABLE KEYS */;
/*!40000 ALTER TABLE `purchases` ENABLE KEYS */;
UNLOCK TABLES;

--
-- Table structure for table `quiz_question_translations`
--

DROP TABLE IF EXISTS `quiz_question_translations`;
/*!40101 SET @saved_cs_client     = @@character_set_client */;
/*!50503 SET character_set_client = utf8mb4 */;
CREATE TABLE `quiz_question_translations` (
  `id` bigint unsigned NOT NULL AUTO_INCREMENT,
  `quizzes_question_id` int unsigned NOT NULL,
  `locale` varchar(255) CHARACTER SET utf8mb4 COLLATE utf8mb4_unicode_ci NOT NULL,
  `title` text CHARACTER SET utf8mb4 COLLATE utf8mb4_unicode_ci NOT NULL,
  `correct` text CHARACTER SET utf8mb4 COLLATE utf8mb4_unicode_ci,
  PRIMARY KEY (`id`),
  KEY `quiz_question_translations_quiz_question_id_foreign` (`quizzes_question_id`),
  KEY `quiz_question_translations_locale_index` (`locale`),
  CONSTRAINT `quiz_question_translations_quiz_question_id_foreign` FOREIGN KEY (`quizzes_question_id`) REFERENCES `quizzes_questions` (`id`) ON DELETE CASCADE
) ENGINE=InnoDB AUTO_INCREMENT=75 DEFAULT CHARSET=utf8mb4 COLLATE=utf8mb4_unicode_ci;
/*!40101 SET character_set_client = @saved_cs_client */;

--
-- Dumping data for table `quiz_question_translations`
--

LOCK TABLES `quiz_question_translations` WRITE;
/*!40000 ALTER TABLE `quiz_question_translations` DISABLE KEYS */;
INSERT INTO `quiz_question_translations` VALUES (6,46,'en','What is the number of things we should do before the meeting?',NULL),(7,47,'en','What should we do during the meeting?','Start the meeting promptly on schedule and do not wait for others to arrive. A large amount of professional time is wasted by leaders who wait for more people to arrive before starting a meeting. It may require a change in the culture, but once people know that you start your meetings on time, they will arrive on time.'),(8,48,'en','What should we do before the meeting?','Make sure people come to the meeting prepared. Yes, this will require effort beyond simply scheduling the call, but youll reap enormous benefits if you distribute agendas and other relevant materials to attendees ahead of time. Work smart and leverage technology to help you prep meeting content.'),(9,49,'en','What should we do after the meeting?','Preserve content so it doesn\'t need to be repeated. Many of our survey respondents reported that they have a huge problem with content persistence (meaning that they have trouble making sure that files, video, web pages, whiteboards, annotations, etc., exist after a meeting ends). The key here is to stop conceiving of meetings as events with a definite beginning and an end. Instead, recognize that meetings are often segments of larger projects and look for technology that can preserve and instantly restore your sessions exactly where you left off.'),(10,50,'en','What is the number of things we should do after the meeting?',NULL),(16,56,'en','Which photo belongs to France?',NULL),(17,57,'en','Which image is about a teacher\'s job?',NULL),(18,58,'en','Which image is about a fireman\'s job?',NULL),(19,59,'en','Which animal lives in water?',NULL),(20,60,'en','Which image is autumn?',NULL),(31,71,'en','Which photo belongs to France?',NULL),(32,72,'en','Which image is about a teacher\'s job?',NULL),(33,73,'en','Which image is about a fireman\'s job?',NULL),(34,74,'en','Which animal lives in water?',NULL),(35,75,'en','Which image is autumn?',NULL),(36,76,'en','Please watch the video and select the correct answer',NULL),(60,81,'en','Why is it essential for SMEs to focus on user-centered design when developing products and services?',NULL),(61,82,'en','Which of the following is a key factor for SMEs when designing a new product?',NULL),(62,83,'en','In the context of service design, what does service blueprinting refer to?',NULL),(63,84,'en','What is the primary benefit of using prototypes in product design?',NULL),(64,85,'en','For SMEs, which design approach can often help in reducing costs and ensuring resource efficiency?',NULL),(69,90,'en','What is the primary purpose of courtroom technology in modern trials?',NULL),(70,91,'en','Which of the following technologies is commonly used for remote testimonies in courtrooms?',NULL),(71,92,'en','What is the main function of evidence presentation technology in courtrooms?',NULL),(72,93,'en','What is your name',NULL),(73,94,'en','Tell me a story','The story has to be Precise'),(74,95,'en','Where are you going to?',NULL);
/*!40000 ALTER TABLE `quiz_question_translations` ENABLE KEYS */;
UNLOCK TABLES;

--
-- Table structure for table `quiz_translations`
--

DROP TABLE IF EXISTS `quiz_translations`;
/*!40101 SET @saved_cs_client     = @@character_set_client */;
/*!50503 SET character_set_client = utf8mb4 */;
CREATE TABLE `quiz_translations` (
  `id` bigint unsigned NOT NULL AUTO_INCREMENT,
  `quiz_id` int unsigned NOT NULL,
  `locale` varchar(255) CHARACTER SET utf8mb4 COLLATE utf8mb4_unicode_ci NOT NULL,
  `title` text CHARACTER SET utf8mb4 COLLATE utf8mb4_unicode_ci NOT NULL,
  PRIMARY KEY (`id`),
  KEY `quiz_translations_quiz_id_foreign` (`quiz_id`),
  KEY `quiz_translations_locale_index` (`locale`),
  CONSTRAINT `quiz_translations_quiz_id_foreign` FOREIGN KEY (`quiz_id`) REFERENCES `quizzes` (`id`) ON DELETE CASCADE
) ENGINE=InnoDB AUTO_INCREMENT=29 DEFAULT CHARSET=utf8mb4 COLLATE=utf8mb4_unicode_ci;
/*!40101 SET character_set_client = @saved_cs_client */;

--
-- Dumping data for table `quiz_translations`
--

LOCK TABLES `quiz_translations` WRITE;
/*!40000 ALTER TABLE `quiz_translations` DISABLE KEYS */;
INSERT INTO `quiz_translations` VALUES (2,30,'en','First Quiz'),(5,33,'en','Midterm Quiz'),(7,35,'en','Entrance Quiz'),(22,45,'en','Quiz'),(25,48,'en','Basics In Courtroom Tech'),(27,50,'en','Video 2'),(28,51,'en','Video 3');
/*!40000 ALTER TABLE `quiz_translations` ENABLE KEYS */;
UNLOCK TABLES;

--
-- Table structure for table `quizzes`
--

DROP TABLE IF EXISTS `quizzes`;
/*!40101 SET @saved_cs_client     = @@character_set_client */;
/*!50503 SET character_set_client = utf8mb4 */;
CREATE TABLE `quizzes` (
  `id` int unsigned NOT NULL AUTO_INCREMENT,
  `webinar_id` int unsigned DEFAULT NULL,
  `creator_id` int unsigned NOT NULL,
  `chapter_id` int unsigned DEFAULT NULL,
  `time` int DEFAULT '0',
  `attempt` int DEFAULT NULL,
  `pass_mark` int NOT NULL,
  `certificate` tinyint(1) NOT NULL,
  `status` enum('active','inactive') CHARACTER SET utf8mb4 COLLATE utf8mb4_unicode_ci NOT NULL,
  `total_mark` int unsigned DEFAULT NULL,
  `display_limited_questions` tinyint(1) NOT NULL DEFAULT '0',
  `display_number_of_questions` int unsigned DEFAULT NULL,
  `display_questions_randomly` tinyint(1) NOT NULL DEFAULT '0',
  `expiry_days` int unsigned DEFAULT NULL,
  `created_at` int NOT NULL,
  `updated_at` int DEFAULT NULL,
  PRIMARY KEY (`id`) USING BTREE,
  KEY `quizzes_webinar_id_foreign` (`webinar_id`) USING BTREE,
  KEY `quizzes_creator_id_foreign` (`creator_id`) USING BTREE,
  KEY `quizzes_chapter_id_foreign` (`chapter_id`),
  CONSTRAINT `quizzes_chapter_id_foreign` FOREIGN KEY (`chapter_id`) REFERENCES `webinar_chapters` (`id`) ON DELETE CASCADE,
  CONSTRAINT `quizzes_creator_id_foreign` FOREIGN KEY (`creator_id`) REFERENCES `users` (`id`) ON DELETE CASCADE,
  CONSTRAINT `quizzes_webinar_id_foreign` FOREIGN KEY (`webinar_id`) REFERENCES `webinars` (`id`) ON DELETE CASCADE
) ENGINE=InnoDB AUTO_INCREMENT=52 DEFAULT CHARSET=utf8mb4 COLLATE=utf8mb4_unicode_ci ROW_FORMAT=DYNAMIC;
/*!40101 SET character_set_client = @saved_cs_client */;

--
-- Dumping data for table `quizzes`
--

LOCK TABLES `quizzes` WRITE;
/*!40000 ALTER TABLE `quizzes` DISABLE KEYS */;
INSERT INTO `quizzes` VALUES (30,1999,1076,NULL,20,5,60,1,'active',100,0,NULL,0,NULL,1625039490,NULL),(33,1998,1015,NULL,10,4,60,1,'active',100,0,NULL,0,NULL,1625951048,1625951430),(35,2008,1015,NULL,10,3,75,1,'active',100,0,NULL,0,NULL,1646173391,1646174129),(45,2024,1015,52,NULL,2,70,1,'active',100,0,NULL,1,NULL,1730213717,1730214818),(48,1997,934,24,20,5,60,0,'active',100,0,NULL,1,NULL,1734805749,1734806077),(50,2030,929,60,NULL,NULL,100,1,'active',NULL,0,NULL,1,NULL,1735460423,NULL),(51,2030,929,60,NULL,NULL,100,0,'active',80,0,NULL,0,NULL,1735460449,NULL);
/*!40000 ALTER TABLE `quizzes` ENABLE KEYS */;
UNLOCK TABLES;

--
-- Table structure for table `quizzes_questions`
--

DROP TABLE IF EXISTS `quizzes_questions`;
/*!40101 SET @saved_cs_client     = @@character_set_client */;
/*!50503 SET character_set_client = utf8mb4 */;
CREATE TABLE `quizzes_questions` (
  `id` int unsigned NOT NULL AUTO_INCREMENT,
  `quiz_id` int unsigned NOT NULL,
  `creator_id` int unsigned NOT NULL,
  `grade` varchar(255) CHARACTER SET utf8mb4 COLLATE utf8mb4_unicode_ci NOT NULL,
  `type` enum('multiple','descriptive') CHARACTER SET utf8mb4 COLLATE utf8mb4_unicode_ci NOT NULL,
  `image` text CHARACTER SET utf8mb4 COLLATE utf8mb4_unicode_ci,
  `video` text CHARACTER SET utf8mb4 COLLATE utf8mb4_unicode_ci,
  `order` int unsigned DEFAULT NULL,
  `created_at` int NOT NULL,
  `updated_at` int DEFAULT NULL,
  PRIMARY KEY (`id`) USING BTREE,
  KEY `quizzes_questions_quiz_id_foreign` (`quiz_id`) USING BTREE,
  KEY `quizzes_questions_creator_id_foreign` (`creator_id`) USING BTREE,
  CONSTRAINT `quizzes_questions_creator_id_foreign` FOREIGN KEY (`creator_id`) REFERENCES `users` (`id`) ON DELETE CASCADE,
  CONSTRAINT `quizzes_questions_quiz_id_foreign` FOREIGN KEY (`quiz_id`) REFERENCES `quizzes` (`id`) ON DELETE CASCADE
) ENGINE=InnoDB AUTO_INCREMENT=96 DEFAULT CHARSET=utf8mb4 COLLATE=utf8mb4_unicode_ci ROW_FORMAT=DYNAMIC;
/*!40101 SET character_set_client = @saved_cs_client */;

--
-- Dumping data for table `quizzes_questions`
--

LOCK TABLES `quizzes_questions` WRITE;
/*!40000 ALTER TABLE `quizzes_questions` DISABLE KEYS */;
INSERT INTO `quizzes_questions` VALUES (46,30,929,'20','multiple',NULL,NULL,NULL,1625039743,NULL),(47,30,929,'20','descriptive',NULL,NULL,NULL,1625040028,1625040475),(48,30,929,'20','descriptive',NULL,NULL,NULL,1625040598,NULL),(49,30,929,'20','descriptive',NULL,NULL,NULL,1625040865,NULL),(50,30,929,'20','multiple',NULL,NULL,NULL,1625040978,NULL),(56,33,1015,'20','multiple',NULL,NULL,NULL,1625951156,NULL),(57,33,1015,'20','multiple',NULL,NULL,NULL,1625951217,NULL),(58,33,1015,'20','multiple',NULL,NULL,NULL,1625951303,NULL),(59,33,1015,'20','multiple',NULL,NULL,NULL,1625951366,NULL),(60,33,1015,'20','multiple',NULL,NULL,NULL,1625951427,NULL),(71,35,1015,'20','multiple',NULL,NULL,NULL,1646173476,NULL),(72,35,1015,'20','multiple',NULL,NULL,NULL,1646173553,NULL),(73,35,1015,'20','multiple',NULL,NULL,NULL,1646173606,NULL),(74,35,1015,'20','multiple',NULL,NULL,NULL,1646173664,NULL),(75,35,1015,'10','multiple',NULL,NULL,NULL,1646173719,1656191827),(76,35,1015,'10','multiple',NULL,'/store/1015/Learn Linux In 5 Days.mp4',NULL,1656191784,NULL),(81,45,1015,'20','multiple',NULL,NULL,1,1730213801,NULL),(82,45,1015,'20','multiple',NULL,NULL,2,1730213853,NULL),(83,45,1015,'20','multiple',NULL,NULL,3,1730213899,NULL),(84,45,1015,'20','multiple',NULL,NULL,4,1730213950,NULL),(85,45,1015,'20','multiple',NULL,NULL,5,1730213998,NULL),(90,48,934,'10','multiple',NULL,NULL,1,1734805960,NULL),(91,48,934,'20','multiple',NULL,NULL,2,1734806017,NULL),(92,48,934,'70','multiple',NULL,NULL,3,1734806072,NULL),(93,51,929,'20','multiple',NULL,NULL,1,1735460596,NULL),(94,51,929,'20','descriptive',NULL,NULL,2,1735460694,NULL),(95,51,929,'40','multiple',NULL,NULL,3,1735460750,NULL);
/*!40000 ALTER TABLE `quizzes_questions` ENABLE KEYS */;
UNLOCK TABLES;

--
-- Table structure for table `quizzes_questions_answer_translations`
--

DROP TABLE IF EXISTS `quizzes_questions_answer_translations`;
/*!40101 SET @saved_cs_client     = @@character_set_client */;
/*!50503 SET character_set_client = utf8mb4 */;
CREATE TABLE `quizzes_questions_answer_translations` (
  `id` bigint unsigned NOT NULL AUTO_INCREMENT,
  `quizzes_questions_answer_id` int unsigned NOT NULL,
  `locale` varchar(255) CHARACTER SET utf8mb4 COLLATE utf8mb4_unicode_ci NOT NULL,
  `title` text CHARACTER SET utf8mb4 COLLATE utf8mb4_unicode_ci,
  PRIMARY KEY (`id`),
  KEY `quizzes_questions_answer_id` (`quizzes_questions_answer_id`),
  KEY `quizzes_questions_answer_translations_locale_index` (`locale`),
  CONSTRAINT `quizzes_questions_answer_id` FOREIGN KEY (`quizzes_questions_answer_id`) REFERENCES `quizzes_questions_answers` (`id`) ON DELETE CASCADE
) ENGINE=InnoDB AUTO_INCREMENT=198 DEFAULT CHARSET=utf8mb4 COLLATE=utf8mb4_unicode_ci;
/*!40101 SET character_set_client = @saved_cs_client */;

--
-- Dumping data for table `quizzes_questions_answer_translations`
--

LOCK TABLES `quizzes_questions_answer_translations` WRITE;
/*!40000 ALTER TABLE `quizzes_questions_answer_translations` DISABLE KEYS */;
INSERT INTO `quizzes_questions_answer_translations` VALUES (37,107,'en','5'),(38,108,'en','2'),(39,109,'en','7'),(40,110,'en','9'),(41,111,'en','4'),(42,112,'en','6'),(43,113,'en','2'),(44,114,'en','5'),(65,135,'en',NULL),(66,136,'en',NULL),(67,137,'en',NULL),(68,138,'en',NULL),(69,139,'en',NULL),(70,140,'en',NULL),(71,141,'en',NULL),(72,142,'en',NULL),(73,143,'en',NULL),(74,144,'en',NULL),(75,145,'en',NULL),(76,146,'en',NULL),(77,147,'en',NULL),(78,148,'en',NULL),(79,149,'en',NULL),(80,150,'en',NULL),(81,151,'en',NULL),(82,152,'en',NULL),(83,153,'en',NULL),(84,154,'en',NULL),(121,191,'en',NULL),(122,192,'en',NULL),(123,193,'en',NULL),(124,194,'en',NULL),(125,195,'en',NULL),(126,196,'en',NULL),(127,197,'en',NULL),(128,198,'en',NULL),(129,199,'en',NULL),(130,200,'en',NULL),(131,201,'en',NULL),(132,202,'en',NULL),(133,203,'en',NULL),(134,204,'en',NULL),(135,205,'en',NULL),(136,206,'en',NULL),(137,207,'en',NULL),(138,208,'en',NULL),(139,209,'en',NULL),(140,210,'en',NULL),(141,211,'en','Latest version of Linux was 15 in 2020'),(142,212,'en','Latest version of Linux was 12 in 2019'),(143,213,'en','Latest version of Linux was 13 in 2020'),(144,214,'en','Latest version of Linux was 10 in 2019'),(151,221,'en','It reduces costs'),(152,222,'en','It enhances customer satisfaction and loyalty'),(153,223,'en','It minimizes the need for customer service'),(154,224,'en','It speeds up product development'),(155,225,'en','Limiting customer feedback'),(156,226,'en','Avoiding competition'),(157,227,'en','Understanding the target markets needs and preferences'),(158,228,'en','Prioritizing high-cost materials'),(159,229,'en','A visual map that outlines the customers journey and the processes supporting it'),(160,230,'en','A financial projection of service profitability'),(161,231,'en','A plan to outsource service delivery'),(162,232,'en','A list of competitors services'),(163,233,'en','To make the product final and ready for market'),(164,234,'en','To understand potential issues and refine solutions before full production'),(165,235,'en','To increase manufacturing costs early on'),(166,236,'en','To eliminate the need for testing'),(167,237,'en','Custom design for every customer'),(168,238,'en','Modular design, which allows parts to be interchanged and reused'),(169,239,'en','Design with a high number of specialized materials'),(170,240,'en','Solely aesthetic design focus'),(185,255,'en','To replace legal counsel'),(186,256,'en','To enhance the presentation of evidence and streamline proceedings'),(187,257,'en','To reduce courtroom staff'),(188,258,'en','Smartboards'),(189,259,'en','Videoconferencing systems'),(190,260,'en','3D printers'),(191,261,'en','To allow digital editing of evidence'),(192,262,'en','To display evidence clearly to all parties, including judges, jurors, and attorneys'),(193,263,'en','To archive evidence permanently'),(194,264,'en','Kelechi'),(195,265,'en','Kenya'),(196,266,'en','Rwanda'),(197,267,'en','Egypt');
/*!40000 ALTER TABLE `quizzes_questions_answer_translations` ENABLE KEYS */;
UNLOCK TABLES;

--
-- Table structure for table `quizzes_questions_answers`
--

DROP TABLE IF EXISTS `quizzes_questions_answers`;
/*!40101 SET @saved_cs_client     = @@character_set_client */;
/*!50503 SET character_set_client = utf8mb4 */;
CREATE TABLE `quizzes_questions_answers` (
  `id` int unsigned NOT NULL AUTO_INCREMENT,
  `creator_id` int unsigned NOT NULL,
  `question_id` int unsigned NOT NULL,
  `image` text CHARACTER SET utf8mb4 COLLATE utf8mb4_unicode_ci,
  `correct` tinyint(1) NOT NULL DEFAULT '0',
  `created_at` int NOT NULL,
  `updated_at` int DEFAULT NULL,
  PRIMARY KEY (`id`) USING BTREE,
  KEY `quizzes_questions_answers_question_id_foreign` (`question_id`) USING BTREE,
  KEY `quizzes_questions_answers_creator_id_foreign` (`creator_id`) USING BTREE,
  CONSTRAINT `quizzes_questions_answers_creator_id_foreign` FOREIGN KEY (`creator_id`) REFERENCES `users` (`id`) ON DELETE CASCADE,
  CONSTRAINT `quizzes_questions_answers_question_id_foreign` FOREIGN KEY (`question_id`) REFERENCES `quizzes_questions` (`id`) ON DELETE CASCADE
) ENGINE=InnoDB AUTO_INCREMENT=268 DEFAULT CHARSET=utf8mb4 COLLATE=utf8mb4_unicode_ci ROW_FORMAT=DYNAMIC;
/*!40101 SET character_set_client = @saved_cs_client */;

--
-- Dumping data for table `quizzes_questions_answers`
--

LOCK TABLES `quizzes_questions_answers` WRITE;
/*!40000 ALTER TABLE `quizzes_questions_answers` DISABLE KEYS */;
INSERT INTO `quizzes_questions_answers` VALUES (107,929,46,NULL,1,1625039743,NULL),(108,929,46,NULL,0,1625039743,NULL),(109,929,46,NULL,0,1625039743,NULL),(110,929,46,NULL,0,1625039743,NULL),(111,929,50,NULL,0,1625040978,NULL),(112,929,50,NULL,1,1625040978,NULL),(113,929,50,NULL,0,1625040978,NULL),(114,929,50,NULL,0,1625040978,NULL),(135,1015,56,'/store/1015/quiz/q1 (1).jpg',1,1625951156,NULL),(136,1015,56,'/store/1015/quiz/q1 (2).jpg',0,1625951156,NULL),(137,1015,56,'/store/1015/quiz/q1 (3).jpg',0,1625951156,NULL),(138,1015,56,'/store/1015/quiz/q1 (4).jpg',0,1625951156,NULL),(139,1015,57,'/store/1015/quiz/q2 (1).jpg',1,1625951217,NULL),(140,1015,57,'/store/1015/quiz/q2 (2).jpg',0,1625951217,NULL),(141,1015,57,'/store/1015/quiz/q2 (3).jpg',0,1625951217,NULL),(142,1015,57,'/store/1015/quiz/q2 (4).jpg',0,1625951217,NULL),(143,1015,58,'/store/1015/quiz/q3 (1).jpg',1,1625951303,NULL),(144,1015,58,'/store/1015/quiz/q3 (2).jpg',0,1625951303,NULL),(145,1015,58,'/store/1015/quiz/q3 (3).jpg',0,1625951303,NULL),(146,1015,58,'/store/1015/quiz/q3 (4).jpg',0,1625951303,NULL),(147,1015,59,'/store/1015/quiz/q4 (1).jpg',0,1625951366,NULL),(148,1015,59,'/store/1015/quiz/q4 (2).jpg',0,1625951366,NULL),(149,1015,59,'/store/1015/quiz/q4 (3).jpg',1,1625951366,NULL),(150,1015,59,'/store/1015/quiz/q4 (4).jpg',0,1625951366,NULL),(151,1015,60,'/store/1015/quiz/q5 (1).jpg',0,1625951427,NULL),(152,1015,60,'/store/1015/quiz/q5 (2).jpg',1,1625951427,NULL),(153,1015,60,'/store/1015/quiz/q5 (3).jpg',0,1625951427,NULL),(154,1015,60,'/store/1015/quiz/q5 (4).jpg',0,1625951427,NULL),(191,1015,71,'/store/1015/quiz/q1 (1).jpg',1,1646173476,NULL),(192,1015,71,'/store/1015/quiz/q1 (2).jpg',0,1646173476,NULL),(193,1015,71,'/store/1015/quiz/q1 (3).jpg',0,1646173476,NULL),(194,1015,71,'/store/1015/quiz/q1 (4).jpg',0,1646173476,NULL),(195,1015,72,'/store/1015/quiz/q2 (1).jpg',1,1646173553,NULL),(196,1015,72,'/store/1015/quiz/q2 (2).jpg',0,1646173553,NULL),(197,1015,72,'/store/1015/quiz/q2 (3).jpg',0,1646173553,NULL),(198,1015,72,'/store/1015/quiz/q2 (4).jpg',0,1646173553,NULL),(199,1015,73,'/store/1015/quiz/q3 (1).jpg',1,1646173606,NULL),(200,1015,73,'/store/1015/quiz/q3 (2).jpg',0,1646173606,NULL),(201,1015,73,'/store/1015/quiz/q3 (3).jpg',0,1646173606,NULL),(202,1015,73,'/store/1015/quiz/q3 (4).jpg',0,1646173606,NULL),(203,1015,74,'/store/1015/quiz/q4 (1).jpg',0,1646173664,NULL),(204,1015,74,'/store/1015/quiz/q4 (2).jpg',0,1646173664,NULL),(205,1015,74,'/store/1015/quiz/q4 (3).jpg',1,1646173664,NULL),(206,1015,74,'/store/1015/quiz/q4 (4).jpg',0,1646173664,NULL),(207,1015,75,'/store/1015/quiz/q5 (1).jpg',0,1656191827,NULL),(208,1015,75,'/store/1015/quiz/q5 (2).jpg',1,1656191827,NULL),(209,1015,75,'/store/1015/quiz/q5 (3).jpg',0,1656191827,NULL),(210,1015,75,'/store/1015/quiz/q5 (4).jpg',0,1656191827,NULL),(211,1015,76,NULL,1,1656191784,NULL),(212,1015,76,NULL,0,1656191784,NULL),(213,1015,76,NULL,0,1656191784,NULL),(214,1015,76,NULL,0,1656191784,NULL),(221,1015,81,NULL,0,1730213801,NULL),(222,1015,81,NULL,1,1730213801,NULL),(223,1015,81,NULL,0,1730213801,NULL),(224,1015,81,NULL,0,1730213801,NULL),(225,1015,82,NULL,0,1730213853,NULL),(226,1015,82,NULL,0,1730213853,NULL),(227,1015,82,NULL,1,1730213853,NULL),(228,1015,82,NULL,0,1730213853,NULL),(229,1015,83,NULL,1,1730213899,NULL),(230,1015,83,NULL,0,1730213899,NULL),(231,1015,83,NULL,0,1730213899,NULL),(232,1015,83,NULL,0,1730213899,NULL),(233,1015,84,NULL,0,1730213950,NULL),(234,1015,84,NULL,1,1730213950,NULL),(235,1015,84,NULL,0,1730213950,NULL),(236,1015,84,NULL,0,1730213950,NULL),(237,1015,85,NULL,0,1730213998,NULL),(238,1015,85,NULL,1,1730213998,NULL),(239,1015,85,NULL,0,1730213998,NULL),(240,1015,85,NULL,0,1730213998,NULL),(255,934,90,NULL,0,1734805960,NULL),(256,934,90,NULL,1,1734805960,NULL),(257,934,90,NULL,0,1734805960,NULL),(258,934,91,NULL,0,1734806017,NULL),(259,934,91,NULL,1,1734806017,NULL),(260,934,91,NULL,0,1734806017,NULL),(261,934,92,NULL,0,1734806072,NULL),(262,934,92,NULL,1,1734806072,NULL),(263,934,92,NULL,0,1734806072,NULL),(264,929,93,NULL,1,1735460596,NULL),(265,929,95,NULL,0,1735460750,NULL),(266,929,95,NULL,0,1735460750,NULL),(267,929,95,NULL,1,1735460750,NULL);
/*!40000 ALTER TABLE `quizzes_questions_answers` ENABLE KEYS */;
UNLOCK TABLES;

--
-- Table structure for table `quizzes_results`
--

DROP TABLE IF EXISTS `quizzes_results`;
/*!40101 SET @saved_cs_client     = @@character_set_client */;
/*!50503 SET character_set_client = utf8mb4 */;
CREATE TABLE `quizzes_results` (
  `id` int unsigned NOT NULL AUTO_INCREMENT,
  `quiz_id` int unsigned NOT NULL,
  `user_id` int unsigned NOT NULL,
  `results` text CHARACTER SET utf8mb4 COLLATE utf8mb4_unicode_ci,
  `user_grade` int DEFAULT NULL,
  `status` enum('passed','failed','waiting') CHARACTER SET utf8mb4 COLLATE utf8mb4_unicode_ci NOT NULL,
  `created_at` int NOT NULL,
  PRIMARY KEY (`id`) USING BTREE,
  KEY `quizzes_results_quiz_id_foreign` (`quiz_id`) USING BTREE,
  KEY `quizzes_results_user_id_foreign` (`user_id`) USING BTREE,
  CONSTRAINT `quizzes_results_quiz_id_foreign` FOREIGN KEY (`quiz_id`) REFERENCES `quizzes` (`id`) ON DELETE CASCADE,
  CONSTRAINT `quizzes_results_user_id_foreign` FOREIGN KEY (`user_id`) REFERENCES `users` (`id`) ON DELETE CASCADE
) ENGINE=InnoDB AUTO_INCREMENT=61 DEFAULT CHARSET=utf8mb4 COLLATE=utf8mb4_unicode_ci ROW_FORMAT=DYNAMIC;
/*!40101 SET character_set_client = @saved_cs_client */;

--
-- Dumping data for table `quizzes_results`
--

LOCK TABLES `quizzes_results` WRITE;
/*!40000 ALTER TABLE `quizzes_results` DISABLE KEYS */;
INSERT INTO `quizzes_results` VALUES (58,45,1055,'{\"81\":{\"answer\":\"222\",\"status\":true,\"grade\":\"20\"},\"82\":{\"answer\":\"227\",\"status\":true,\"grade\":\"20\"},\"85\":{\"answer\":\"238\",\"status\":true,\"grade\":\"20\"},\"83\":{\"answer\":\"229\",\"status\":true,\"grade\":\"20\"},\"84\":{\"answer\":\"234\",\"status\":true,\"grade\":\"20\"},\"attempt_number\":\"1\"}',100,'passed',1732401598),(59,48,1081,'{\"90\":{\"answer\":\"256\",\"status\":true,\"grade\":\"10\"},\"91\":{\"answer\":\"259\",\"status\":true,\"grade\":\"20\"},\"92\":{\"answer\":\"262\",\"status\":true,\"grade\":\"70\"},\"attempt_number\":\"1\"}',100,'passed',1734806810),(60,48,1121,'{\"92\":{\"answer\":\"262\",\"status\":true,\"grade\":\"70\"},\"90\":{\"answer\":\"256\",\"status\":true,\"grade\":\"10\"},\"91\":{\"answer\":\"259\",\"status\":true,\"grade\":\"20\"},\"attempt_number\":\"1\"}',100,'passed',1737828291);
/*!40000 ALTER TABLE `quizzes_results` ENABLE KEYS */;
UNLOCK TABLES;

--
-- Table structure for table `rating`
--

DROP TABLE IF EXISTS `rating`;
/*!40101 SET @saved_cs_client     = @@character_set_client */;
/*!50503 SET character_set_client = utf8mb4 */;
CREATE TABLE `rating` (
  `id` int unsigned NOT NULL AUTO_INCREMENT,
  `webinar_id` int unsigned NOT NULL,
  `user_id` int unsigned NOT NULL,
  `creator_id` int unsigned NOT NULL,
  `rate` int unsigned NOT NULL,
  PRIMARY KEY (`id`) USING BTREE,
  KEY `rating_user_id_foreign` (`user_id`) USING BTREE,
  KEY `rating_webinar_id_foreign` (`webinar_id`) USING BTREE,
  KEY `rating_creator_id_foreign` (`creator_id`) USING BTREE,
  CONSTRAINT `rating_creator_id_foreign` FOREIGN KEY (`creator_id`) REFERENCES `users` (`id`) ON DELETE CASCADE,
  CONSTRAINT `rating_user_id_foreign` FOREIGN KEY (`user_id`) REFERENCES `users` (`id`) ON DELETE CASCADE,
  CONSTRAINT `rating_webinar_id_foreign` FOREIGN KEY (`webinar_id`) REFERENCES `webinars` (`id`) ON DELETE CASCADE
) ENGINE=InnoDB DEFAULT CHARSET=utf8mb4 COLLATE=utf8mb4_unicode_ci ROW_FORMAT=DYNAMIC;
/*!40101 SET character_set_client = @saved_cs_client */;

--
-- Dumping data for table `rating`
--

LOCK TABLES `rating` WRITE;
/*!40000 ALTER TABLE `rating` DISABLE KEYS */;
/*!40000 ALTER TABLE `rating` ENABLE KEYS */;
UNLOCK TABLES;

--
-- Table structure for table `regions`
--

DROP TABLE IF EXISTS `regions`;
/*!40101 SET @saved_cs_client     = @@character_set_client */;
/*!50503 SET character_set_client = utf8mb4 */;
CREATE TABLE `regions` (
  `id` int unsigned NOT NULL AUTO_INCREMENT,
  `country_id` int unsigned DEFAULT NULL,
  `province_id` int unsigned DEFAULT NULL,
  `city_id` int unsigned DEFAULT NULL,
  `geo_center` point DEFAULT NULL,
  `type` enum('country','province','city','district') CHARACTER SET utf8mb4 COLLATE utf8mb4_unicode_ci NOT NULL,
  `title` varchar(255) CHARACTER SET utf8mb4 COLLATE utf8mb4_unicode_ci NOT NULL,
  `created_at` int unsigned NOT NULL,
  PRIMARY KEY (`id`),
  KEY `regions_country_id_foreign` (`country_id`),
  KEY `regions_province_id_foreign` (`province_id`),
  KEY `regions_city_id_foreign` (`city_id`),
  CONSTRAINT `regions_city_id_foreign` FOREIGN KEY (`city_id`) REFERENCES `regions` (`id`) ON DELETE CASCADE,
  CONSTRAINT `regions_country_id_foreign` FOREIGN KEY (`country_id`) REFERENCES `regions` (`id`) ON DELETE CASCADE,
  CONSTRAINT `regions_province_id_foreign` FOREIGN KEY (`province_id`) REFERENCES `regions` (`id`) ON DELETE CASCADE
) ENGINE=InnoDB AUTO_INCREMENT=73 DEFAULT CHARSET=utf8mb4 COLLATE=utf8mb4_unicode_ci;
/*!40101 SET character_set_client = @saved_cs_client */;

--
-- Dumping data for table `regions`
--

LOCK TABLES `regions` WRITE;
/*!40000 ALTER TABLE `regions` DISABLE KEYS */;
INSERT INTO `regions` VALUES (16,NULL,NULL,NULL,_binary '\0\0\0\0\0\0\0P,7\'H@\0\0\0\0\0@','country','France',1646175250),(17,NULL,NULL,NULL,_binary '\0\0\0\0\0\0\0\LQ\Z)7@\0\0\0\0PS@','country','India',1646045215),(18,NULL,NULL,NULL,_binary '\0\0\0\0\0\0\0yEC@\0\0\0\0x~X','country','United States',1646208799),(19,NULL,NULL,NULL,_binary '\0\0\0\0\0\0\0\\X!0@\0\0\0\0@\2@','country','Chad',1646045318),(20,NULL,NULL,NULL,_binary '\0\0\0\0\0\0\0\\\48@\0\0\0\0\cF@','country','Saudi Arabia',1646045651),(21,16,NULL,NULL,_binary '\0\0\0\0\0\0\0A}\0H@\0\0\0\0	','province','Brittany',1646175600),(22,16,NULL,NULL,_binary '\0\0\0\0\0\0\0T\"\mH@\0\0\0\0\@','province','le-de-France',1646176998),(23,16,22,NULL,_binary '\0\0\0\0\0\0\0C$+nH@\=\@','city','Paris',1646177038),(24,16,22,23,_binary '\0\0\0\0\0\0\0\e!AoH@\1Z@','district','Chaillot',1646177131),(25,16,22,23,_binary '\0\0\0\0\0\0\0\,hH@&@','district','Le val',1646177195),(26,16,22,23,_binary '\0\0\0\0\0\0\0\mH@\0\0\0\.@','district','Charonne',1646177249),(27,17,NULL,NULL,_binary '\0\0\0\0\0\0\02>Z<@\0\0\0JS@','province','Delhi',1646177430),(28,17,NULL,NULL,_binary '\0\0\0\0\0\0\0\3\3@\0\0%9R@','province','Maharashtra',1646177529),(29,17,27,NULL,_binary '\0\0\0\0\0\0\0NQ3 <@\0\0P\LS@','city','New Delhi',1646177585),(30,17,28,NULL,_binary '\0\0\0\0\0\0\0\j\'\2@\0\00[5R@','city','Mumbai',1646177660),(31,20,NULL,NULL,_binary '\0\0\0\0\0\0\0Z\ju8@\0\0\0J\C@','province','Medina',1646207588),(32,20,31,NULL,_binary '\0\0\0\0\0\0\0u\"\\y8@\0\0P(\C@','city','Medina',1646207641),(33,20,NULL,NULL,_binary '\0\0\0\0\0\0\0}r\8@\0\0\0\0|]G@','province','Riyadh',1646207846),(34,20,33,NULL,_binary '\0\0\0\0\0\0\03R\8@\0\0 |[G@','city','Riyadh',1646207899),(35,17,27,29,_binary '\0\0\0\0\0\0\0g~<@\0\0\0\\OS@','district','Jal vihar',1646208038),(36,17,27,29,_binary '\0\0\0\0\0\0\0VK%;<@\0\0\\MS@','district','Anand lok',1646208100),(37,17,28,30,_binary '\0\0\0\0\0\0\0tJ\\2@\0\0\0<4R@','district','Tardeo',1646208151),(38,17,28,30,_binary '\0\0\0\0\0\0\0\4}n\2@\0\0\055R@','district','Kala ghoda',1646208227),(39,17,28,30,_binary '\0\0\0\0\0\0\0Y\\03@o4R@','district','Nehru nagar',1646208287),(40,20,31,32,_binary '\0\0\0\0\0\0\0{\z8@\+\C@','district','Al fath',1646208357),(41,20,31,32,_binary '\0\0\0\0\0\0\0J5|8@\0\0\C@','district','Al mabuth',1646208449),(42,20,33,34,_binary '\0\0\0\0\0\0\0\^L8@\0\0!UG@','district','Al rafiah',1646208501),(43,20,33,34,_binary '\0\0\0\0\0\0\0G\O8@]G@','district','Al malaz',1646208541),(44,20,33,34,_binary '\0\0\0\0\0\0\0\]8@\0\0\WG@','district','Sultanah',1646208741),(45,18,NULL,NULL,_binary '\0\0\0\0\0\0\0BbGB@#\0\0\0\]','province','California',1646208923),(46,18,NULL,NULL,_binary '\0\0\0\0\0\0\0sjE@\0\0\0\0j\R','province','New York',1646209125),(47,18,45,NULL,_binary '\0\0\0\0\0\0\0\G[\B@\^','city','San Francisco',1646209213),(48,18,45,NULL,_binary '\0\0\0\0\0\0\0m8\|B@\\^','city','Santa Cruz',1646209310),(49,18,46,NULL,_binary '\0\0\0\0\0\0\0/\M\]D@\0\0PKR','city','New York',1646209459),(50,18,46,NULL,_binary '\0\0\0\0\0\0\05\\bySE@\0\0\0[pR','city','Albany',1646209552),(51,18,45,47,_binary '\0\0\0\0\0\0\0:\\B@^','district','Sunset district',1646209607),(52,18,45,47,_binary '\0\0\0\0\0\0\0dm\B@\W^','district','Bernal heights',1646209668),(53,18,45,48,_binary '\0\0\0\0\0\0\0y{B@\"\0\0\\^','district','Westside',1646209704),(54,18,45,48,_binary '\0\0\0\0\0\0\0\|B@\^','district','Seabright',1646209756),(55,18,46,49,_binary '\0\0\0\0\0\0\0P-7v[D@\0\0d\'R','district','Civic center',1646209822),(56,18,46,49,_binary '\0\0\0\0\0\0\0_H6bD@\h}R','district','Lenox hill',1646209902),(57,18,46,50,_binary '\0\0\0\0\0\0\0*oTE@\0\0~rR','district','Pine hills',1646209945),(58,18,46,50,_binary '\0\0\0\0\0\0\0*j\TE@\0\0\nUpR','district','Arbor hill',1646209990),(59,19,NULL,NULL,_binary '\0\0\0\0\0\0\0\/;nG(@\.@','province','N\'Djamna',1646210607),(60,19,59,NULL,_binary '\0\0\0\0\0\0\0VY=(@\0\0@\.@','city','N\'Djamna',1646210643),(61,19,NULL,NULL,_binary '\0\0\0\0\0\0\0wh`\iP!@\0\0\00@','province','Logone Occidental',1646210813),(62,19,61,NULL,_binary '\0\0\0\0\0\0\0\\B{q\"!@\0\0\0@','city','Moundou',1646210881),(63,19,59,60,_binary '\0\0\0\0\0\0\0./,\\r1(@\\q&.@','district','Moursal',1646210978),(64,19,59,60,_binary '\0\0\0\0\0\0\0\9(@\\.@','district','Blabline',1646211027),(65,19,61,62,_binary '\0\0\0\0\0\0\0\0y##!@\20@','district','Bornou',1646211077),(66,19,61,62,_binary '\0\0\0\0\0\0\0k\I!@\e0@','district','Dokapti',1646211168),(67,16,21,NULL,_binary '\0\0\0\0\0\0\0\?QiH@\\','city','Rennes',1646295560),(68,16,21,67,_binary '\0\0\0\0\0\0\0-;\H@\0\0\0T','district','Moulin du comte',1646295696),(69,NULL,NULL,NULL,_binary '\0\0\0\0\0\0\0APi\!@\0\0\0\@','country','Nigeria',1730362113),(70,69,NULL,NULL,_binary '\0\0\0\0\0\0\0\Eo!@\0\0\0\\@','province','Federal Capital Territory',1730362210),(71,69,70,NULL,_binary '\0\0\0\0\0\0\0]\"@\0\0\\\@','city','Abuja',1730362245),(72,69,70,71,_binary '\0\0\0\0\0\0\0}}z/#\"@\0@','district','Central Business District',1730362330);
/*!40000 ALTER TABLE `regions` ENABLE KEYS */;
UNLOCK TABLES;

--
-- Table structure for table `registration_packages`
--

DROP TABLE IF EXISTS `registration_packages`;
/*!40101 SET @saved_cs_client     = @@character_set_client */;
/*!50503 SET character_set_client = utf8mb4 */;
CREATE TABLE `registration_packages` (
  `id` int unsigned NOT NULL AUTO_INCREMENT,
  `days` int unsigned NOT NULL,
  `price` double(15,2) unsigned NOT NULL,
  `icon` varchar(255) CHARACTER SET utf8mb4 COLLATE utf8mb4_unicode_ci NOT NULL,
  `role` enum('instructors','organizations') CHARACTER SET utf8mb4 COLLATE utf8mb4_unicode_ci NOT NULL,
  `instructors_count` int DEFAULT NULL,
  `students_count` int DEFAULT NULL,
  `courses_capacity` int DEFAULT NULL,
  `courses_count` int DEFAULT NULL,
  `meeting_count` int DEFAULT NULL,
  `product_count` int unsigned DEFAULT NULL,
  `ai_content_access` tinyint(1) NOT NULL DEFAULT '0',
  `status` enum('disabled','active') CHARACTER SET utf8mb4 COLLATE utf8mb4_unicode_ci NOT NULL,
  `created_at` int unsigned NOT NULL,
  PRIMARY KEY (`id`),
  KEY `registration_packages_role_index` (`role`)
) ENGINE=InnoDB AUTO_INCREMENT=9 DEFAULT CHARSET=utf8mb4 COLLATE=utf8mb4_unicode_ci;
/*!40101 SET character_set_client = @saved_cs_client */;

--
-- Dumping data for table `registration_packages`
--

LOCK TABLES `registration_packages` WRITE;
/*!40000 ALTER TABLE `registration_packages` DISABLE KEYS */;
INSERT INTO `registration_packages` VALUES (1,30,99.00,'/store/1/default_images/registertion_packages/bronze_instructor.png','instructors',NULL,NULL,40,10,30,NULL,0,'active',1646040584),(2,90,199.00,'/store/1/default_images/registertion_packages/silver_instructor.png','instructors',NULL,NULL,60,20,50,NULL,0,'active',1646041075),(3,180,400.00,'/store/1/default_images/registertion_packages/gold_instructor.png','instructors',NULL,NULL,100,40,75,NULL,0,'active',1646041329),(4,30,200.00,'/store/1/default_images/registertion_packages/bronze_organization.png','organizations',5,50,40,10,30,NULL,0,'active',1646041807),(5,90,400.00,'/store/1/default_images/registertion_packages/silver_organization.png','organizations',10,100,70,20,50,NULL,0,'active',1646041992),(6,180,600.00,'/store/1/default_images/registertion_packages/gold_organization.png','organizations',30,300,150,50,100,NULL,0,'active',1646042364);
/*!40000 ALTER TABLE `registration_packages` ENABLE KEYS */;
UNLOCK TABLES;

--
-- Table structure for table `registration_packages_translations`
--

DROP TABLE IF EXISTS `registration_packages_translations`;
/*!40101 SET @saved_cs_client     = @@character_set_client */;
/*!50503 SET character_set_client = utf8mb4 */;
CREATE TABLE `registration_packages_translations` (
  `id` bigint unsigned NOT NULL AUTO_INCREMENT,
  `registration_package_id` int unsigned NOT NULL,
  `locale` varchar(255) CHARACTER SET utf8mb4 COLLATE utf8mb4_unicode_ci NOT NULL,
  `title` varchar(255) CHARACTER SET utf8mb4 COLLATE utf8mb4_unicode_ci NOT NULL,
  `description` varchar(255) CHARACTER SET utf8mb4 COLLATE utf8mb4_unicode_ci DEFAULT NULL,
  PRIMARY KEY (`id`),
  KEY `registration_package` (`registration_package_id`),
  KEY `registration_packages_translations_locale_index` (`locale`),
  CONSTRAINT `registration_package` FOREIGN KEY (`registration_package_id`) REFERENCES `registration_packages` (`id`) ON DELETE CASCADE
) ENGINE=InnoDB AUTO_INCREMENT=10 DEFAULT CHARSET=utf8mb4 COLLATE=utf8mb4_unicode_ci;
/*!40101 SET character_set_client = @saved_cs_client */;

--
-- Dumping data for table `registration_packages_translations`
--

LOCK TABLES `registration_packages_translations` WRITE;
/*!40000 ALTER TABLE `registration_packages_translations` DISABLE KEYS */;
INSERT INTO `registration_packages_translations` VALUES (1,1,'en','Basic','Suggested for starter instructors.'),(2,2,'en','Pro','Suggested for professional instructors.'),(3,3,'en','Premium','Suggested for expert instructors.'),(4,4,'en','Basic','Suggested for small organizations'),(5,5,'en','Pro','Suggested for medium organizations'),(6,6,'en','Premium','Suggested for big organizations');
/*!40000 ALTER TABLE `registration_packages_translations` ENABLE KEYS */;
UNLOCK TABLES;

--
-- Table structure for table `related_courses`
--

DROP TABLE IF EXISTS `related_courses`;
/*!40101 SET @saved_cs_client     = @@character_set_client */;
/*!50503 SET character_set_client = utf8mb4 */;
CREATE TABLE `related_courses` (
  `id` int unsigned NOT NULL AUTO_INCREMENT,
  `creator_id` int unsigned DEFAULT NULL,
  `targetable_id` int unsigned NOT NULL,
  `targetable_type` varchar(255) CHARACTER SET utf8mb4 COLLATE utf8mb4_general_ci NOT NULL,
  `course_id` int unsigned NOT NULL,
  `order` int unsigned DEFAULT NULL,
  PRIMARY KEY (`id`),
  KEY `related_courses_creator_id_foreign` (`creator_id`),
  KEY `related_courses_course_id_foreign` (`course_id`),
  CONSTRAINT `related_courses_course_id_foreign` FOREIGN KEY (`course_id`) REFERENCES `webinars` (`id`) ON DELETE CASCADE,
  CONSTRAINT `related_courses_creator_id_foreign` FOREIGN KEY (`creator_id`) REFERENCES `users` (`id`) ON DELETE CASCADE
) ENGINE=InnoDB AUTO_INCREMENT=4 DEFAULT CHARSET=utf8mb4 COLLATE=utf8mb4_general_ci;
/*!40101 SET character_set_client = @saved_cs_client */;

--
-- Dumping data for table `related_courses`
--

LOCK TABLES `related_courses` WRITE;
/*!40000 ALTER TABLE `related_courses` DISABLE KEYS */;
INSERT INTO `related_courses` VALUES (3,NULL,2030,'App\\Models\\Webinar',2029,NULL);
/*!40000 ALTER TABLE `related_courses` ENABLE KEYS */;
UNLOCK TABLES;

--
-- Table structure for table `reserve_meetings`
--

DROP TABLE IF EXISTS `reserve_meetings`;
/*!40101 SET @saved_cs_client     = @@character_set_client */;
/*!50503 SET character_set_client = utf8mb4 */;
CREATE TABLE `reserve_meetings` (
  `id` int unsigned NOT NULL AUTO_INCREMENT,
  `meeting_id` int DEFAULT NULL,
  `sale_id` int unsigned DEFAULT NULL,
  `meeting_time_id` int unsigned NOT NULL,
  `day` varchar(10) CHARACTER SET utf8mb4 COLLATE utf8mb4_unicode_ci NOT NULL,
  `date` int unsigned NOT NULL,
  `start_at` bigint unsigned NOT NULL,
  `end_at` bigint unsigned NOT NULL,
  `user_id` int unsigned NOT NULL,
  `paid_amount` decimal(13,2) NOT NULL,
  `meeting_type` enum('in_person','online') CHARACTER SET utf8mb4 COLLATE utf8mb4_unicode_ci NOT NULL DEFAULT 'online',
  `student_count` int DEFAULT NULL,
  `discount` int DEFAULT NULL,
  `link` varchar(255) CHARACTER SET utf8mb4 COLLATE utf8mb4_unicode_ci DEFAULT NULL,
  `password` varchar(64) CHARACTER SET utf8mb4 COLLATE utf8mb4_unicode_ci DEFAULT NULL,
  `description` text CHARACTER SET utf8mb4 COLLATE utf8mb4_unicode_ci,
  `status` enum('pending','open','finished','canceled') CHARACTER SET utf8mb4 COLLATE utf8mb4_unicode_ci NOT NULL,
  `created_at` int NOT NULL,
  `locked_at` int DEFAULT NULL,
  `reserved_at` int DEFAULT NULL,
  PRIMARY KEY (`id`) USING BTREE,
  KEY `reserve_meetings_meeting_time_id_foreign` (`meeting_time_id`) USING BTREE,
  KEY `reserve_meetings_user_id_foreign` (`user_id`) USING BTREE,
  KEY `reserve_meetings_sale_id_foreign` (`sale_id`),
  CONSTRAINT `reserve_meetings_meeting_time_id_foreign` FOREIGN KEY (`meeting_time_id`) REFERENCES `meeting_times` (`id`) ON DELETE CASCADE,
  CONSTRAINT `reserve_meetings_sale_id_foreign` FOREIGN KEY (`sale_id`) REFERENCES `sales` (`id`) ON DELETE CASCADE,
  CONSTRAINT `reserve_meetings_user_id_foreign` FOREIGN KEY (`user_id`) REFERENCES `users` (`id`) ON DELETE CASCADE
) ENGINE=InnoDB AUTO_INCREMENT=75 DEFAULT CHARSET=utf8mb4 COLLATE=utf8mb4_unicode_ci ROW_FORMAT=DYNAMIC;
/*!40101 SET character_set_client = @saved_cs_client */;

--
-- Dumping data for table `reserve_meetings`
--

LOCK TABLES `reserve_meetings` WRITE;
/*!40000 ALTER TABLE `reserve_meetings` DISABLE KEYS */;
/*!40000 ALTER TABLE `reserve_meetings` ENABLE KEYS */;
UNLOCK TABLES;

--
-- Table structure for table `rewards`
--

DROP TABLE IF EXISTS `rewards`;
/*!40101 SET @saved_cs_client     = @@character_set_client */;
/*!50503 SET character_set_client = utf8mb4 */;
CREATE TABLE `rewards` (
  `id` int unsigned NOT NULL AUTO_INCREMENT,
  `type` enum('account_charge','create_classes','buy','pass_the_quiz','certificate','comment','register','review_courses','instructor_meeting_reserve','student_meeting_reserve','newsletters','badge','referral','learning_progress_100','charge_wallet','buy_store_product','pass_assignment','send_post_in_topic','make_topic','create_blog_by_instructor','comment_for_instructor_blog') CHARACTER SET utf8mb4 COLLATE utf8mb4_unicode_ci NOT NULL,
  `score` int unsigned DEFAULT NULL,
  `condition` varchar(255) CHARACTER SET utf8mb4 COLLATE utf8mb4_unicode_ci DEFAULT NULL,
  `status` enum('active','disabled') CHARACTER SET utf8mb4 COLLATE utf8mb4_unicode_ci NOT NULL,
  `created_at` bigint unsigned NOT NULL,
  PRIMARY KEY (`id`)
) ENGINE=InnoDB AUTO_INCREMENT=25 DEFAULT CHARSET=utf8mb4 COLLATE=utf8mb4_unicode_ci;
/*!40101 SET character_set_client = @saved_cs_client */;

--
-- Dumping data for table `rewards`
--

LOCK TABLES `rewards` WRITE;
/*!40000 ALTER TABLE `rewards` DISABLE KEYS */;
INSERT INTO `rewards` VALUES (3,'charge_wallet',50,'150','active',1641205067),(4,'account_charge',50,'100','active',1641369989),(5,'badge',NULL,NULL,'active',1641300755),(6,'create_classes',50,NULL,'active',1641369921),(7,'buy',50,'10','active',1641369938),(8,'pass_the_quiz',50,NULL,'active',1641369947),(9,'certificate',30,NULL,'active',1641369955),(10,'comment',5,NULL,'active',1641369968),(11,'register',5,NULL,'active',1641370008),(12,'review_courses',15,NULL,'active',1641370016),(13,'instructor_meeting_reserve',30,NULL,'active',1641370026),(14,'student_meeting_reserve',30,NULL,'active',1641370036),(15,'newsletters',10,NULL,'active',1641370050),(16,'referral',5,NULL,'active',1641370059),(18,'learning_progress_100',20,NULL,'active',1641372957),(19,'buy_store_product',50,'26','active',1648277874),(20,'pass_assignment',50,NULL,'active',1649247227),(21,'make_topic',1,NULL,'active',1650548269),(22,'send_post_in_topic',1,NULL,'active',1650548278),(23,'create_blog_by_instructor',5,NULL,'active',1650788324),(24,'comment_for_instructor_blog',3,NULL,'active',1650788336);
/*!40000 ALTER TABLE `rewards` ENABLE KEYS */;
UNLOCK TABLES;

--
-- Table structure for table `rewards_accounting`
--

DROP TABLE IF EXISTS `rewards_accounting`;
/*!40101 SET @saved_cs_client     = @@character_set_client */;
/*!50503 SET character_set_client = utf8mb4 */;
CREATE TABLE `rewards_accounting` (
  `id` int unsigned NOT NULL AUTO_INCREMENT,
  `user_id` int unsigned NOT NULL,
  `item_id` int unsigned DEFAULT NULL,
  `type` enum('account_charge','create_classes','buy','pass_the_quiz','certificate','comment','register','review_courses','instructor_meeting_reserve','student_meeting_reserve','newsletters','badge','referral','learning_progress_100','charge_wallet','withdraw','buy_store_product','pass_assignment','send_post_in_topic','make_topic','create_blog_by_instructor','comment_for_instructor_blog') CHARACTER SET utf8mb4 COLLATE utf8mb4_unicode_ci NOT NULL,
  `score` int unsigned NOT NULL,
  `status` enum('addiction','deduction') CHARACTER SET utf8mb4 COLLATE utf8mb4_unicode_ci NOT NULL,
  `created_at` bigint unsigned NOT NULL,
  PRIMARY KEY (`id`),
  KEY `rewards_accounting_user_id_foreign` (`user_id`),
  CONSTRAINT `rewards_accounting_user_id_foreign` FOREIGN KEY (`user_id`) REFERENCES `users` (`id`) ON DELETE CASCADE
) ENGINE=InnoDB AUTO_INCREMENT=318 DEFAULT CHARSET=utf8mb4 COLLATE=utf8mb4_unicode_ci;
/*!40101 SET character_set_client = @saved_cs_client */;

--
-- Dumping data for table `rewards_accounting`
--

LOCK TABLES `rewards_accounting` WRITE;
/*!40000 ALTER TABLE `rewards_accounting` DISABLE KEYS */;
INSERT INTO `rewards_accounting` VALUES (1,867,2006,'create_classes',50,'addiction',1645726175),(2,929,1999,'create_classes',50,'addiction',1645726209),(3,1015,2008,'create_classes',50,'addiction',1646127156),(5,1015,2009,'create_classes',50,'addiction',1646172007),(9,929,NULL,'buy',55,'addiction',1646172296),(10,867,2000,'create_classes',50,'addiction',1646172395),(12,1015,23,'badge',15,'addiction',1646254479),(13,1015,26,'badge',30,'addiction',1646254480),(14,1015,29,'badge',50,'addiction',1646254480),(15,1015,32,'badge',50,'addiction',1646254481),(16,1015,35,'badge',20,'addiction',1646254481),(20,870,23,'badge',15,'addiction',1646257010),(21,870,24,'badge',10,'addiction',1646257010),(22,870,29,'badge',50,'addiction',1646257011),(23,870,31,'badge',20,'addiction',1646257011),(24,870,35,'badge',20,'addiction',1646257011),(25,867,23,'badge',15,'addiction',1646260042),(26,867,26,'badge',30,'addiction',1646260043),(27,867,29,'badge',50,'addiction',1646260043),(28,867,31,'badge',20,'addiction',1646260043),(29,867,35,'badge',20,'addiction',1646260044),(35,934,23,'badge',15,'addiction',1646263177),(36,934,25,'badge',20,'addiction',1646263177),(37,934,29,'badge',50,'addiction',1646263177),(38,934,35,'badge',20,'addiction',1646263178),(39,929,23,'badge',15,'addiction',1646263303),(40,929,25,'badge',20,'addiction',1646263304),(41,929,29,'badge',50,'addiction',1646263304),(42,929,31,'badge',20,'addiction',1646263304),(46,4,23,'badge',15,'addiction',1646263571),(47,4,24,'badge',10,'addiction',1646263571),(48,4,29,'badge',50,'addiction',1646263572),(49,4,35,'badge',20,'addiction',1646263572),(51,863,23,'badge',15,'addiction',1646263573),(52,863,24,'badge',10,'addiction',1646263573),(53,863,29,'badge',50,'addiction',1646263574),(54,863,31,'badge',20,'addiction',1646263574),(55,863,35,'badge',20,'addiction',1646263574),(56,868,23,'badge',15,'addiction',1646287364),(72,4,2005,'create_classes',50,'addiction',1646396841),(73,929,2004,'create_classes',50,'addiction',1646396863),(74,1015,35,'review_courses',15,'addiction',1646413457),(75,1015,66,'comment',5,'addiction',1646413662),(77,1,23,'badge',15,'addiction',1655618081),(79,1015,1,'make_topic',1,'addiction',1655716308),(80,1015,2,'make_topic',1,'addiction',1655716703),(81,929,1,'send_post_in_topic',1,'addiction',1655718839),(87,870,4,'make_topic',1,'addiction',1655788542),(95,934,10,'send_post_in_topic',1,'addiction',1655790650),(97,929,11,'send_post_in_topic',1,'addiction',1655790902),(98,870,12,'send_post_in_topic',1,'addiction',1655790940),(101,1015,14,'send_post_in_topic',1,'addiction',1655791289),(103,929,26,'badge',30,'addiction',1655799442),(104,929,2010,'create_classes',50,'addiction',1655804611),(108,1015,22,'badge',10,'addiction',1655907547),(116,870,18,'send_post_in_topic',1,'addiction',1656101717),(117,929,19,'send_post_in_topic',1,'addiction',1656101751),(134,1015,36,'badge',5,'addiction',1656148218),(135,1015,38,'badge',10,'addiction',1656148220),(145,870,38,'badge',10,'addiction',1656219366),(190,870,25,'badge',20,'addiction',1678911991),(194,870,2022,'create_classes',50,'addiction',1678912167),(219,1015,1998,'create_classes',50,'addiction',1694966085),(225,1014,23,'badge',15,'addiction',1730119600),(226,867,24,'badge',10,'addiction',1730122861),(228,1015,2024,'create_classes',50,'addiction',1730214634),(231,1055,1055,'register',5,'addiction',1730284373),(237,1055,21,'badge',5,'addiction',1730451101),(239,1056,1056,'register',5,'addiction',1730578356),(240,1049,NULL,'buy',5500,'addiction',1730578384),(241,1055,NULL,'buy',5500,'addiction',1730584003),(242,1055,NULL,'buy',55,'addiction',1730584325),(243,863,2002,'create_classes',50,'addiction',1730597505),(248,1055,45,'pass_the_quiz',50,'addiction',1732401598),(249,1055,45,'certificate',30,'addiction',1732401599),(250,1055,2024,'learning_progress_100',20,'addiction',1732402200),(251,1056,21,'badge',5,'addiction',1732402312),(254,1058,1058,'register',5,'addiction',1733281299),(255,1059,21,'badge',5,'addiction',1733645755),(256,1062,21,'badge',5,'addiction',1733767801),(257,1061,21,'badge',5,'addiction',1733768149),(258,1061,2028,'learning_progress_100',20,'addiction',1733769268),(259,1061,14,'certificate',30,'addiction',1733769268),(260,1066,21,'badge',5,'addiction',1733922242),(261,1060,21,'badge',5,'addiction',1734216992),(263,1057,21,'badge',5,'addiction',1734257066),(264,1075,2029,'create_classes',50,'addiction',1734272660),(265,1075,24,'badge',10,'addiction',1734272898),(266,1051,2030,'create_classes',50,'addiction',1734274555),(267,1051,22,'badge',10,'addiction',1734274581),(268,1051,24,'badge',10,'addiction',1734274581),(269,1075,2030,'learning_progress_100',20,'addiction',1734275753),(270,1075,15,'certificate',30,'addiction',1734275753),(272,1075,2028,'create_classes',50,'addiction',1734292708),(273,1075,2027,'create_classes',50,'addiction',1734292753),(274,929,2030,'create_classes',50,'addiction',1734292944),(275,1075,26,'badge',30,'addiction',1734303638),(276,1078,1078,'register',5,'addiction',1734305792),(277,934,2028,'create_classes',50,'addiction',1734336626),(278,934,2029,'create_classes',50,'addiction',1734336799),(279,1015,2027,'create_classes',50,'addiction',1734337465),(280,1076,1999,'create_classes',50,'addiction',1734339471),(281,934,26,'badge',30,'addiction',1734340604),(282,934,2031,'create_classes',50,'addiction',1734341249),(283,934,1997,'create_classes',50,'addiction',1734342061),(284,1076,24,'badge',10,'addiction',1734344893),(285,1076,21,'badge',5,'addiction',1734359566),(286,1080,1080,'register',5,'addiction',1734616428),(287,1080,21,'badge',5,'addiction',1734708429),(288,934,31,'badge',20,'addiction',1734708478),(289,1081,1081,'register',5,'addiction',1734806331),(290,1081,48,'pass_the_quiz',50,'addiction',1734806810),(294,1,70,'comment',5,'addiction',1735463603),(295,1,69,'comment',5,'addiction',1735463613),(296,1100,21,'badge',5,'addiction',1736254028),(297,929,32,'badge',50,'addiction',1736357128),(298,1076,22,'badge',10,'addiction',1736952074),(299,1112,1112,'register',5,'addiction',1737115700),(300,1113,1113,'register',5,'addiction',1737455994),(301,1114,1114,'register',5,'addiction',1737455994),(302,934,32,'badge',50,'addiction',1737456165),(303,1115,1115,'register',5,'addiction',1737559885),(304,1115,21,'badge',5,'addiction',1737620438),(305,1117,1117,'register',5,'addiction',1737639630),(306,1116,23,'create_blog_by_instructor',5,'addiction',1737640414),(307,1117,21,'badge',5,'addiction',1737705984),(308,1116,22,'create_blog_by_instructor',5,'addiction',1737706568),(309,1117,2031,'learning_progress_100',20,'addiction',1737708156),(310,1117,16,'certificate',30,'addiction',1737708156),(311,1118,1118,'register',5,'addiction',1737710031),(312,1116,21,'create_blog_by_instructor',5,'addiction',1737710709),(313,1116,21,'badge',5,'addiction',1737711604),(314,1116,28,'create_blog_by_instructor',5,'addiction',1737713933),(315,1121,48,'pass_the_quiz',50,'addiction',1737828291),(316,1121,1997,'learning_progress_100',20,'addiction',1737828361),(317,1121,17,'certificate',30,'addiction',1737828361);
/*!40000 ALTER TABLE `rewards_accounting` ENABLE KEYS */;
UNLOCK TABLES;

--
-- Table structure for table `roles`
--

DROP TABLE IF EXISTS `roles`;
/*!40101 SET @saved_cs_client     = @@character_set_client */;
/*!50503 SET character_set_client = utf8mb4 */;
CREATE TABLE `roles` (
  `id` int unsigned NOT NULL AUTO_INCREMENT,
  `name` varchar(64) CHARACTER SET utf8mb4 COLLATE utf8mb4_unicode_ci NOT NULL,
  `caption` varchar(64) CHARACTER SET utf8mb4 COLLATE utf8mb4_unicode_ci NOT NULL,
  `users_count` int unsigned NOT NULL DEFAULT '0',
  `is_admin` tinyint(1) NOT NULL DEFAULT '0',
  `created_at` int unsigned NOT NULL,
  PRIMARY KEY (`id`) USING BTREE
) ENGINE=InnoDB AUTO_INCREMENT=12 DEFAULT CHARSET=utf8mb4 COLLATE=utf8mb4_unicode_ci ROW_FORMAT=DYNAMIC;
/*!40101 SET character_set_client = @saved_cs_client */;

--
-- Dumping data for table `roles`
--

LOCK TABLES `roles` WRITE;
/*!40000 ALTER TABLE `roles` DISABLE KEYS */;
INSERT INTO `roles` VALUES (1,'user','Student role',0,0,1604418504),(2,'admin','System Code Administrator',0,1,1604418504),(3,'organization','Organization role',0,0,1604418504),(4,'teacher','Instructor role',0,0,1604418504),(6,'education','Author',0,1,1613370817),(9,'Sapphital_Admin','Admin Dev Role',0,1,1729020890),(10,'eLearning_Admin','eLearning Admin',0,1,1730115079),(11,'Kelechi_Admin','Super Admin',0,1,1730199585);
/*!40000 ALTER TABLE `roles` ENABLE KEYS */;
UNLOCK TABLES;

--
-- Table structure for table `sales`
--

DROP TABLE IF EXISTS `sales`;
/*!40101 SET @saved_cs_client     = @@character_set_client */;
/*!50503 SET character_set_client = utf8mb4 */;
CREATE TABLE `sales` (
  `id` int unsigned NOT NULL AUTO_INCREMENT,
  `seller_id` int unsigned DEFAULT NULL,
  `buyer_id` int unsigned NOT NULL,
  `order_id` int unsigned DEFAULT NULL,
  `webinar_id` int unsigned DEFAULT NULL,
  `bundle_id` int unsigned DEFAULT NULL,
  `meeting_id` int unsigned DEFAULT NULL,
  `meeting_time_id` int unsigned DEFAULT NULL,
  `subscribe_id` int unsigned DEFAULT NULL,
  `ticket_id` int unsigned DEFAULT NULL,
  `promotion_id` int unsigned DEFAULT NULL,
  `product_order_id` int unsigned DEFAULT NULL,
  `registration_package_id` int unsigned DEFAULT NULL,
  `installment_payment_id` int unsigned DEFAULT NULL,
  `gift_id` int unsigned DEFAULT NULL,
  `payment_method` enum('credit','payment_channel','subscribe') CHARACTER SET utf8mb4 COLLATE utf8mb4_unicode_ci DEFAULT NULL,
  `type` enum('webinar','meeting','subscribe','promotion','registration_package','product','bundle','installment_payment','gift') CHARACTER SET utf8mb4 COLLATE utf8mb4_unicode_ci NOT NULL,
  `amount` decimal(13,2) unsigned NOT NULL,
  `tax` decimal(13,2) unsigned DEFAULT NULL,
  `commission` decimal(13,2) unsigned DEFAULT NULL,
  `discount` decimal(13,2) unsigned DEFAULT NULL,
  `total_amount` decimal(13,2) unsigned DEFAULT NULL,
  `product_delivery_fee` decimal(13,2) unsigned DEFAULT NULL,
  `manual_added` tinyint(1) NOT NULL DEFAULT '0',
  `access_to_purchased_item` tinyint(1) NOT NULL DEFAULT '1',
  `created_at` int unsigned NOT NULL,
  `refund_at` int unsigned DEFAULT NULL,
  PRIMARY KEY (`id`) USING BTREE,
  KEY `sales_order_id_foreign` (`order_id`) USING BTREE,
  KEY `sales_webinar_id_foreign` (`webinar_id`) USING BTREE,
  KEY `sales_meeting_id_foreign` (`meeting_id`) USING BTREE,
  KEY `sales_ticket_id_foreign` (`ticket_id`) USING BTREE,
  KEY `sales_buyer_id_foreign` (`buyer_id`) USING BTREE,
  KEY `sales_seller_id_foreign` (`seller_id`) USING BTREE,
  KEY `sales_promotion_id_foreign` (`promotion_id`) USING BTREE,
  KEY `sales_installment_payment_id_foreign` (`installment_payment_id`),
  CONSTRAINT `sales_installment_payment_id_foreign` FOREIGN KEY (`installment_payment_id`) REFERENCES `installment_order_payments` (`id`) ON DELETE CASCADE
) ENGINE=InnoDB AUTO_INCREMENT=323 DEFAULT CHARSET=utf8mb4 COLLATE=utf8mb4_unicode_ci ROW_FORMAT=DYNAMIC;
/*!40101 SET character_set_client = @saved_cs_client */;

--
-- Dumping data for table `sales`
--

LOCK TABLES `sales` WRITE;
/*!40000 ALTER TABLE `sales` DISABLE KEYS */;
INSERT INTO `sales` VALUES (141,1015,996,307,NULL,NULL,30,NULL,NULL,NULL,NULL,NULL,NULL,NULL,NULL,'credit','meeting',150.00,15.00,30.00,0.00,165.00,NULL,0,1,1625944345,NULL),(142,934,995,308,NULL,NULL,31,NULL,NULL,NULL,NULL,NULL,NULL,NULL,NULL,'credit','meeting',100.00,10.00,20.00,0.00,110.00,NULL,0,1,1625952627,NULL),(143,4,995,309,2005,NULL,NULL,NULL,NULL,NULL,NULL,NULL,NULL,NULL,NULL,'credit','webinar',10.00,1.00,2.00,0.00,11.00,NULL,0,1,1625953196,NULL),(144,1015,995,310,NULL,NULL,30,NULL,NULL,NULL,NULL,NULL,NULL,NULL,NULL,'credit','meeting',125.00,12.50,25.00,0.00,137.50,NULL,0,1,1625996812,NULL),(145,1016,995,NULL,1995,NULL,NULL,NULL,NULL,NULL,NULL,NULL,NULL,NULL,NULL,'credit','webinar',0.00,NULL,NULL,NULL,NULL,NULL,0,1,1625996905,NULL),(146,929,995,311,1999,NULL,NULL,NULL,NULL,NULL,NULL,NULL,NULL,NULL,NULL,'credit','webinar',50.00,5.00,5.00,0.00,55.00,NULL,0,1,1625996941,NULL),(147,1015,995,312,1998,NULL,NULL,NULL,NULL,NULL,NULL,NULL,NULL,NULL,NULL,'credit','webinar',100.00,5.00,10.00,50.00,55.00,NULL,0,1,1625996978,NULL),(148,3,995,313,2001,NULL,NULL,NULL,NULL,NULL,NULL,NULL,NULL,NULL,NULL,'credit','webinar',20.00,1.60,1.60,4.00,17.60,NULL,0,1,1625997104,NULL),(149,1015,996,NULL,1996,NULL,NULL,NULL,NULL,NULL,NULL,NULL,NULL,NULL,NULL,'credit','webinar',0.00,NULL,NULL,NULL,NULL,NULL,0,1,1626060382,NULL),(150,934,996,NULL,1997,NULL,NULL,NULL,NULL,NULL,NULL,NULL,NULL,NULL,NULL,'credit','webinar',0.00,NULL,NULL,NULL,NULL,NULL,0,1,1626060412,NULL),(151,867,996,314,2006,NULL,NULL,NULL,NULL,NULL,NULL,NULL,NULL,NULL,NULL,'credit','webinar',25.00,2.25,4.50,2.50,24.75,NULL,0,1,1626060487,NULL),(152,1015,996,315,1998,NULL,NULL,NULL,NULL,NULL,NULL,NULL,NULL,NULL,NULL,'credit','webinar',100.00,4.00,8.00,60.00,44.00,NULL,0,1,1626060552,NULL),(153,1015,979,NULL,1996,NULL,NULL,NULL,NULL,NULL,NULL,NULL,NULL,NULL,NULL,'credit','webinar',0.00,NULL,NULL,NULL,NULL,NULL,0,1,1626060740,NULL),(154,1015,930,NULL,1996,NULL,NULL,NULL,NULL,NULL,NULL,NULL,NULL,NULL,NULL,'credit','webinar',0.00,NULL,NULL,NULL,NULL,NULL,0,1,1626060773,NULL),(155,1015,930,316,1998,NULL,NULL,NULL,NULL,NULL,NULL,NULL,NULL,NULL,NULL,'credit','webinar',100.00,5.00,10.00,50.00,55.00,NULL,0,1,1626060835,NULL),(156,929,979,317,2004,NULL,NULL,NULL,NULL,NULL,NULL,NULL,NULL,NULL,NULL,'credit','webinar',60.00,6.00,6.00,0.00,66.00,NULL,0,1,1626061332,NULL),(157,863,979,318,2002,NULL,NULL,NULL,NULL,NULL,NULL,NULL,NULL,NULL,NULL,'credit','webinar',20.00,2.00,4.00,0.00,22.00,NULL,0,1,1626061373,NULL),(158,867,979,318,2000,NULL,NULL,NULL,NULL,NULL,NULL,NULL,NULL,NULL,NULL,'credit','webinar',30.00,3.00,6.00,0.00,33.00,NULL,0,1,1626061374,NULL),(159,NULL,995,319,NULL,NULL,NULL,NULL,3,NULL,NULL,NULL,NULL,NULL,NULL,'credit','subscribe',20.00,2.00,0.00,NULL,22.00,NULL,0,1,1626061450,NULL),(160,867,995,NULL,2006,NULL,NULL,NULL,NULL,NULL,NULL,NULL,NULL,NULL,NULL,'subscribe','webinar',0.00,NULL,NULL,NULL,0.00,NULL,0,1,1626061483,NULL),(161,929,995,NULL,2004,NULL,NULL,NULL,NULL,NULL,NULL,NULL,NULL,NULL,NULL,'subscribe','webinar',0.00,NULL,NULL,NULL,0.00,NULL,0,0,1626061490,NULL),(162,863,995,NULL,2002,NULL,NULL,NULL,NULL,NULL,NULL,NULL,NULL,NULL,NULL,'subscribe','webinar',0.00,NULL,NULL,NULL,0.00,NULL,0,1,1626061494,NULL),(163,1015,995,NULL,1996,NULL,NULL,NULL,NULL,NULL,NULL,NULL,NULL,NULL,NULL,'credit','webinar',0.00,NULL,NULL,NULL,NULL,NULL,0,1,1626062834,NULL),(164,1016,996,NULL,1995,NULL,NULL,NULL,NULL,NULL,NULL,NULL,NULL,NULL,NULL,'credit','webinar',0.00,NULL,NULL,NULL,NULL,NULL,0,1,1626129811,NULL),(165,1016,1015,NULL,1995,NULL,NULL,NULL,NULL,NULL,NULL,NULL,NULL,NULL,NULL,'credit','webinar',0.00,NULL,NULL,NULL,NULL,NULL,0,1,1626132407,NULL),(166,863,1015,321,2002,NULL,NULL,NULL,NULL,NULL,NULL,NULL,NULL,NULL,NULL,'credit','webinar',20.00,1.60,3.20,4.00,17.60,NULL,0,1,1626132844,NULL),(167,NULL,929,323,2004,NULL,NULL,NULL,NULL,NULL,3,NULL,NULL,NULL,NULL,'credit','promotion',50.00,5.00,0.00,NULL,55.00,NULL,0,1,1626241152,NULL),(168,864,929,324,2003,NULL,NULL,NULL,NULL,NULL,NULL,NULL,NULL,NULL,NULL,'credit','webinar',40.00,3.00,6.00,10.00,33.00,NULL,0,1,1626241212,NULL),(169,1015,929,NULL,1996,NULL,NULL,NULL,NULL,NULL,NULL,NULL,NULL,NULL,NULL,'credit','webinar',0.00,NULL,NULL,NULL,NULL,NULL,0,1,1626243340,NULL),(170,870,995,325,NULL,NULL,33,NULL,NULL,NULL,NULL,NULL,NULL,NULL,NULL,'credit','meeting',100.00,10.00,20.00,0.00,110.00,NULL,0,1,1626247195,1626247245),(171,867,996,327,2000,NULL,NULL,NULL,NULL,NULL,NULL,NULL,NULL,NULL,NULL,'credit','webinar',30.00,2.70,5.40,3.00,29.70,NULL,0,1,1626508956,NULL),(172,867,995,NULL,2007,NULL,NULL,NULL,NULL,NULL,NULL,NULL,NULL,NULL,NULL,'credit','webinar',0.00,NULL,NULL,NULL,0.00,NULL,0,1,1635408189,NULL),(173,867,929,328,2000,NULL,NULL,NULL,NULL,NULL,NULL,NULL,NULL,NULL,NULL,'credit','webinar',30.00,3.00,6.00,0.00,33.00,NULL,0,1,1635412196,NULL),(174,867,1017,330,2000,NULL,NULL,NULL,NULL,NULL,NULL,NULL,NULL,NULL,NULL,'credit','webinar',30.00,3.00,6.00,0.00,33.00,NULL,0,1,1639379284,NULL),(175,1016,1017,NULL,1995,NULL,NULL,NULL,NULL,NULL,NULL,NULL,NULL,NULL,NULL,'credit','webinar',0.00,NULL,NULL,NULL,0.00,NULL,0,1,1639379336,NULL),(176,1015,1017,331,1998,NULL,NULL,NULL,NULL,NULL,NULL,NULL,NULL,NULL,NULL,'credit','webinar',100.00,10.00,20.00,0.00,110.00,NULL,0,1,1639379350,NULL),(177,864,1017,332,2003,NULL,NULL,NULL,NULL,NULL,NULL,NULL,NULL,NULL,NULL,'credit','webinar',40.00,3.00,6.00,10.00,33.00,NULL,0,1,1639379388,NULL),(178,1015,995,NULL,2008,NULL,NULL,NULL,NULL,NULL,NULL,NULL,NULL,NULL,NULL,'credit','webinar',0.00,NULL,NULL,NULL,0.00,NULL,0,1,1646127212,NULL),(179,1015,995,333,2009,NULL,NULL,NULL,NULL,NULL,NULL,NULL,NULL,NULL,NULL,'credit','webinar',10.00,1.00,2.00,0.00,11.00,NULL,0,1,1646172086,NULL),(180,1015,996,334,2009,NULL,NULL,NULL,NULL,NULL,NULL,NULL,NULL,NULL,NULL,'credit','webinar',10.00,0.90,1.80,1.00,9.90,NULL,0,1,1646172123,NULL),(181,1015,979,335,2009,NULL,NULL,NULL,NULL,NULL,NULL,NULL,NULL,NULL,NULL,'credit','webinar',10.00,1.00,2.00,0.00,11.00,NULL,0,1,1646172159,NULL),(182,1015,929,336,2009,NULL,NULL,NULL,NULL,NULL,NULL,NULL,NULL,NULL,NULL,'credit','webinar',10.00,1.00,2.00,0.00,11.00,NULL,0,1,1646172296,NULL),(183,1015,996,NULL,2008,NULL,NULL,NULL,NULL,NULL,NULL,NULL,NULL,NULL,NULL,'credit','webinar',0.00,NULL,NULL,NULL,0.00,NULL,0,1,1646174000,NULL),(184,1015,1017,NULL,2008,NULL,NULL,NULL,NULL,NULL,NULL,NULL,NULL,NULL,NULL,'credit','webinar',0.00,NULL,NULL,NULL,0.00,NULL,0,1,1646174029,NULL),(185,1015,1016,NULL,2008,NULL,NULL,NULL,NULL,NULL,NULL,NULL,NULL,NULL,NULL,'credit','webinar',0.00,NULL,NULL,NULL,0.00,NULL,0,1,1646326504,NULL),(186,1015,995,337,NULL,NULL,30,NULL,NULL,NULL,NULL,NULL,NULL,NULL,NULL,'credit','meeting',750.00,75.00,150.00,0.00,825.00,NULL,0,1,1646379288,NULL),(187,NULL,930,339,NULL,NULL,NULL,NULL,NULL,NULL,NULL,NULL,2,NULL,NULL,'credit','registration_package',199.00,19.90,0.00,NULL,218.90,NULL,0,1,1646386787,NULL),(188,NULL,859,340,NULL,NULL,NULL,NULL,NULL,NULL,NULL,NULL,4,NULL,NULL,'credit','registration_package',200.00,20.00,0.00,NULL,220.00,NULL,0,1,1646387655,NULL),(189,929,995,NULL,2010,NULL,NULL,NULL,NULL,NULL,NULL,NULL,NULL,NULL,NULL,'credit','webinar',0.00,NULL,NULL,NULL,0.00,NULL,0,1,1655872666,NULL),(190,929,996,NULL,2010,NULL,NULL,NULL,NULL,NULL,NULL,NULL,NULL,NULL,NULL,'credit','webinar',0.00,NULL,NULL,NULL,0.00,NULL,0,1,1655875500,NULL),(191,929,930,NULL,2010,NULL,NULL,NULL,NULL,NULL,NULL,NULL,NULL,NULL,NULL,'credit','webinar',0.00,NULL,NULL,NULL,0.00,NULL,0,1,1655877104,NULL),(192,1015,930,341,NULL,1,NULL,NULL,NULL,NULL,NULL,NULL,NULL,NULL,NULL,'credit','bundle',50.00,5.00,10.00,0.00,55.00,0.00,0,1,1656083262,NULL),(193,1016,995,342,NULL,NULL,NULL,NULL,NULL,NULL,NULL,1,NULL,NULL,NULL,'credit','product',5.00,0.25,1.00,0.00,5.25,0.00,0,1,1656103844,NULL),(194,1015,923,343,NULL,NULL,NULL,NULL,NULL,NULL,NULL,2,NULL,NULL,NULL,'credit','product',25.00,1.25,2.50,0.00,31.25,5.00,0,1,1656104131,NULL),(195,864,996,344,2003,NULL,NULL,NULL,NULL,NULL,NULL,NULL,NULL,NULL,NULL,'credit','webinar',40.00,3.60,7.20,4.00,39.60,0.00,0,1,1656130481,NULL),(196,934,930,345,NULL,NULL,NULL,NULL,NULL,NULL,NULL,3,NULL,NULL,NULL,'credit','product',290.00,14.50,29.00,0.00,314.50,10.00,0,1,1656130707,NULL),(197,1015,996,346,NULL,NULL,NULL,NULL,NULL,NULL,NULL,4,NULL,NULL,NULL,'credit','product',75.00,3.75,15.00,0.00,78.75,0.00,0,1,1656130963,NULL),(198,934,979,347,NULL,2,NULL,NULL,NULL,NULL,NULL,NULL,NULL,NULL,NULL,'credit','bundle',8.00,0.80,1.60,0.00,8.80,0.00,0,1,1656139703,NULL),(199,929,979,347,NULL,3,NULL,NULL,NULL,NULL,NULL,NULL,NULL,NULL,NULL,'credit','bundle',25.00,2.50,5.00,0.00,27.50,0.00,0,1,1656139705,NULL),(200,1015,1017,348,NULL,NULL,NULL,NULL,NULL,NULL,NULL,5,NULL,NULL,NULL,'credit','product',25.00,1.00,2.00,5.00,26.00,5.00,0,1,1656148574,NULL),(201,1015,995,350,NULL,NULL,NULL,NULL,NULL,NULL,NULL,6,NULL,NULL,NULL,'credit','product',50.00,2.25,4.50,5.00,52.25,5.00,0,1,1656148838,NULL),(202,1,995,351,NULL,NULL,NULL,NULL,NULL,NULL,NULL,7,NULL,NULL,NULL,'credit','product',20.00,1.00,4.00,4.00,17.00,0.00,0,1,1656322658,NULL),(269,929,979,696,NULL,NULL,NULL,NULL,NULL,NULL,NULL,NULL,NULL,NULL,6,'credit','gift',60.00,3.60,3.60,24.00,39.60,0.00,0,1,1678919437,NULL),(276,870,1045,703,2022,NULL,NULL,NULL,NULL,NULL,NULL,NULL,NULL,NULL,NULL,'credit','webinar',100.00,10.00,20.00,0.00,110.00,0.00,0,1,1678959222,NULL),(278,929,930,705,2004,NULL,NULL,NULL,NULL,NULL,NULL,NULL,NULL,NULL,NULL,'credit','webinar',60.00,3.60,3.60,24.00,39.60,0.00,0,1,1678961218,NULL),(280,867,1045,707,2000,NULL,NULL,NULL,NULL,NULL,NULL,NULL,NULL,NULL,NULL,'credit','webinar',30.00,3.00,6.00,0.00,33.00,0.00,0,1,1679088431,NULL),(283,1048,1049,NULL,2023,NULL,NULL,NULL,NULL,NULL,NULL,NULL,NULL,NULL,NULL,'credit','webinar',0.00,NULL,NULL,NULL,0.00,NULL,0,1,1729412028,NULL),(284,1048,1053,NULL,NULL,NULL,NULL,NULL,NULL,NULL,NULL,NULL,NULL,NULL,7,'credit','gift',0.00,NULL,NULL,NULL,0.00,NULL,0,1,1730264928,NULL),(285,1053,1055,NULL,2026,NULL,NULL,NULL,NULL,NULL,NULL,NULL,NULL,NULL,NULL,'credit','webinar',0.00,NULL,NULL,NULL,0.00,NULL,0,1,1730451133,NULL),(286,1015,1049,724,2024,NULL,NULL,NULL,NULL,NULL,NULL,NULL,NULL,NULL,NULL,'payment_channel','webinar',1000.00,100.00,200.00,0.00,1100.00,0.00,0,1,1730578380,NULL),(287,934,1056,NULL,1997,NULL,NULL,NULL,NULL,NULL,NULL,NULL,NULL,NULL,NULL,'credit','webinar',0.00,NULL,NULL,NULL,0.00,NULL,0,1,1730578548,NULL),(288,1015,1055,729,2024,NULL,NULL,NULL,NULL,NULL,NULL,NULL,NULL,NULL,NULL,'payment_channel','webinar',1000.00,100.00,200.00,0.00,1100.00,0.00,0,1,1730583998,NULL),(289,1015,1055,731,2009,NULL,NULL,NULL,NULL,NULL,NULL,NULL,NULL,NULL,NULL,'payment_channel','webinar',10.00,1.00,2.00,0.00,11.00,0.00,0,1,1730584322,NULL),(290,1015,1056,NULL,1996,NULL,NULL,NULL,NULL,NULL,NULL,NULL,NULL,NULL,NULL,'credit','webinar',0.00,NULL,NULL,NULL,0.00,NULL,1,1,1732402505,NULL),(291,1052,1061,NULL,2028,NULL,NULL,NULL,NULL,NULL,NULL,NULL,NULL,NULL,NULL,'credit','webinar',0.00,NULL,NULL,NULL,0.00,NULL,1,1,1733769141,NULL),(292,934,1080,NULL,2031,NULL,NULL,NULL,NULL,NULL,NULL,NULL,NULL,NULL,NULL,'credit','webinar',0.00,NULL,NULL,NULL,0.00,NULL,0,1,1734708477,NULL),(293,934,1080,NULL,2029,NULL,NULL,NULL,NULL,NULL,NULL,NULL,NULL,NULL,NULL,'credit','webinar',0.00,NULL,NULL,NULL,0.00,NULL,0,1,1734708586,NULL),(294,934,1081,NULL,1997,NULL,NULL,NULL,NULL,NULL,NULL,NULL,NULL,NULL,NULL,'credit','webinar',0.00,NULL,NULL,NULL,0.00,NULL,0,1,1734806368,NULL),(295,934,1082,NULL,2031,NULL,NULL,NULL,NULL,NULL,NULL,NULL,NULL,NULL,NULL,'credit','webinar',0.00,NULL,NULL,NULL,0.00,NULL,0,1,1734909618,NULL),(296,934,1082,NULL,2029,NULL,NULL,NULL,NULL,NULL,NULL,NULL,NULL,NULL,NULL,'credit','webinar',0.00,NULL,NULL,NULL,0.00,NULL,0,1,1734910580,NULL),(303,863,1100,NULL,2002,NULL,NULL,NULL,NULL,NULL,NULL,NULL,NULL,NULL,NULL,'credit','webinar',0.00,NULL,NULL,NULL,0.00,NULL,1,1,1736174019,NULL),(304,929,1100,NULL,2030,NULL,NULL,NULL,NULL,NULL,NULL,NULL,NULL,NULL,NULL,'credit','webinar',0.00,NULL,NULL,NULL,0.00,NULL,1,1,1736174019,NULL),(305,934,1100,NULL,2031,NULL,NULL,NULL,NULL,NULL,NULL,NULL,NULL,NULL,NULL,'credit','webinar',0.00,NULL,NULL,NULL,0.00,NULL,1,1,1736174019,NULL),(306,929,1111,NULL,2030,NULL,NULL,NULL,NULL,NULL,NULL,NULL,NULL,NULL,NULL,'credit','webinar',0.00,NULL,NULL,NULL,0.00,NULL,1,1,1736350348,NULL),(307,934,1111,NULL,2028,NULL,NULL,NULL,NULL,NULL,NULL,NULL,NULL,NULL,NULL,'credit','webinar',0.00,NULL,NULL,NULL,0.00,NULL,1,1,1736350348,NULL),(308,1015,1111,NULL,2027,NULL,NULL,NULL,NULL,NULL,NULL,NULL,NULL,NULL,NULL,'credit','webinar',0.00,NULL,NULL,NULL,0.00,NULL,1,1,1736350348,NULL),(309,929,1110,NULL,2010,NULL,NULL,NULL,NULL,NULL,NULL,NULL,NULL,NULL,NULL,'credit','webinar',0.00,NULL,NULL,NULL,0.00,NULL,1,1,1736351039,NULL),(310,870,1110,NULL,2022,NULL,NULL,NULL,NULL,NULL,NULL,NULL,NULL,NULL,NULL,'credit','webinar',0.00,NULL,NULL,NULL,0.00,NULL,1,1,1736351039,NULL),(311,1015,1110,NULL,2027,NULL,NULL,NULL,NULL,NULL,NULL,NULL,NULL,NULL,NULL,'credit','webinar',0.00,NULL,NULL,NULL,0.00,NULL,1,1,1736351039,NULL),(312,929,1109,NULL,2010,NULL,NULL,NULL,NULL,NULL,NULL,NULL,NULL,NULL,NULL,'credit','webinar',0.00,NULL,NULL,NULL,0.00,NULL,1,1,1736351039,NULL),(313,870,1109,NULL,2022,NULL,NULL,NULL,NULL,NULL,NULL,NULL,NULL,NULL,NULL,'credit','webinar',0.00,NULL,NULL,NULL,0.00,NULL,1,1,1736351039,NULL),(314,1015,1109,NULL,2027,NULL,NULL,NULL,NULL,NULL,NULL,NULL,NULL,NULL,NULL,'credit','webinar',0.00,NULL,NULL,NULL,0.00,NULL,1,1,1736351039,NULL),(315,929,1100,NULL,2010,NULL,NULL,NULL,NULL,NULL,NULL,NULL,NULL,NULL,NULL,'credit','webinar',0.00,NULL,NULL,NULL,0.00,NULL,1,1,1736354698,NULL),(316,934,1113,NULL,2029,NULL,NULL,NULL,NULL,NULL,NULL,NULL,NULL,NULL,NULL,'credit','webinar',0.00,NULL,NULL,NULL,0.00,NULL,0,1,1737456165,NULL),(317,934,1114,NULL,2029,NULL,NULL,NULL,NULL,NULL,NULL,NULL,NULL,NULL,NULL,'credit','webinar',0.00,NULL,NULL,NULL,0.00,NULL,0,1,1737458423,NULL),(318,934,1115,NULL,2031,NULL,NULL,NULL,NULL,NULL,NULL,NULL,NULL,NULL,NULL,'credit','webinar',0.00,NULL,NULL,NULL,0.00,NULL,0,1,1737560007,NULL),(319,934,1117,NULL,2029,NULL,NULL,NULL,NULL,NULL,NULL,NULL,NULL,NULL,NULL,'credit','webinar',0.00,NULL,NULL,NULL,0.00,NULL,0,1,1737644205,NULL),(320,934,1117,NULL,2031,NULL,NULL,NULL,NULL,NULL,NULL,NULL,NULL,NULL,NULL,'credit','webinar',0.00,NULL,NULL,NULL,0.00,NULL,0,1,1737706283,NULL),(321,934,1121,NULL,1997,NULL,NULL,NULL,NULL,NULL,NULL,NULL,NULL,NULL,NULL,'credit','webinar',0.00,NULL,NULL,NULL,0.00,NULL,0,1,1737828150,NULL),(322,934,1121,NULL,2031,NULL,NULL,NULL,NULL,NULL,NULL,NULL,NULL,NULL,NULL,'credit','webinar',0.00,NULL,NULL,NULL,0.00,NULL,0,1,1737828465,NULL);
/*!40000 ALTER TABLE `sales` ENABLE KEYS */;
UNLOCK TABLES;

--
-- Table structure for table `sales_log`
--

DROP TABLE IF EXISTS `sales_log`;
/*!40101 SET @saved_cs_client     = @@character_set_client */;
/*!50503 SET character_set_client = utf8mb4 */;
CREATE TABLE `sales_log` (
  `id` int unsigned NOT NULL AUTO_INCREMENT,
  `sale_id` int unsigned NOT NULL,
  `viewed_at` int unsigned NOT NULL,
  PRIMARY KEY (`id`),
  KEY `sales_status_sale_id_foreign` (`sale_id`),
  CONSTRAINT `sales_status_sale_id_foreign` FOREIGN KEY (`sale_id`) REFERENCES `sales` (`id`) ON DELETE CASCADE
) ENGINE=InnoDB AUTO_INCREMENT=170 DEFAULT CHARSET=utf8mb4 COLLATE=utf8mb4_unicode_ci;
/*!40101 SET character_set_client = @saved_cs_client */;

--
-- Dumping data for table `sales_log`
--

LOCK TABLES `sales_log` WRITE;
/*!40000 ALTER TABLE `sales_log` DISABLE KEYS */;
INSERT INTO `sales_log` VALUES (1,173,1635412221),(2,172,1635412222),(3,171,1635412222),(4,170,1635412222),(5,169,1635412222),(6,168,1635412222),(7,167,1635412222),(8,166,1635412222),(9,165,1635412222),(10,164,1635412222),(11,163,1635412231),(12,162,1635412231),(13,161,1635412231),(14,160,1635412231),(15,159,1635412231),(16,158,1635412231),(17,157,1635412231),(18,156,1635412231),(19,155,1635412231),(20,154,1635412231),(21,153,1635412234),(22,152,1635412234),(23,151,1635412234),(24,150,1635412234),(25,149,1635412234),(26,148,1635412234),(27,147,1635412234),(28,146,1635412234),(29,145,1635412234),(30,144,1635412234),(31,143,1635412235),(32,142,1635412235),(33,141,1635412235),(34,184,1646260033),(35,183,1646260033),(36,182,1646260033),(37,181,1646260033),(38,180,1646260033),(39,179,1646260033),(40,178,1646260033),(41,177,1646260033),(42,176,1646260033),(43,175,1646260033),(44,191,1655970525),(45,190,1655970525),(46,189,1655970525),(47,185,1655970525),(48,195,1656233676),(126,199,1678864379),(127,198,1678864379),(128,192,1678864379),(129,188,1678864379),(130,187,1678864379),(131,186,1678864379),(132,174,1678864399),(133,269,1678925651),(135,278,1679088169),(137,276,1679088169),(138,280,1679090268),(139,283,1730283691),(140,286,1730578449),(141,285,1730578449),(142,284,1730578449),(143,290,1732410388),(144,289,1732410388),(145,288,1732410388),(146,287,1732410388),(147,291,1733769141),(148,296,1735363431),(149,295,1735363431),(150,294,1735363431),(151,293,1735363431),(152,292,1735363431),(156,303,1736174050),(157,304,1736174050),(158,305,1736174050),(159,309,1736353917),(160,310,1736353917),(161,311,1736353917),(162,312,1736353917),(163,313,1736353917),(164,314,1736353917),(165,306,1736353917),(166,307,1736353917),(167,308,1736353917),(168,315,1736354706),(169,316,1737457602);
/*!40000 ALTER TABLE `sales_log` ENABLE KEYS */;
UNLOCK TABLES;

--
-- Table structure for table `sections`
--

DROP TABLE IF EXISTS `sections`;
/*!40101 SET @saved_cs_client     = @@character_set_client */;
/*!50503 SET character_set_client = utf8mb4 */;
CREATE TABLE `sections` (
  `id` int unsigned NOT NULL AUTO_INCREMENT,
  `name` varchar(64) CHARACTER SET utf8mb4 COLLATE utf8mb4_unicode_ci NOT NULL,
  `section_group_id` int unsigned DEFAULT NULL,
  `caption` varchar(128) CHARACTER SET utf8mb4 COLLATE utf8mb4_unicode_ci NOT NULL,
  `type` enum('admin','panel') CHARACTER SET utf8mb4 COLLATE utf8mb4_unicode_ci NOT NULL DEFAULT 'admin',
  PRIMARY KEY (`id`) USING BTREE
) ENGINE=InnoDB AUTO_INCREMENT=100304 DEFAULT CHARSET=utf8mb4 COLLATE=utf8mb4_unicode_ci;
/*!40101 SET character_set_client = @saved_cs_client */;

--
-- Dumping data for table `sections`
--

LOCK TABLES `sections` WRITE;
/*!40000 ALTER TABLE `sections` DISABLE KEYS */;
INSERT INTO `sections` VALUES (1,'admin_general_dashboard',NULL,'General Dashboard','admin'),(2,'admin_general_dashboard_show',1,'General Dashboard page','admin'),(3,'admin_general_dashboard_quick_access_links',1,'Quick access links in General Dashboard','admin'),(4,'admin_general_dashboard_daily_sales_statistics',1,'Daily Sales Type Statistics Section','admin'),(5,'admin_general_dashboard_income_statistics',1,'Income Statistics Section','admin'),(6,'admin_general_dashboard_total_sales_statistics',1,'Total Sales Statistics Section','admin'),(7,'admin_general_dashboard_new_sales',1,'New Sales Section','admin'),(8,'admin_general_dashboard_new_comments',1,'New Comments Section','admin'),(9,'admin_general_dashboard_new_tickets',1,'New Tickets Section','admin'),(10,'admin_general_dashboard_new_reviews',1,'New Reviews Section','admin'),(11,'admin_general_dashboard_sales_statistics_chart',1,'Sales Statistics Chart','admin'),(12,'admin_general_dashboard_recent_comments',1,'Recent comments Section','admin'),(13,'admin_general_dashboard_recent_tickets',1,'Recent tickets Section','admin'),(14,'admin_general_dashboard_recent_webinars',1,'Recent webinars Section','admin'),(15,'admin_general_dashboard_recent_courses',1,'Recent courses Section','admin'),(16,'admin_general_dashboard_users_statistics_chart',1,'Users Statistics Chart','admin'),(17,'admin_clear_cache',1,'Clear cache','admin'),(25,'admin_marketing_dashboard',NULL,'Marketing Dashboard','admin'),(26,'admin_marketing_dashboard_show',25,'Marketing Dashboard page','admin'),(50,'admin_roles',NULL,'Roles','admin'),(51,'admin_roles_list',50,'Roles List','admin'),(52,'admin_roles_create',50,'Roles Create','admin'),(53,'admin_roles_edit',50,'Roles Edit','admin'),(54,'admin_roles_delete',50,'Roles Delete','admin'),(100,'admin_users',NULL,'Users','admin'),(101,'admin_staffs_list',100,'Staffs list','admin'),(102,'admin_users_list',100,'Students list','admin'),(103,'admin_instructors_list',100,'Instructors list','admin'),(104,'admin_organizations_list',100,'Organizations list','admin'),(105,'admin_users_create',100,'Users Create','admin'),(106,'admin_users_edit',100,'Users Edit','admin'),(107,'admin_users_delete',100,'Users Delete','admin'),(108,'admin_users_export_excel',100,'List Export excel','admin'),(109,'admin_users_badges',100,'Users Badges','admin'),(110,'admin_users_badges_edit',100,'Badges edit','admin'),(111,'admin_users_badges_delete',100,'Badges delete','admin'),(112,'admin_users_impersonate',100,'users impersonate (login by users)','admin'),(113,'admin_become_instructors_list',100,'Lists of requests for become instructors','admin'),(114,'admin_become_instructors_reject',100,'Reject requests for become instructors','admin'),(115,'admin_become_instructors_delete',100,'Delete requests for become instructors','admin'),(116,'admin_update_user_registration_package',100,'Edit user registration package','admin'),(117,'admin_update_user_meeting_settings',100,'Edit user meeting settings','admin'),(118,'admin_update_user_role_in_edit_page',100,'Update User role in edit page','admin'),(150,'admin_webinars',NULL,'Webinars','admin'),(151,'admin_webinars_list',150,'Webinars List','admin'),(152,'admin_webinars_create',150,'Webinars Create','admin'),(153,'admin_webinars_edit',150,'Webinars Edit','admin'),(154,'admin_webinars_delete',150,'Webinars Delete','admin'),(155,'admin_webinars_export_excel',150,'Export excel webinars list','admin'),(156,'admin_feature_webinars',150,'Feature webinars list','admin'),(157,'admin_feature_webinars_create',150,'create feature webinar','admin'),(158,'admin_feature_webinars_export_excel',150,'Feature webinar export excel','admin'),(159,'admin_webinar_students_lists',150,'Webinar students Lists','admin'),(160,'admin_webinar_students_delete',150,'Webinar students delete','admin'),(161,'admin_webinar_notification_to_students',150,'Send notification to course students','admin'),(162,'admin_webinar_statistics',150,'Course statistics','admin'),(163,'admin_agora_history_list',150,'Agora history lists','admin'),(164,'admin_agora_history_export',150,'Agora history export','admin'),(165,'admin_course_question_forum_list',150,'Forum Question Lists','admin'),(166,'admin_course_question_forum_answers',150,'Forum Answers Lists','admin'),(167,'admin_course_personal_notes',150,'Course Personal Notes','admin'),(200,'admin_categories',NULL,'Categories','admin'),(201,'admin_categories_list',200,'Categories List','admin'),(202,'admin_categories_create',200,'Categories Create','admin'),(203,'admin_categories_edit',200,'Categories Edit','admin'),(204,'admin_categories_delete',200,'Categories Delete','admin'),(205,'admin_trending_categories',200,'Trends Categories List','admin'),(206,'admin_create_trending_categories',200,'Create Trend Categories','admin'),(207,'admin_edit_trending_categories',200,'Edit Trend Categories','admin'),(208,'admin_delete_trending_categories',200,'Delete Trend Categories','admin'),(250,'admin_tags',NULL,'Tags','admin'),(251,'admin_tags_list',250,'Tags List','admin'),(252,'admin_tags_create',250,'Tags Create','admin'),(253,'admin_tags_edit',250,'Tags Edit','admin'),(254,'admin_tags_delete',250,'Tags Delete','admin'),(300,'admin_filters',NULL,'Filters','admin'),(301,'admin_filters_list',300,'Filters List','admin'),(302,'admin_filters_create',300,'Filters Create','admin'),(303,'admin_filters_edit',300,'Filters Edit','admin'),(304,'admin_filters_delete',300,'Filters Delete','admin'),(350,'admin_quizzes',NULL,'Quizzes','admin'),(351,'admin_quizzes_list',350,'Quizzes List','admin'),(352,'admin_quizzes_create',350,'Create Quiz','admin'),(353,'admin_quizzes_edit',350,'Edit Quiz','admin'),(354,'admin_quizzes_delete',350,'Delete Quiz','admin'),(355,'admin_quizzes_results',350,'Quizzes results','admin'),(356,'admin_quizzes_results_delete',350,'Quizzes results delete','admin'),(357,'admin_quizzes_lists_excel',350,'Quizzes export excel','admin'),(400,'admin_quiz_result',NULL,'Quiz Result','admin'),(401,'admin_quiz_result_list',400,'Quiz Result List','admin'),(402,'admin_quiz_result_create',400,'Quiz Result Create','admin'),(403,'admin_quiz_result_edit',400,'Quiz Result Edit','admin'),(404,'admin_quiz_result_delete',400,'Quiz Result Delete','admin'),(405,'admin_quiz_result_export_excel',400,'quiz result export excel','admin'),(450,'admin_certificate',NULL,'Certificate','admin'),(451,'admin_certificate_list',450,'Certificate List','admin'),(452,'admin_certificate_create',450,'Certificate Create','admin'),(453,'admin_certificate_edit',450,'Certificate Edit','admin'),(454,'admin_certificate_delete',450,'Certificate Delete','admin'),(455,'admin_certificate_template_list',450,'Certificate template lists','admin'),(456,'admin_certificate_template_create',450,'Certificate template create','admin'),(457,'admin_certificate_template_edit',450,'Certificate template edit','admin'),(458,'admin_certificate_template_delete',450,'Certificate template delete','admin'),(459,'admin_certificate_export_excel',450,'Certificates export excel','admin'),(460,'admin_course_certificate_list',450,'Course Competition Certificates','admin'),(461,'admin_certificate_settings',450,'Settings','admin'),(500,'admin_discount_codes',NULL,'Discount codes','admin'),(501,'admin_discount_codes_list',500,'Discount codes list','admin'),(502,'admin_discount_codes_create',500,'Discount codes create','admin'),(503,'admin_discount_codes_edit',500,'Discount codes edit','admin'),(504,'admin_discount_codes_delete',500,'Discount codes delete','admin'),(505,'admin_discount_codes_export',500,'Discount codes export excel','admin'),(550,'admin_group',NULL,'Groups','admin'),(551,'admin_group_list',550,'Groups List','admin'),(552,'admin_group_create',550,'Groups Create','admin'),(553,'admin_group_edit',550,'Groups Edit','admin'),(554,'admin_group_delete',550,'Groups Delete','admin'),(555,'admin_update_group_registration_package',550,'Update group registration package','admin'),(600,'admin_payment_channel',NULL,'Payment Channels','admin'),(601,'admin_payment_channel_list',600,'Payment Channels List','admin'),(602,'admin_payment_channel_toggle_status',600,'active or inactive channel','admin'),(603,'admin_payment_channel_edit',600,'Payment Channels Edit','admin'),(650,'admin_settings',NULL,'settings','admin'),(651,'admin_settings_general',650,'General settings','admin'),(652,'admin_settings_financial',650,'Financial settings','admin'),(653,'admin_settings_personalization',650,'Personalization settings','admin'),(654,'admin_settings_notifications',650,'Notifications settings','admin'),(655,'admin_settings_seo',650,'Seo settings','admin'),(656,'admin_settings_customization',650,'Customization settings','admin'),(657,'admin_settings_update_app',650,'Update App settings','admin'),(658,'admin_settings_home_sections',650,'Home sections settings','admin'),(700,'admin_blog',NULL,'Blog','admin'),(701,'admin_blog_lists',700,'Blog lists','admin'),(702,'admin_blog_create',700,'Blog create','admin'),(703,'admin_blog_edit',700,'Blog edit','admin'),(704,'admin_blog_delete',700,'Blog delete','admin'),(705,'admin_blog_categories',700,'Blog categories list','admin'),(706,'admin_blog_categories_create',700,'Blog categories create','admin'),(707,'admin_blog_categories_edit',700,'Blog categories edit','admin'),(708,'admin_blog_categories_delete',700,'Blog categories delete','admin'),(750,'admin_sales',NULL,'Sales','admin'),(751,'admin_sales_list',750,'Sales List','admin'),(752,'admin_sales_refund',750,'Sales Refund','admin'),(753,'admin_sales_invoice',750,'Sales invoice','admin'),(754,'admin_sales_export',750,'Sales Export Excel','admin'),(800,'admin_documents',NULL,'Balances','admin'),(801,'admin_documents_list',800,'Balances List','admin'),(802,'admin_documents_create',800,'Balances Create','admin'),(803,'admin_documents_print',800,'Balances print','admin'),(850,'admin_payouts',NULL,'Payout','admin'),(851,'admin_payouts_list',850,'Payout List','admin'),(852,'admin_payouts_reject',850,'Payout Reject','admin'),(853,'admin_payouts_payout',850,'Payout accept','admin'),(854,'admin_payouts_export_excel',850,'Payout export excel','admin'),(900,'admin_offline_payments',NULL,'Offline Payments','admin'),(901,'admin_offline_payments_list',900,'Offline Payments List','admin'),(902,'admin_offline_payments_reject',900,'Offline Payments Reject','admin'),(903,'admin_offline_payments_approved',900,'Offline Payments Approved','admin'),(904,'admin_offline_payments_export_excel',900,'Offline Payments export excel','admin'),(950,'admin_supports',NULL,'Supports','admin'),(951,'admin_supports_list',950,'Supports List','admin'),(952,'admin_support_send',950,'Send Support','admin'),(953,'admin_supports_reply',950,'Supports reply','admin'),(954,'admin_supports_delete',950,'Supports delete','admin'),(955,'admin_support_departments',950,'Support departments lists','admin'),(956,'admin_support_department_create',950,'Create support department','admin'),(957,'admin_support_departments_edit',950,'Edit support departments','admin'),(958,'admin_support_departments_delete',950,'Delete support department','admin'),(959,'admin_support_course_conversations',950,'Course conversations','admin'),(1000,'admin_subscribe',NULL,'Subscribes','admin'),(1001,'admin_subscribe_list',1000,'Subscribes list','admin'),(1002,'admin_subscribe_create',1000,'Subscribes create','admin'),(1003,'admin_subscribe_edit',1000,'Subscribes edit','admin'),(1004,'admin_subscribe_delete',1000,'Subscribes delete','admin'),(1050,'admin_notifications',NULL,'Notifications','admin'),(1051,'admin_notifications_list',1050,'Notifications list','admin'),(1052,'admin_notifications_send',1050,'Send Notifications','admin'),(1053,'admin_notifications_edit',1050,'Edit and details Notifications','admin'),(1054,'admin_notifications_delete',1050,'Delete Notifications','admin'),(1055,'admin_notifications_markAllRead',1050,'Mark All Read Notifications','admin'),(1056,'admin_notifications_templates',1050,'Notifications templates','admin'),(1057,'admin_notifications_template_create',1050,'Create notification template','admin'),(1058,'admin_notifications_template_edit',1050,'Edit notification template','admin'),(1059,'admin_notifications_template_delete',1050,'Delete notification template','admin'),(1060,'admin_notifications_posted_list',1050,'Notifications Posted list','admin'),(1075,'admin_noticeboards',NULL,'Noticeboards','admin'),(1076,'admin_noticeboards_list',1075,'Noticeboards list','admin'),(1077,'admin_noticeboards_send',1075,'Send Noticeboards','admin'),(1078,'admin_noticeboards_edit',1075,'Edit Noticeboards','admin'),(1079,'admin_noticeboards_delete',1075,'Delete Noticeboards','admin'),(1080,'admin_course_noticeboards_list',1075,'Course Noticeboards list','admin'),(1081,'admin_course_noticeboards_send',1075,'Send Course Noticeboards','admin'),(1082,'admin_course_noticeboards_edit',1075,'Edit Course Noticeboards','admin'),(1083,'admin_course_noticeboards_delete',1075,'Delete Course Noticeboards','admin'),(1100,'admin_promotion',NULL,'Promotions','admin'),(1101,'admin_promotion_list',1100,'Promotions list','admin'),(1102,'admin_promotion_create',1100,'Promotion create','admin'),(1103,'admin_promotion_edit',1100,'Promotion edit','admin'),(1104,'admin_promotion_delete',1100,'Promotion delete','admin'),(1150,'admin_testimonials',NULL,'testimonials','admin'),(1151,'admin_testimonials_list',1150,'testimonials list','admin'),(1152,'admin_testimonials_create',1150,'testimonials create','admin'),(1153,'admin_testimonials_edit',1150,'testimonials edit','admin'),(1154,'admin_testimonials_delete',1150,'testimonials delete','admin'),(1200,'admin_advertising',NULL,'advertising','admin'),(1201,'admin_advertising_banners',1200,'advertising banners list','admin'),(1202,'admin_advertising_banners_create',1200,'create advertising banner','admin'),(1203,'admin_advertising_banners_edit',1200,'edit advertising banner','admin'),(1204,'admin_advertising_banners_delete',1200,'delete advertising banner','admin'),(1230,'admin_newsletters',NULL,'Newsletters','admin'),(1231,'admin_newsletters_lists',1230,'Newsletters lists','admin'),(1232,'admin_newsletters_send',1230,'Send Newsletters','admin'),(1233,'admin_newsletters_history',1230,'Newsletters histories','admin'),(1234,'admin_newsletters_delete',1230,'Delete newsletters item','admin'),(1235,'admin_newsletters_export_excel',1230,'Export excel newsletters item','admin'),(1250,'admin_contacts',NULL,'Contacts','admin'),(1251,'admin_contacts_lists',1250,'Contacts lists','admin'),(1252,'admin_contacts_reply',1250,'Contacts reply','admin'),(1253,'admin_contacts_delete',1250,'Contacts delete','admin'),(1300,'admin_product_discount',NULL,'product discount','admin'),(1301,'admin_product_discount_list',1300,'product discount list','admin'),(1302,'admin_product_discount_create',1300,'create product discount','admin'),(1303,'admin_product_discount_edit',1300,'edit product discount','admin'),(1304,'admin_product_discount_delete',1300,'delete product discount','admin'),(1305,'admin_product_discount_export',1300,'delete product export excel','admin'),(1350,'admin_pages',NULL,'pages','admin'),(1351,'admin_pages_list',1350,'pages list','admin'),(1352,'admin_pages_create',1350,'pages create','admin'),(1353,'admin_pages_edit',1350,'pages edit','admin'),(1354,'admin_pages_toggle',1350,'pages toggle publish/draft','admin'),(1355,'admin_pages_delete',1350,'pages delete','admin'),(1400,'admin_comments',NULL,'Comments','admin'),(1401,'admin_comments_edit',1400,'Comments edit','admin'),(1402,'admin_comments_reply',1400,'Comments reply','admin'),(1403,'admin_comments_delete',1400,'Comments delete','admin'),(1404,'admin_comments_status',1400,'Comments status (active or pending)','admin'),(1405,'admin_comments_reports',1400,'Reports','admin'),(1406,'admin_webinar_comments',1400,'Classes comments','admin'),(1407,'admin_blog_comments',1400,'Blog comments','admin'),(1408,'admin_product_comments',1400,'Product comments','admin'),(1409,'admin_bundle_comments',1400,'Bundle comments','admin'),(1450,'admin_reports',NULL,'Reports','admin'),(1451,'admin_webinar_reports',1450,'Classes reports','admin'),(1452,'admin_webinar_comments_reports',1450,'Classes Comments reports','admin'),(1453,'admin_webinar_reports_delete',1450,'Classes reports delete','admin'),(1454,'admin_blog_comments_reports',1450,'Blog Comments reports','admin'),(1455,'admin_report_reasons',1450,'Reports reasons','admin'),(1456,'admin_product_comments_reports',1450,'Products Comments reports','admin'),(1457,'admin_forum_topic_post_reports',1450,'Forum Topic Posts Reports','admin'),(1500,'admin_additional_pages',NULL,'Additional Pages','admin'),(1501,'admin_additional_pages_404',1500,'404 error page settings','admin'),(1502,'admin_additional_pages_contact_us',1500,'Contact page settings','admin'),(1503,'admin_additional_pages_footer',1500,'Footer settings','admin'),(1504,'admin_additional_pages_navbar_links',1500,'Top Navbar links settings','admin'),(1550,'admin_appointments',NULL,'Appointments','admin'),(1551,'admin_appointments_lists',1550,'Appointments lists','admin'),(1552,'admin_appointments_join',1550,'Appointments join','admin'),(1553,'admin_appointments_send_reminder',1550,'Appointments send reminder','admin'),(1554,'admin_appointments_cancel',1550,'Appointments cancel','admin'),(1600,'admin_reviews',NULL,'Reviews','admin'),(1601,'admin_reviews_lists',1600,'Reviews lists','admin'),(1602,'admin_reviews_status_toggle',1600,'Reviews status toggle (publish or hidden)','admin'),(1603,'admin_reviews_detail_show',1600,'Review details page','admin'),(1604,'admin_reviews_reply',1600,'Review reply','admin'),(1605,'admin_reviews_delete',1600,'Review delete','admin'),(1650,'admin_consultants',NULL,'Consultants','admin'),(1651,'admin_consultants_lists',1650,'Consultants lists','admin'),(1652,'admin_consultants_export_excel',1650,'Consultants export excel','admin'),(1675,'admin_referrals',NULL,'Referrals','admin'),(1676,'admin_referrals_history',1675,'Referrals History','admin'),(1677,'admin_referrals_users',1675,'Referrals users','admin'),(1678,'admin_referrals_export',1675,'Export Referrals','admin'),(1725,'admin_regions',NULL,'Regions','admin'),(1726,'admin_regions_countries',1725,'countries lists','admin'),(1727,'admin_regions_provinces',1725,'provinces lists','admin'),(1728,'admin_regions_cities',1725,'cities lists','admin'),(1729,'admin_regions_districts',1725,'districts lists','admin'),(1730,'admin_regions_create',1725,'create item','admin'),(1731,'admin_regions_edit',1725,'edit item','admin'),(1732,'admin_regions_delete',1725,'delete item','admin'),(1750,'admin_rewards',NULL,'Rewards','admin'),(1751,'admin_rewards_history',1750,'Rewards history','admin'),(1752,'admin_rewards_settings',1750,'Rewards settings','admin'),(1753,'admin_rewards_items',1750,'Rewards items','admin'),(1754,'admin_rewards_item_delete',1750,'Reward item delete','admin'),(1775,'admin_registration_packages',NULL,'Registration packages','admin'),(1776,'admin_registration_packages_lists',1775,'packages lists','admin'),(1777,'admin_registration_packages_new',1775,'New package','admin'),(1778,'admin_registration_packages_edit',1775,'Edit package','admin'),(1779,'admin_registration_packages_delete',1775,'Delete package','admin'),(1780,'admin_registration_packages_reports',1775,'Reports','admin'),(1781,'admin_registration_packages_settings',1775,'Settings','admin'),(1800,'admin_store',NULL,'Store','admin'),(1801,'admin_store_products',1800,'Products lists','admin'),(1802,'admin_store_new_product',1800,'Create New Product','admin'),(1803,'admin_store_edit_product',1800,'Edit Product','admin'),(1804,'admin_store_delete_product',1800,'Delete Product','admin'),(1805,'admin_store_export_products',1800,'Export excel Products','admin'),(1806,'admin_store_categories_list',1800,'Store Categories Lists','admin'),(1807,'admin_store_categories_create',1800,'Create Store Category','admin'),(1808,'admin_store_categories_edit',1800,'Edit Store Category','admin'),(1809,'admin_store_categories_delete',1800,'Delete Store Category','admin'),(1810,'admin_store_filters_list',1800,'Store Filters Lists','admin'),(1811,'admin_store_filters_create',1800,'Create Store Filter','admin'),(1812,'admin_store_filters_edit',1800,'Edit Store Filter','admin'),(1813,'admin_store_filters_delete',1800,'Delete Store Filter','admin'),(1814,'admin_store_specifications',1800,'Store Specifications','admin'),(1815,'admin_store_specifications_create',1800,'Create New Store Specification','admin'),(1816,'admin_store_specifications_edit',1800,'Edit Store Specification','admin'),(1817,'admin_store_specifications_delete',1800,'Delete Store Specification','admin'),(1818,'admin_store_discounts',1800,'Store Discounts Lists','admin'),(1819,'admin_store_discounts_create',1800,'Create New Store discount','admin'),(1820,'admin_store_discounts_edit',1800,'Edit Store discount','admin'),(1821,'admin_store_discounts_delete',1800,'Delete Store discount','admin'),(1822,'admin_store_products_orders',1800,'Products Orders','admin'),(1823,'admin_store_products_orders_refund',1800,'Products Orders Refund','admin'),(1824,'admin_store_products_orders_invoice',1800,'Products Orders View Invoice','admin'),(1825,'admin_store_products_orders_export',1800,'Products Orders Export Excel','admin'),(1826,'admin_store_products_orders_tracking_code',1800,'Products Orders Tracking code','admin'),(1827,'admin_store_products_reviews',1800,'Reviews lists','admin'),(1828,'admin_store_products_reviews_status_toggle',1800,'Reviews status toggle (publish or hidden)','admin'),(1829,'admin_store_products_reviews_detail_show',1800,'Review details page','admin'),(1830,'admin_store_products_reviews_delete',1800,'Review delete','admin'),(1831,'admin_store_settings',1800,'Store settings','admin'),(1832,'admin_store_in_house_products',1800,'In-house products','admin'),(1833,'admin_store_in_house_orders',1800,'In-house Products Orders','admin'),(1834,'admin_store_products_sellers',1800,'Products Sellers','admin'),(1835,'admin_store_in_house_products_delete',1800,'In-house Products Delete','admin'),(1836,'admin_store_in_house_products_export',1800,'In-house Products Export Excel','admin'),(1837,'admin_store_in_house_orders',1800,'In-house Products Orders','admin'),(1838,'admin_store_products_sellers',1800,'Products Sellers','admin'),(1850,'admin_webinar_assignments',NULL,'Webinar assignments','admin'),(1851,'admin_webinar_assignments_lists',1850,'Assignments lists','admin'),(1852,'admin_webinar_assignments_students',1850,'Assignment students','admin'),(1853,'admin_webinar_assignments_conversations',1850,'Assignment students conversations','admin'),(1875,'admin_users_not_access_content',NULL,'Users do not have access to the content','admin'),(1876,'admin_users_not_access_content_lists',1875,'Users lists','admin'),(1877,'admin_users_not_access_content_toggle',1875,'Toggle active/inactive users to view content','admin'),(1900,'admin_bundles',NULL,'Bundles','admin'),(1901,'admin_bundles_list',1900,'Bundles Lists','admin'),(1902,'admin_bundles_create',1900,'Create new Bundle','admin'),(1903,'admin_bundles_edit',1900,'Edit bundle','admin'),(1904,'admin_bundles_delete',1900,'Delete bundle','admin'),(1905,'admin_bundles_export_excel',1900,'Export excel','admin'),(1925,'admin_forum',NULL,'Forums','admin'),(1926,'admin_forum_list',1925,'Forums Lists','admin'),(1927,'admin_forum_create',1925,'Forums create','admin'),(1928,'admin_forum_edit',1925,'Forums edit','admin'),(1929,'admin_forum_delete',1925,'Forums delete','admin'),(1930,'admin_forum_topics_lists',1925,'Forums topics lists','admin'),(1931,'admin_forum_topics_create',1925,'Forums topics create','admin'),(1932,'admin_forum_topics_delete',1925,'Forums topics delete','admin'),(1933,'admin_forum_topics_posts',1925,'Forums topic posts','admin'),(1934,'admin_forum_topics_create_posts',1925,'Forums topic store posts','admin'),(1950,'admin_featured_topics',NULL,'Featured topics','admin'),(1951,'admin_featured_topics_list',1950,'Featured topics Lists','admin'),(1952,'admin_featured_topics_create',1950,'Featured topics create','admin'),(1953,'admin_featured_topics_edit',1950,'Featured topics edit','admin'),(1954,'admin_featured_topics_delete',1950,'Featured topics delete','admin'),(1975,'admin_recommended_topics',NULL,'Recommended topics','admin'),(1976,'admin_recommended_topics_list',1975,'Recommended topics Lists','admin'),(1977,'admin_recommended_topics_create',1975,'Recommended topics create','admin'),(1978,'admin_recommended_topics_edit',1975,'Recommended topics edit','admin'),(1979,'admin_recommended_topics_delete',1975,'Recommended topics delete','admin'),(2000,'admin_advertising_modal',NULL,'Advertising modal','admin'),(2001,'admin_advertising_modal_config',2000,'Set Advertising modal','admin'),(2015,'admin_enrollment',NULL,'Enrollment','admin'),(2016,'admin_enrollment_history',2015,'Enrollment History','admin'),(2017,'admin_enrollment_add_student_to_items',2015,'Enrollment Add Student To Items','admin'),(2018,'admin_enrollment_block_access',2015,'Enrollment Block Access','admin'),(2019,'admin_enrollment_enable_access',2015,'Enrollment Enable Access','admin'),(2020,'admin_enrollment_export',2015,'Enrollment Export History','admin'),(2021,'admin_enrollment_export',2015,'Enrollment Export History','admin'),(2030,'admin_delete_account_requests',NULL,'Delete Account Requests','admin'),(2031,'admin_delete_account_requests_lists',2030,'Delete Account Requests Lists','admin'),(2032,'admin_delete_account_requests_confirm',2030,'Delete Account Requests Confirm','admin'),(2050,'admin_upcoming_courses',NULL,'Upcoming Course','admin'),(2051,'admin_upcoming_courses_list',2050,'Lists','admin'),(2052,'admin_upcoming_courses_create',2050,'Create','admin'),(2053,'admin_upcoming_courses_edit',2050,'Edit and Update','admin'),(2054,'admin_upcoming_courses_delete',2050,'Delete','admin'),(2055,'admin_upcoming_courses_followers',2050,'Followers','admin'),(2070,'admin_installments',NULL,'Installments','admin'),(2071,'admin_installments_list',2070,'Lists','admin'),(2072,'admin_installments_create',2070,'Create','admin'),(2073,'admin_installments_edit',2070,'Edit and Update','admin'),(2074,'admin_installments_delete',2070,'Delete','admin'),(2075,'admin_installments_settings',2070,'Settings','admin'),(2076,'admin_installments_purchases',2070,'Purchases','admin'),(2077,'admin_installments_overdue_lists',2070,'Overdue Installments','admin'),(2078,'admin_installments_overdue_history',2070,'Overdue History','admin'),(2079,'admin_installments_verification_requests',2070,'Verification Requests','admin'),(2080,'admin_installments_verified_users',2070,'Verified Users','admin'),(2081,'admin_installments_orders',2070,'Approve/Reject/Refund Requests','admin'),(2090,'admin_registration_bonus',NULL,'Registration Bonus','admin'),(2091,'admin_registration_bonus_history',2090,'History','admin'),(2092,'admin_registration_bonus_settings',2090,'Settings','admin'),(2093,'admin_registration_bonus_export_excel',2090,'Export Excel','admin'),(3000,'admin_floating_bar',NULL,'Top/Bottom Floating Bar','admin'),(3001,'admin_floating_bar_create',3000,'Create/Edit','admin'),(3010,'admin_cashback',NULL,'Cashback','admin'),(3011,'admin_cashback_rules',3010,'Rules','admin'),(3012,'admin_cashback_transactions',3010,'Transactions','admin'),(3013,'admin_cashback_history',3010,'History','admin'),(3020,'admin_waitlists',NULL,'Waitlists','admin'),(3021,'admin_waitlists_lists',3020,'Lists','admin'),(3022,'admin_waitlists_users',3020,'Joined Users','admin'),(3023,'admin_waitlists_exports',3020,'Export excel lists','admin'),(3024,'admin_waitlists_clear_list',3020,'Clear lists','admin'),(3025,'admin_waitlists_disable',3020,'Disable','admin'),(3030,'admin_gift',NULL,'Gifts','admin'),(3031,'admin_gift_history',3030,'History','admin'),(3032,'admin_gift_send_reminder',3030,'Send Reminder','admin'),(3033,'admin_gift_cancel',3030,'Cancel','admin'),(3034,'admin_gift_settings',3030,'Settings','admin'),(3035,'admin_gift_export',3030,'Export Excel','admin'),(3040,'admin_forms',NULL,'Forms','admin'),(3041,'admin_forms_lists',3040,'Lists','admin'),(3042,'admin_forms_create',3040,'Create','admin'),(3043,'admin_forms_edit',3040,'Edit','admin'),(3044,'admin_forms_delete',3040,'Delete','admin'),(3045,'admin_forms_export',3040,'Export','admin'),(3046,'admin_forms_submissions',3040,'Submissions','admin'),(3050,'admin_ai_contents',NULL,'AI Contents','admin'),(3051,'admin_ai_contents_lists',3050,'Generated Contents Lists','admin'),(3052,'admin_ai_contents_templates_lists',3050,'Template Lists','admin'),(3053,'admin_ai_contents_templates_create',3050,'Template Create','admin'),(3054,'admin_ai_contents_templates_edit',3050,'Template Edit','admin'),(3055,'admin_ai_contents_templates_delete',3050,'Template Delete','admin'),(3056,'admin_ai_contents_settings',3050,'Settings','admin'),(3060,'admin_purchase_notifications',NULL,'Purchase Notifications','admin'),(3061,'admin_purchase_notifications_lists',3060,'Lists','admin'),(3062,'admin_purchase_notifications_create',3060,'Create','admin'),(3063,'admin_purchase_notifications_edit',3060,'Edit','admin'),(3064,'admin_purchase_notifications_delete',3060,'Delete','admin'),(3070,'admin_content_delete_requests',NULL,'Content Delete Requests','admin'),(3071,'admin_content_delete_requests_lists',3070,'Lists','admin'),(3072,'admin_content_delete_requests_actions',3070,'Approve/Reject','admin'),(3080,'admin_user_login_history',NULL,'User Login History','admin'),(3081,'admin_user_login_history_lists',3080,'Lists','admin'),(3082,'admin_user_login_history_delete',3080,'Delete','admin'),(3083,'admin_user_login_history_end_session',3080,'End Session','admin'),(3084,'admin_user_login_history_export',3080,'Export Excel','admin'),(3090,'admin_user_ip_restriction',NULL,'User IP Restriction','admin'),(3091,'admin_user_ip_restriction_lists',3090,'Lists','admin'),(3092,'admin_user_ip_restriction_create',3090,'Create/Edit Restriction','admin'),(3093,'admin_user_ip_restriction_delete',3090,'Delete','admin'),(3100,'admin_product_badges',NULL,'Product Badges','admin'),(3101,'admin_product_badges_lists',3100,'Lists','admin'),(3102,'admin_product_badges_create',3100,'Create','admin'),(3103,'admin_product_badges_edit',3100,'Edit','admin'),(3104,'admin_product_badges_delete',3100,'Delete','admin'),(3110,'admin_cart_discount',NULL,'Cart Discount','admin'),(3111,'admin_cart_discount_controls',3110,'Controls','admin'),(3120,'admin_abandoned_cart',NULL,'Abandoned Cart','admin'),(3121,'admin_abandoned_cart_rules',3120,'Rules (Create/Edit/Delete)','admin'),(3122,'admin_abandoned_cart_users',3120,'Users Cart','admin'),(3123,'admin_abandoned_cart_settings',3120,'Settings','admin'),(3130,'admin_translator',NULL,'Translator','admin'),(3131,'admin_translator_actions',3130,'Actions (Create/Edit/Delete)','admin'),(100001,'panel_organization_instructors',NULL,'Organization Instructors','panel'),(100002,'panel_organization_instructors_lists',100001,'Lists','panel'),(100003,'panel_organization_instructors_create',100001,'Create','panel'),(100004,'panel_organization_instructors_edit',100001,'Edit','panel'),(100005,'panel_organization_instructors_delete',100001,'Delete','panel'),(100010,'panel_organization_students',NULL,'Organization Students','panel'),(100011,'panel_organization_students_lists',100010,'Lists','panel'),(100012,'panel_organization_students_create',100010,'Create','panel'),(100013,'panel_organization_students_edit',100010,'Edit','panel'),(100014,'panel_organization_students_delete',100010,'Delete','panel'),(100020,'panel_webinars',NULL,'Webinars (Courses)','panel'),(100021,'panel_webinars_lists',100020,'Lists','panel'),(100022,'panel_webinars_create',100020,'Create/Edit','panel'),(100023,'panel_webinars_delete',100020,'Delete','panel'),(100024,'panel_webinars_learning_page',100020,'Learning Page','panel'),(100025,'panel_webinars_invited_lists',100020,'Invited Class Lists','panel'),(100026,'panel_webinars_organization_classes',100020,'My Organization classes','panel'),(100027,'panel_webinars_my_purchases',100020,'My Purchases','panel'),(100028,'panel_webinars_my_class_comments',100020,'My Class Comments','panel'),(100029,'panel_webinars_comments',100020,'My Comments','panel'),(100030,'panel_webinars_favorites',100020,'Favorites','panel'),(100031,'panel_webinars_personal_course_notes',100020,'Personal Course Notes','panel'),(100032,'panel_webinars_duplicate',100020,'Duplicate','panel'),(100033,'panel_webinars_export_students_list',100020,'Export Students List','panel'),(100034,'panel_webinars_invoice',100020,'Invoice','panel'),(100035,'panel_webinars_statistics',100020,'Statistics','panel'),(100040,'panel_upcoming_courses',NULL,'Upcoming Courses','panel'),(100041,'panel_upcoming_courses_lists',100040,'Lists','panel'),(100042,'panel_upcoming_courses_create',100040,'Create/Edit','panel'),(100043,'panel_upcoming_courses_delete',100040,'Delete','panel'),(100044,'panel_upcoming_courses_followings',100040,'Followings','panel'),(100045,'panel_upcoming_courses_followers',100040,'Followers','panel'),(100050,'panel_bundles',NULL,'Bundles','panel'),(100051,'panel_bundles_lists',100050,'Lists','panel'),(100052,'panel_bundles_create',100050,'Create/Edit','panel'),(100053,'panel_bundles_delete',100050,'Delete','panel'),(100054,'panel_bundles_export_students_list',100050,'Export Students List','panel'),(100055,'panel_bundles_courses',100050,'Courses','panel'),(100060,'panel_assignments',NULL,'Assignments','panel'),(100061,'panel_assignments_lists',100060,'My Assignments Lists','panel'),(100062,'panel_assignments_my_courses_assignments',100060,'My Courses Assignments','panel'),(100063,'panel_assignments_students',100060,'Students Assignments','panel'),(100070,'panel_meetings',NULL,'Meetings','panel'),(100071,'panel_meetings_my_reservation',100070,'My Reservation','panel'),(100072,'panel_meetings_requests',100070,'Requests','panel'),(100073,'panel_meetings_settings',100070,'Settings','panel'),(100080,'panel_quizzes',NULL,'Quizzes','panel'),(100081,'panel_quizzes_lists',100080,'Lists','panel'),(100082,'panel_quizzes_create',100080,'Create/Edit','panel'),(100083,'panel_quizzes_delete',100080,'Delete','panel'),(100084,'panel_quizzes_results',100080,'Results','panel'),(100085,'panel_quizzes_my_results',100080,'My Results','panel'),(100086,'panel_quizzes_not_participated',100080,'Not Participated Lists','panel'),(100090,'panel_certificates',NULL,'Certificates','panel'),(100091,'panel_certificates_lists',100090,'Lists','panel'),(100092,'panel_certificates_achievements',100090,'Achievements','panel'),(100093,'panel_certificates_course_certificates',100090,'Course Certificates','panel'),(100100,'panel_products',NULL,'Products (Store)','panel'),(100101,'panel_products_lists',100100,'Lists','panel'),(100102,'panel_products_create',100100,'Create/Edit','panel'),(100103,'panel_products_delete',100100,'Delete','panel'),(100104,'panel_products_sales',100100,'Sales','panel'),(100105,'panel_products_purchases',100100,'Purchases','panel'),(100106,'panel_products_comments',100100,'Comments','panel'),(100107,'panel_products_my_comments',100100,'My Comments','panel'),(100120,'panel_financial',NULL,'Financial','panel'),(100121,'panel_financial_sales_reports',100120,'Sales Reports','panel'),(100122,'panel_financial_summary',100120,'Summary','panel'),(100123,'panel_financial_payout',100120,'Payout','panel'),(100124,'panel_financial_charge_account',100120,'Charge Account','panel'),(100125,'panel_financial_subscribes',100120,'Subscribes','panel'),(100126,'panel_financial_registration_packages',100120,'Registration Packages','panel'),(100127,'panel_financial_installments',100120,'Installments','panel'),(100140,'panel_support',NULL,'Support','panel'),(100141,'panel_support_lists',100140,'Lists','panel'),(100142,'panel_support_create',100140,'Create','panel'),(100143,'panel_support_tickets',100140,'Tickets','panel'),(100160,'panel_marketing',NULL,'Marketing','panel'),(100161,'panel_marketing_special_offers',100160,'Special Offers','panel'),(100162,'panel_marketing_promotions',100160,'Promotions','panel'),(100163,'panel_marketing_affiliates',100160,'Affiliates','panel'),(100164,'panel_marketing_registration_bonus',100160,'Registration Bonus','panel'),(100165,'panel_marketing_coupons',100160,'Coupons','panel'),(100166,'panel_marketing_new_coupon',100160,'Create Coupons','panel'),(100167,'panel_marketing_delete_coupon',100160,'Delete Coupons','panel'),(100180,'panel_forums',NULL,'Forums','panel'),(100181,'panel_forums_new_topic',100180,'New Topic','panel'),(100182,'panel_forums_my_topics',100180,'My Topics','panel'),(100183,'panel_forums_my_posts',100180,'My Posts','panel'),(100184,'panel_forums_bookmarks',100180,'Bookmarks','panel'),(100200,'panel_blog',NULL,'Blog','panel'),(100201,'panel_blog_new_article',100200,'New/Edit Article','panel'),(100202,'panel_blog_my_articles',100200,'My Article','panel'),(100203,'panel_blog_delete_article',100200,'Delete Article','panel'),(100204,'panel_blog_comments',100200,'Comments','panel'),(100220,'panel_noticeboard',NULL,'Noticeboard','panel'),(100221,'panel_noticeboard_history',100220,'Noticeboard History','panel'),(100222,'panel_noticeboard_create',100220,'Create/Edit Noticeboard','panel'),(100223,'panel_noticeboard_delete',100220,'Delete Noticeboard','panel'),(100224,'panel_noticeboard_course_notices',100220,'Course Notices','panel'),(100225,'panel_noticeboard_course_notices_create',100220,'Create/Edit Course Notices','panel'),(100240,'panel_rewards',NULL,'Rewards','panel'),(100241,'panel_rewards_lists',100240,'Lists','panel'),(100260,'panel_ai_contents',NULL,'AI Contents','panel'),(100261,'panel_ai_contents_lists',100260,'Lists','panel'),(100280,'panel_notifications',NULL,'Notifications','panel'),(100281,'panel_notifications_lists',100280,'Lists','panel'),(100300,'panel_others',NULL,'Others','panel'),(100301,'panel_others_profile_setting',100300,'Profile Settings','panel'),(100302,'panel_others_profile_url',100300,'Profile Url','panel'),(100303,'panel_others_logout',100300,'Logout','panel');
/*!40000 ALTER TABLE `sections` ENABLE KEYS */;
UNLOCK TABLES;

--
-- Table structure for table `selected_installment_steps`
--

DROP TABLE IF EXISTS `selected_installment_steps`;
/*!40101 SET @saved_cs_client     = @@character_set_client */;
/*!50503 SET character_set_client = utf8mb4 */;
CREATE TABLE `selected_installment_steps` (
  `id` int unsigned NOT NULL AUTO_INCREMENT,
  `selected_installment_id` int unsigned NOT NULL,
  `installment_step_id` int unsigned NOT NULL,
  `deadline` int unsigned DEFAULT NULL,
  `amount` double(15,2) DEFAULT NULL,
  `amount_type` enum('fixed_amount','percent') CHARACTER SET utf8mb4 COLLATE utf8mb4_unicode_ci DEFAULT NULL,
  PRIMARY KEY (`id`),
  KEY `selected_installment_steps_selected_installment_id_foreign` (`selected_installment_id`),
  KEY `selected_installment_steps_installment_step_id_foreign` (`installment_step_id`),
  CONSTRAINT `selected_installment_steps_installment_step_id_foreign` FOREIGN KEY (`installment_step_id`) REFERENCES `installment_steps` (`id`) ON DELETE CASCADE,
  CONSTRAINT `selected_installment_steps_selected_installment_id_foreign` FOREIGN KEY (`selected_installment_id`) REFERENCES `selected_installments` (`id`) ON DELETE CASCADE
) ENGINE=InnoDB AUTO_INCREMENT=7 DEFAULT CHARSET=utf8mb4 COLLATE=utf8mb4_unicode_ci;
/*!40101 SET character_set_client = @saved_cs_client */;

--
-- Dumping data for table `selected_installment_steps`
--

LOCK TABLES `selected_installment_steps` WRITE;
/*!40000 ALTER TABLE `selected_installment_steps` DISABLE KEYS */;
/*!40000 ALTER TABLE `selected_installment_steps` ENABLE KEYS */;
UNLOCK TABLES;

--
-- Table structure for table `selected_installments`
--

DROP TABLE IF EXISTS `selected_installments`;
/*!40101 SET @saved_cs_client     = @@character_set_client */;
/*!50503 SET character_set_client = utf8mb4 */;
CREATE TABLE `selected_installments` (
  `id` int unsigned NOT NULL AUTO_INCREMENT,
  `user_id` int unsigned NOT NULL,
  `installment_id` int unsigned NOT NULL,
  `installment_order_id` int unsigned NOT NULL,
  `start_date` bigint unsigned DEFAULT NULL,
  `end_date` bigint unsigned DEFAULT NULL,
  `upfront` double(15,2) DEFAULT NULL,
  `upfront_type` enum('fixed_amount','percent') CHARACTER SET utf8mb4 COLLATE utf8mb4_unicode_ci DEFAULT NULL,
  `created_at` bigint unsigned NOT NULL,
  PRIMARY KEY (`id`),
  KEY `selected_installments_user_id_foreign` (`user_id`),
  KEY `selected_installments_installment_id_foreign` (`installment_id`),
  KEY `selected_installments_installment_order_id_foreign` (`installment_order_id`),
  CONSTRAINT `selected_installments_installment_id_foreign` FOREIGN KEY (`installment_id`) REFERENCES `installments` (`id`) ON DELETE CASCADE,
  CONSTRAINT `selected_installments_installment_order_id_foreign` FOREIGN KEY (`installment_order_id`) REFERENCES `installment_orders` (`id`) ON DELETE CASCADE,
  CONSTRAINT `selected_installments_user_id_foreign` FOREIGN KEY (`user_id`) REFERENCES `users` (`id`) ON DELETE CASCADE
) ENGINE=InnoDB AUTO_INCREMENT=3 DEFAULT CHARSET=utf8mb4 COLLATE=utf8mb4_unicode_ci;
/*!40101 SET character_set_client = @saved_cs_client */;

--
-- Dumping data for table `selected_installments`
--

LOCK TABLES `selected_installments` WRITE;
/*!40000 ALTER TABLE `selected_installments` DISABLE KEYS */;
/*!40000 ALTER TABLE `selected_installments` ENABLE KEYS */;
UNLOCK TABLES;

--
-- Table structure for table `session_reminds`
--

DROP TABLE IF EXISTS `session_reminds`;
/*!40101 SET @saved_cs_client     = @@character_set_client */;
/*!50503 SET character_set_client = utf8mb4 */;
CREATE TABLE `session_reminds` (
  `id` int unsigned NOT NULL AUTO_INCREMENT,
  `session_id` int unsigned NOT NULL,
  `user_id` int unsigned NOT NULL,
  `created_at` int NOT NULL,
  PRIMARY KEY (`id`),
  KEY `session_reminds_session_id_foreign` (`session_id`),
  KEY `session_reminds_user_id_foreign` (`user_id`),
  CONSTRAINT `session_reminds_session_id_foreign` FOREIGN KEY (`session_id`) REFERENCES `sessions` (`id`) ON DELETE CASCADE,
  CONSTRAINT `session_reminds_user_id_foreign` FOREIGN KEY (`user_id`) REFERENCES `users` (`id`) ON DELETE CASCADE
) ENGINE=InnoDB AUTO_INCREMENT=5 DEFAULT CHARSET=utf8mb4 COLLATE=utf8mb4_unicode_ci;
/*!40101 SET character_set_client = @saved_cs_client */;

--
-- Dumping data for table `session_reminds`
--

LOCK TABLES `session_reminds` WRITE;
/*!40000 ALTER TABLE `session_reminds` DISABLE KEYS */;
/*!40000 ALTER TABLE `session_reminds` ENABLE KEYS */;
UNLOCK TABLES;

--
-- Table structure for table `session_translations`
--

DROP TABLE IF EXISTS `session_translations`;
/*!40101 SET @saved_cs_client     = @@character_set_client */;
/*!50503 SET character_set_client = utf8mb4 */;
CREATE TABLE `session_translations` (
  `id` bigint unsigned NOT NULL AUTO_INCREMENT,
  `session_id` int unsigned NOT NULL,
  `locale` varchar(255) CHARACTER SET utf8mb4 COLLATE utf8mb4_unicode_ci NOT NULL,
  `title` varchar(255) CHARACTER SET utf8mb4 COLLATE utf8mb4_unicode_ci NOT NULL,
  `description` text CHARACTER SET utf8mb4 COLLATE utf8mb4_unicode_ci,
  PRIMARY KEY (`id`),
  KEY `session_translations_session_id_foreign` (`session_id`),
  KEY `session_translations_locale_index` (`locale`),
  CONSTRAINT `session_translations_session_id_foreign` FOREIGN KEY (`session_id`) REFERENCES `sessions` (`id`) ON DELETE CASCADE
) ENGINE=InnoDB AUTO_INCREMENT=59 DEFAULT CHARSET=utf8mb4 COLLATE=utf8mb4_unicode_ci;
/*!40101 SET character_set_client = @saved_cs_client */;

--
-- Dumping data for table `session_translations`
--

LOCK TABLES `session_translations` WRITE;
/*!40000 ALTER TABLE `session_translations` DISABLE KEYS */;
INSERT INTO `session_translations` VALUES (6,59,'en','Introduction','Microsoft Excel is a spreadsheet developed by Microsoft for Windows, macOS, Android and iOS. It features calculation, graphing tools, pivot tables, and a macro programming language called Visual Basic for Applications (VBA).'),(7,60,'en','Basic Excel Functions','Microsoft Excel has the basic features of all spreadsheets,[6] using a grid of cells arranged in numbered rows and letter-named columns to organize data manipulations like arithmetic operations.'),(8,61,'en','Basic Charts','Excel supports charts, graphs, or histograms generated from specified groups of cells. It also supports Pivot Charts that allow for a chart to be linked directly to a Pivot table. This allows the chart to be refreshed with the Pivot Table.'),(15,68,'en','The Perfect Fitness Diet','My \"Health & Fitness Masterclass\" is designed for anyone who wants to boost their fitness, no matter if you\'re a beginner, athlete or simply want to live a healthier life.'),(16,69,'en','Setting Up Your Fitness Diet','My \"Health & Fitness Masterclass\" is designed for anyone who wants to boost their fitness, no matter if you\'re a beginner, athlete or simply want to live a healthier life.'),(17,70,'en','The Right Fitness Mindset','My \"Health & Fitness Masterclass\" is designed for anyone who wants to boost their fitness, no matter if you\'re a beginner, athlete or simply want to live a healthier life.'),(21,74,'en','First sesions','Online Course Creation can be simple once you have mastered the art of speaking in front of a camera. Imagine yourself delivering an entire course filled with great lectures'),(22,75,'en','Join to This Session','The skill you will learn in this class is not primarily theoretical or academic. It is a skill that requires physical habits.'),(23,76,'en','Introduction Session','The skill you will learn in this class is not primarily theoretical or academic. It is a skill that requires physical habits.');
/*!40000 ALTER TABLE `session_translations` ENABLE KEYS */;
UNLOCK TABLES;

--
-- Table structure for table `sessions`
--

DROP TABLE IF EXISTS `sessions`;
/*!40101 SET @saved_cs_client     = @@character_set_client */;
/*!50503 SET character_set_client = utf8mb4 */;
CREATE TABLE `sessions` (
  `id` int unsigned NOT NULL AUTO_INCREMENT,
  `creator_id` int unsigned NOT NULL,
  `webinar_id` int unsigned DEFAULT NULL,
  `chapter_id` int unsigned DEFAULT NULL,
  `reserve_meeting_id` int unsigned DEFAULT NULL,
  `date` int NOT NULL,
  `duration` int NOT NULL,
  `link` varchar(255) CHARACTER SET utf8mb4 COLLATE utf8mb4_unicode_ci DEFAULT NULL,
  `extra_time_to_join` int unsigned DEFAULT NULL COMMENT 'Specifies that the user can see the join button up to a few minutes after the start time of the webinar.',
  `zoom_start_link` text CHARACTER SET utf8mb4 COLLATE utf8mb4_unicode_ci,
  `zoom_id` varchar(255) CHARACTER SET utf8mb4 COLLATE utf8mb4_unicode_ci DEFAULT NULL,
  `session_api` enum('local','big_blue_button','zoom','agora','jitsi','google_meet') CHARACTER SET utf8mb4 COLLATE utf8mb4_unicode_ci NOT NULL DEFAULT 'local',
  `api_secret` varchar(255) CHARACTER SET utf8mb4 COLLATE utf8mb4_unicode_ci DEFAULT NULL,
  `moderator_secret` varchar(255) CHARACTER SET utf8mb4 COLLATE utf8mb4_unicode_ci DEFAULT NULL,
  `agora_settings` text CHARACTER SET utf8mb4 COLLATE utf8mb4_unicode_ci,
  `check_previous_parts` tinyint(1) NOT NULL DEFAULT '0',
  `access_after_day` int unsigned DEFAULT NULL,
  `order` int unsigned DEFAULT NULL,
  `status` enum('active','inactive') CHARACTER SET utf8mb4 COLLATE utf8mb4_unicode_ci NOT NULL DEFAULT 'active',
  `created_at` int NOT NULL,
  `updated_at` int DEFAULT NULL,
  `deleted_at` int DEFAULT NULL,
  PRIMARY KEY (`id`) USING BTREE,
  KEY `sessions_webinar_id_foreign` (`webinar_id`) USING BTREE,
  KEY `sessions_creator_id_foreign` (`creator_id`) USING BTREE,
  KEY `sessions_chapter_id_foreign` (`chapter_id`),
  KEY `sessions_reserve_meeting_id_foreign` (`reserve_meeting_id`),
  CONSTRAINT `sessions_chapter_id_foreign` FOREIGN KEY (`chapter_id`) REFERENCES `webinar_chapters` (`id`) ON DELETE CASCADE,
  CONSTRAINT `sessions_creator_id_foreign` FOREIGN KEY (`creator_id`) REFERENCES `users` (`id`) ON DELETE CASCADE,
  CONSTRAINT `sessions_reserve_meeting_id_foreign` FOREIGN KEY (`reserve_meeting_id`) REFERENCES `reserve_meetings` (`id`) ON DELETE CASCADE,
  CONSTRAINT `sessions_webinar_id_foreign` FOREIGN KEY (`webinar_id`) REFERENCES `webinars` (`id`) ON DELETE CASCADE
) ENGINE=InnoDB AUTO_INCREMENT=104 DEFAULT CHARSET=utf8mb4 COLLATE=utf8mb4_unicode_ci ROW_FORMAT=DYNAMIC;
/*!40101 SET character_set_client = @saved_cs_client */;

--
-- Dumping data for table `sessions`
--

LOCK TABLES `sessions` WRITE;
/*!40000 ALTER TABLE `sessions` DISABLE KEYS */;
INSERT INTO `sessions` VALUES (59,1015,1998,21,NULL,1679331600,30,'https://us05web.zoom.us/j/83490579533?pwd=MXdMN3hYZ0t3OWZSRVhOY0V2YU52dz09',NULL,'https://us05web.zoom.us/s/83490579533?zak=eyJ0eXAiOiJKV1QiLCJzdiI6IjAwMDAwMSIsInptX3NrbSI6InptX28ybSIsImFsZyI6IkhTMjU2In0.eyJhdWQiOiJjbGllbnRzbSIsInVpZCI6Il84Z2M3Q2Y5Ul9lYmF2WUQyTjNYekEiLCJpc3MiOiJ3ZWIiLCJzdHkiOjEsIndjZCI6InVzMDUiLCJjbHQiOjAsInN0ayI6IjVvOENnMEtUZ2xZcVIwVllleXJyX3VCSnpXaGFIMGFGVEU3U2xWTU9uY1kuQUcuU05QbnRONE9DMmQyX1BWZWd2Z19YMzREdmE0M3paOTJqUkg0SzBWUlJKR3g2RWd3dThDb0NfNGlkbm00UG9CTVNBcEk4VDhXelNld1k2cEkubW9Ga21hV0Q2YTA0enBlMEtNcWpoZy5vR1p5Qkl3QWdiejdLX2xrIiwiZXhwIjoxNjI0OTczNTI0LCJpYXQiOjE2MjQ5NjYzMjQsImFpZCI6Ikh4M2NFTjQ0UlZtbExHZ1hkT3dleVEiLCJjaWQiOiIifQ.f1qRvBvbkkJRcP4lAVbuEmLWM2kM6RFOiql2zwBvAy8',NULL,'zoom','','',NULL,0,NULL,NULL,'active',1624966322,1635417562,NULL),(60,1015,1998,21,NULL,1679756400,30,'https://us05web.zoom.us/j/85729329911?pwd=dDBYeEJnalYzNmVhaEZaVXIvbVpvdz09',NULL,'https://us05web.zoom.us/s/85729329911?zak=eyJ0eXAiOiJKV1QiLCJzdiI6IjAwMDAwMSIsInptX3NrbSI6InptX28ybSIsImFsZyI6IkhTMjU2In0.eyJhdWQiOiJjbGllbnRzbSIsInVpZCI6Il84Z2M3Q2Y5Ul9lYmF2WUQyTjNYekEiLCJpc3MiOiJ3ZWIiLCJzdHkiOjEsIndjZCI6InVzMDUiLCJjbHQiOjAsInN0ayI6Ik91cHVsNkE0VGNMZXBfYUhBcVY3MTl6dHVtYUN3MkRka2tabDBNN3gwTlkuQUcuZmhFV2FOZkdKamMwck9fa25LYVNFNmRXMmxZRXdLdmVnOW9SQVJWVVdhVVhFZjdONkprWGlvNGZZWExkRkNBOXJfZG1hT2F5Q2lPalNybkIuUU8yVFNkMzRHUUZPalhDOUx0aVAyZy5OM096dWNPaWNRakQ5N1o0IiwiZXhwIjoxNjI0OTczNjMwLCJpYXQiOjE2MjQ5NjY0MzAsImFpZCI6Ikh4M2NFTjQ0UlZtbExHZ1hkT3dleVEiLCJjaWQiOiIifQ.vMAyA5w2-w5cbz5_KRQWur8vMIIa78a8UMuHwLRNQEE',NULL,'zoom','','',NULL,0,NULL,NULL,'active',1624966428,1635417571,NULL),(61,1015,1998,21,NULL,1680017400,30,'https://us05web.zoom.us/j/82086275539?pwd=VC85S01VSDNPRHdqWUlsOGNVbk5lQT09',NULL,'https://us05web.zoom.us/s/82086275539?zak=eyJ0eXAiOiJKV1QiLCJzdiI6IjAwMDAwMSIsInptX3NrbSI6InptX28ybSIsImFsZyI6IkhTMjU2In0.eyJhdWQiOiJjbGllbnRzbSIsInVpZCI6Il84Z2M3Q2Y5Ul9lYmF2WUQyTjNYekEiLCJpc3MiOiJ3ZWIiLCJzdHkiOjEsIndjZCI6InVzMDUiLCJjbHQiOjAsInN0ayI6Ik9fUzctZVRVSnB1QU5sdVRsa3Y4TnBpcXFvUkJiWVVQWDhKaFNxLWwzZEkuQUcuZ1VFUDdfSXVxczdVTjRLRnNNcFphRnJ3NXVLVFpfdE1aX25BaE9LN2JjenE5ZWpnVmFEMWV2bGMxY2pMc3pjeGZlQWVTZExBdjMwY2VfRE4uSmZNaHZnZVhybEY2ZUFWRWt2ZmRrUS5maGl1UTc5TU1FTmZEdE9OIiwiZXhwIjoxNjI0OTczODYxLCJpYXQiOjE2MjQ5NjY2NjEsImFpZCI6Ikh4M2NFTjQ0UlZtbExHZ1hkT3dleVEiLCJjaWQiOiIifQ.u0Pj01ZqbkYID18H5asvqoOLWsCA6MJFHL8-AhNQcxw',NULL,'zoom','','',NULL,0,NULL,NULL,'active',1624966659,1635417581,NULL),(68,863,2002,15,NULL,1625200200,20,'https://meet.google.com/',NULL,NULL,NULL,'local','46546','',NULL,0,NULL,NULL,'active',1625122908,1635417036,NULL),(69,863,2002,15,NULL,1625211600,20,'https://meet.google.com/',NULL,NULL,NULL,'local','12345','',NULL,0,NULL,NULL,'active',1625122957,1635417042,NULL),(70,863,2002,15,NULL,1625220000,20,'https://meet.google.com/',NULL,NULL,NULL,'local','A547397','',NULL,0,NULL,NULL,'active',1625123036,1635417051,NULL),(74,1015,2009,30,NULL,1646177400,3,NULL,NULL,NULL,NULL,'agora',NULL,NULL,'{\"chat\":true,\"record\":false}',0,NULL,2,'active',1646172799,NULL,NULL),(75,1015,2009,30,NULL,1646233200,9999999,NULL,NULL,NULL,NULL,'agora','12345',NULL,'{\"chat\":true,\"record\":false}',0,NULL,3,'active',1646172930,NULL,NULL),(76,1015,2009,30,NULL,1646141400,3,NULL,NULL,NULL,NULL,'agora',NULL,NULL,'{\"chat\":true,\"record\":false}',0,NULL,1,'active',1646391211,NULL,NULL);
/*!40000 ALTER TABLE `sessions` ENABLE KEYS */;
UNLOCK TABLES;

--
-- Table structure for table `setting_translations`
--

DROP TABLE IF EXISTS `setting_translations`;
/*!40101 SET @saved_cs_client     = @@character_set_client */;
/*!50503 SET character_set_client = utf8mb4 */;
CREATE TABLE `setting_translations` (
  `id` bigint unsigned NOT NULL AUTO_INCREMENT,
  `setting_id` int unsigned NOT NULL,
  `locale` varchar(255) CHARACTER SET utf8mb4 COLLATE utf8mb4_unicode_ci NOT NULL,
  `value` longtext CHARACTER SET utf8mb4 COLLATE utf8mb4_unicode_ci NOT NULL,
  PRIMARY KEY (`id`),
  KEY `setting_translations_setting_id_foreign` (`setting_id`),
  KEY `setting_translations_locale_index` (`locale`),
  CONSTRAINT `setting_translations_setting_id_foreign` FOREIGN KEY (`setting_id`) REFERENCES `settings` (`id`) ON DELETE CASCADE
) ENGINE=InnoDB AUTO_INCREMENT=84 DEFAULT CHARSET=utf8mb4 COLLATE=utf8mb4_unicode_ci;
/*!40101 SET character_set_client = @saved_cs_client */;

--
-- Dumping data for table `setting_translations`
--

LOCK TABLES `setting_translations` WRITE;
/*!40000 ALTER TABLE `setting_translations` DISABLE KEYS */;
INSERT INTO `setting_translations` VALUES (1,1,'en','{\"home\":{\"title\":\"Home\",\"description\":\"Home Page Description\",\"robot\":\"index\"},\"search\":{\"title\":\"Search\",\"description\":\"Search Page Description\",\"robot\":\"index\"},\"categories\":{\"title\":\"Category\",\"description\":\"Categories Page Description\",\"robot\":\"index\"},\"login\":{\"title\":\"Login\",\"description\":\"Login Page Description\",\"robot\":\"index\"},\"register\":{\"title\":\"Register\",\"description\":\"Register Page Description\",\"robot\":\"index\"},\"about\":{\"title\":\"about page title\",\"description\":\"about page Description\"},\"contact\":{\"title\":\"Contact\",\"description\":\"Contact Page Description\",\"robot\":\"index\"},\"certificate_validation\":{\"title\":\"Certificate validation\",\"description\":\"Certificate Validation Description\",\"robot\":\"index\"},\"classes\":{\"title\":\"Courses\",\"description\":\"Courses page Description\",\"robot\":\"index\"},\"blog\":{\"title\":\"Blog\",\"description\":\"Blog Page Description\",\"robot\":\"index\"},\"instructors\":{\"title\":\"Instructors\",\"description\":\"Instructors Page Description\",\"robot\":\"index\"},\"organizations\":{\"title\":\"Organizations\",\"description\":\"Organizations Page Description\",\"robot\":\"index\"},\"instructor_finder_wizard\":{\"title\":\"Instructor finder wizard\",\"description\":\"Tutor Finder Wizard Description\",\"robot\":\"noindex\"},\"instructor_finder\":{\"title\":\"Instructor finder\",\"description\":\"Tutor Finder Description\",\"robot\":\"index\"},\"reward_courses\":{\"title\":\"Reward courses\",\"description\":\"Reward Courses Description\",\"robot\":\"index\"},\"products_lists\":{\"title\":\"Store Products\",\"description\":\"Store Products Description\",\"robot\":\"noindex\"},\"reward_products\":{\"title\":\"Reward Products\",\"description\":\"Reward Products Description\",\"robot\":\"noindex\"},\"forum\":{\"title\":\"Forums\",\"description\":\"Forums Description\",\"robot\":\"noindex\"},\"upcoming_courses_lists\":{\"title\":\"Upcoming Course\",\"description\":\"Upcoming Courses Description\",\"robot\":\"noindex\"},\"tags\":{\"title\":\"Tags\",\"description\":\"Tags Page Description\",\"robot\":\"noindex\"}}'),(2,2,'en','{\"Instagram\":{\"title\":\"Instagram\",\"image\":\"\\/store\\/1\\/default_images\\/social\\/instagram.svg\",\"link\":\"https:\\/\\/www.instagram.com\\/\",\"order\":\"1\"},\"Whatsapp\":{\"title\":\"Whatsapp\",\"image\":\"\\/store\\/1\\/default_images\\/social\\/whatsapp.svg\",\"link\":\"https:\\/\\/web.whatsapp.com\\/\",\"order\":\"2\"},\"Twitter\":{\"title\":\"Twitter\",\"image\":\"\\/store\\/1\\/default_images\\/social\\/twitter.svg\",\"link\":\"https:\\/\\/twitter.com\\/\",\"order\":\"3\"},\"Facebook\":{\"title\":\"Facebook\",\"image\":\"\\/store\\/1\\/default_images\\/social\\/facebook.svg\",\"link\":\"https:\\/\\/www.facebook.com\\/\",\"order\":\"4\"}}'),(4,5,'en','{\"site_name\":\"NJI Digital Academy\",\"site_email\":\"hello@sapphital.com\",\"site_phone\":\"+234 806 700000\",\"site_language\":\"EN\",\"register_method\":\"email\",\"default_time_zone\":\"Africa\\/Lagos\",\"date_format\":\"numerical\",\"time_format\":\"12_hours\",\"user_languages\":[\"EN\"],\"fav_icon\":\"\\/store\\/1\\/NJI Files\\/image_2024-12-15_110045975.png\",\"logo\":\"\\/store\\/1\\/NJI Files\\/NJI Logo New.png\",\"footer_logo\":\"\\/store\\/1\\/NJI Files\\/NJI_Logo_Aspect_Ratio.png\",\"rtl_layout\":\"0\",\"preloading\":\"1\",\"hero_section1\":\"0\",\"hero_section2\":\"1\",\"content_translate\":\"0\",\"app_debugbar\":\"0\"}'),(5,6,'en','{\"tax\":\"10\",\"minimum_payout\":\"50\",\"price_display\":\"only_price\",\"hide_disabled_payment_gateways\":\"1\"}'),(6,8,'en','{\"title\":\"Empowering Justice, Enhancing Knowledge\",\"description\":\"The NJI Digital Academy is a modern online and mobile learning platform for judicial officers and their supporting staff across Nigeria, offering flexible, efficient, and engaging learning from any location, at anytime, on any device.\",\"hero_background\":\"\\/store\\/1\\/default_images\\/hero_1.jpg\",\"is_video_background\":\"0\"}'),(7,12,'en','{\"css\":\".forum-question-section__img {\\r\\n    display: none !important;\\r\\n}\\r\\n\\r\\ndiv.col-md-7 > .px-10.px-md-25.py-25.p-md-50 {\\r\\n    flex: 0 0 100% !important;\\r\\n    max-width: 100% !important;\\r\\n}\\r\\n\\r\\n\\r\\nh1.text-white {\\r\\n    visibility: hidden; \\/* Hide the original text *\\/\\r\\n    position: relative; \\/* Create a positioning context for the pseudo-element *\\/\\r\\n}\\r\\n\\r\\nh1.text-white::before {\\r\\n    content: \\\"Help Articles\\\"; \\/* Replace the text *\\/\\r\\n    visibility: visible;      \\/* Make the pseudo-element text visible *\\/\\r\\n    position: absolute;       \\/* Position the text absolutely *\\/\\r\\n    top: 50%;                 \\/* Vertically center the text *\\/\\r\\n    left: 50%;                \\/* Horizontally center the text *\\/\\r\\n    transform: translate(-50%, -50%); \\/* Correct the centering offset *\\/\\r\\n    font-size: inherit;       \\/* Match the original font size *\\/\\r\\n    color: inherit;           \\/* Match the original text color *\\/\\r\\n    text-align: center;       \\/* Ensure proper alignment if multi-line *\\/\\r\\n}\",\"js\":\"document.querySelector(\'form[action=\\\"\\/blog\\\"] input[name=\\\"search\\\"]\').placeholder = \\\"Search for Help articles...\\\";\"}'),(8,14,'en','{\"admin_login\":\"\\/store\\/1\\/Images\\/happy-black-woman-or-portrait-lawyer-with-confide-2023-11-27-05-31-58-utc (1).jpg\",\"admin_dashboard\":\"\\/store\\/1\\/Images\\/judge-gavel-on-the-table-with-blurry-books-in-the-2023-11-27-05-14-56-utc.jpg\",\"login\":\"\\/store\\/1\\/Images\\/a-young-women-african-american-lawyer-lawsuit-stud-2023-11-27-04-54-39-utc.jpg\",\"register\":\"\\/store\\/1\\/Images\\/young-successful-chief-executive-officer-2024-07-16-15-46-41-utc.jpg\",\"remember_pass\":\"\\/store\\/1075\\/court-hammer-books-judgment-law-concept.jpg\",\"verification\":\"\\/store\\/1\\/Images\\/a-young-women-african-american-lawyer-lawsuit-stud-2023-11-27-04-54-39-utc.jpg\",\"search\":\"\\/store\\/1\\/Images\\/books-themis-statuette-academic-cap-and-gavel-on-2024-11-18-00-24-14-utc.jpg\",\"tags\":\"\\/store\\/1\\/default_images\\/search_cover.png\",\"categories\":\"\\/store\\/1\\/Images\\/law-and-authority-lawyer-concept-judgment-gavel-h-2023-11-27-05-01-20-utc.jpg\",\"become_instructor\":\"\\/store\\/1\\/default_images\\/become_instructor.jpg\",\"certificate_validation\":\"\\/store\\/1\\/default_images\\/certificate_validation.jpg\",\"blog\":\"\\/store\\/1075\\/checking-business-data_1098-16532.jpg\",\"instructors\":\"\\/store\\/1075\\/Untitled design (26).png\",\"organizations\":\"\\/store\\/1\\/default_images\\/organizations_cover.png\",\"dashboard\":\"\\/store\\/1\\/dashboard.png\",\"user_cover\":\"\\/store\\/1\\/Images\\/law-and-authority-lawyer-concept-judgment-gavel-h-2023-11-27-05-01-20-utc.jpg\",\"instructor_finder_wizard\":\"\\/store\\/1\\/default_images\\/instructor_finder_wizard.jpg\",\"products_lists\":\"\\/store\\/1\\/Images\\/law-and-authority-lawyer-concept-judgment-gavel-h-2023-11-27-05-01-20-utc.jpg\",\"upcoming_courses_lists\":\"\\/store\\/1\\/Images\\/lawyer-portrait-and-happy-black-woman-with-glasse-2023-11-27-05-34-55-utc.jpg\",\"user_default_signature\":\"\\/store\\/1\\/default_images\\/default_signature.jpg\"}'),(9,15,'en','{\"title\":\"Advancing Justice Through Knowledge\",\"description\":\"The NJI Digital Academy is a modern online and mobile learning platform for judicial officers and their supporting staff across Nigeria, offering flexible, efficient, and engaging learning from any location, at anytime, on any device.\",\"hero_background\":\"\\/\",\"hero_vector\":\"\\/store\\/1075\\/Untitled design (8) (2).png\",\"has_lottie\":\"0\"}'),(10,20,'en','[\"Inappropriate Course Content\",\"Inappropriate Behavior\",\"Policy Violation\",\"Spammy Content\",\"Other\"]'),(11,22,'en','{\"new_comment_admin\":\"7\",\"support_message_admin\":\"10\",\"support_message_replied_admin\":\"11\",\"promotion_plan_admin\":\"29\",\"new_contact_message\":\"26\",\"new_badge\":\"2\",\"change_user_group\":\"3\",\"course_created\":\"4\",\"course_approve\":\"5\",\"course_reject\":\"6\",\"new_comment\":\"7\",\"support_message\":\"8\",\"support_message_replied\":\"9\",\"new_rating\":\"17\",\"webinar_reminder\":\"27\",\"new_financial_document\":\"12\",\"payout_request\":\"13\",\"payout_proceed\":\"14\",\"offline_payment_request\":\"18\",\"offline_payment_approved\":\"19\",\"offline_payment_rejected\":\"20\",\"new_sales\":\"15\",\"new_purchase\":\"16\",\"new_subscribe_plan\":\"21\",\"promotion_plan\":\"28\",\"new_appointment\":\"22\",\"new_appointment_link\":\"23\",\"appointment_reminder\":\"24\",\"meeting_finished\":\"25\",\"new_certificate\":\"30\",\"waiting_quiz\":\"31\",\"waiting_quiz_result\":\"32\",\"payout_request_admin\":\"13\",\"product_new_sale\":\"33\",\"product_new_purchase\":\"34\",\"product_new_comment\":\"35\",\"product_tracking_code\":\"36\",\"product_new_rating\":\"37\",\"product_receive_shipment\":\"38\",\"product_out_of_stock\":\"39\",\"student_send_message\":\"40\",\"instructor_send_message\":\"41\",\"instructor_set_grade\":\"42\",\"send_post_in_topic\":\"44\",\"publish_instructor_blog_post\":\"45\",\"new_comment_for_instructor_blog_post\":\"46\",\"meeting_reserve_reminder\":\"47\",\"subscribe_reminder\":\"48\",\"reminder_gift_to_receipt\":\"52\",\"gift_sender_confirmation\":\"53\",\"gift_sender_notification\":\"54\",\"admin_gift_submission\":\"55\",\"admin_gift_sending_confirmation\":\"56\",\"reminder_installments_before_overdue\":\"57\",\"installment_due_reminder\":\"58\",\"reminder_installments_after_overdue\":\"59\",\"approve_installment_verification_request\":\"60\",\"reject_installment_verification_request\":\"61\",\"paid_installment_step\":\"62\",\"paid_installment_step_for_admin\":\"63\",\"paid_installment_upfront\":\"64\",\"installment_verification_request_sent\":\"65\",\"admin_installment_verification_request_sent\":\"66\",\"instalment_request_submitted\":\"67\",\"instalment_request_submitted_for_admin\":\"68\",\"upcoming_course_submission\":\"69\",\"upcoming_course_submission_for_admin\":\"70\",\"upcoming_course_approved\":\"71\",\"upcoming_course_rejected\":\"72\",\"upcoming_course_published\":\"73\",\"upcoming_course_followed\":\"74\",\"upcoming_course_published_for_followers\":\"75\",\"user_get_cashback\":\"76\",\"user_get_cashback_notification_for_admin\":\"77\",\"bundle_submission\":\"78\",\"bundle_submission_for_admin\":\"79\",\"bundle_approved\":\"80\",\"bundle_rejected\":\"81\",\"new_review_for_bundle\":\"82\",\"registration_bonus_achieved\":\"83\",\"registration_bonus_unlocked\":\"84\",\"registration_bonus_unlocked_for_admin\":\"85\",\"registration_package_activated\":\"86\",\"registration_package_activated_for_admin\":\"87\",\"registration_package_expired\":\"87\",\"contact_message_submission\":\"88\",\"contact_message_submission_for_admin\":\"89\",\"waitlist_submission\":\"90\",\"waitlist_submission_for_admin\":\"91\",\"new_referral_user\":\"92\",\"user_role_change\":\"97\",\"add_to_user_group\":\"98\",\"become_instructor_request_approved\":\"99\",\"become_instructor_request_rejected\":\"100\",\"new_question_in_forum\":\"101\",\"new_answer_in_forum\":\"102\",\"new_appointment_session\":\"103\",\"new_quiz\":\"93\",\"user_get_new_point\":\"94\",\"new_course_notice\":\"96\",\"new_registration\":\"104\",\"new_become_instructor_request\":\"105\",\"new_course_enrollment\":\"106\",\"new_forum_topic\":\"107\",\"new_report_item_for_admin\":\"108\",\"new_item_created\":\"109\",\"new_store_order\":\"110\",\"subscription_plan_activated\":\"111\",\"content_review_request\":\"112\",\"new_user_blog_post\":\"113\",\"new_user_item_rating\":\"114\",\"new_organization_user\":\"115\",\"user_wallet_charge\":\"116\",\"new_user_payout_request\":\"117\",\"new_offline_payment_request\":\"118\",\"user_access_to_content\":\"119\",\"submit_form_by_users\":\"120\"}'),(12,23,'en','{\"540\":{\"title\":\"Qatar National Bank\",\"image\":\"\\/store\\/1\\/default_images\\/offline_payments\\/Qatar National Bank.png\",\"card_id\":\"2578-4910-3682-6288\",\"account_id\":\"38152294372\",\"iban\":\"QA66QUWW934528129454345775226\"},\"334\":{\"title\":\"State Bank of India\",\"image\":\"\\/store\\/1\\/default_images\\/offline_payments\\/State Bank of India.png\",\"card_id\":\"6282-4518-1237-7641\",\"account_id\":\"56238341127\",\"iban\":\"IN37ABNA2422193788\"},\"jhgDW\":{\"title\":\"JPMorgan\",\"image\":\"\\/store\\/1\\/default_images\\/offline_payments\\/jpmorgan.png\",\"card_id\":\"5012-4518-1772-8911\",\"account_id\":\"46237751125\",\"iban\":\"NL37ABNA2423554788\"}}'),(13,24,'en','{\"background\":\"\\/store\\/1\\/default_images\\/category_cover.png\",\"latitude\":\"43.45905\",\"longitude\":\"11.87300\",\"map_zoom\":\"16\",\"phones\":\"+234 81 327 99379\",\"emails\":\"info@njiacademy.com\",\"address\":\"NEXIM House Plot 975, Cadastral Zone AO, Central Business District, Abuja, Nigeria.\"}'),(14,25,'en','{\"latest_classes\":\"1\",\"best_sellers\":\"1\",\"free_classes\":\"1\",\"discount_classes\":\"1\",\"best_rates\":\"1\",\"trend_categories\":\"1\",\"testimonials\":\"1\",\"subscribes\":\"1\",\"blog\":\"1\",\"organizations\":\"1\",\"instructors\":\"1\",\"video_or_image_section\":\"1\",\"find_instructors\":\"1\",\"reward_program\":\"1\"}'),(15,26,'en','{\"02nh9a\":{\"title\":\"Home\",\"link\":\"\\/\",\"order\":\"1\"},\"1cH2kF\":{\"title\":\"Courses\",\"link\":\"\\/classes?sort=newest\",\"order\":\"2\"},\"gGf8Lv\":{\"title\":\"Instructors\",\"link\":\"\\/instructor-finder\",\"order\":\"3\"},\"Wnq5Qb\":{\"title\":\"Forums\",\"link\":\"\\/forums\",\"order\":\"5\"}}'),(16,27,'en','{\"link\":\"\\/classes\",\"title\":\"Start learning anywhere, anytime...\",\"description\":\"The NJI Digital Academy will redefine how judicial training is conducted in Nigeria, fostering professional growth, improving judicial processes, and enhancing the delivery of justice.\",\"background\":\"\\/store\\/1\\/Images\\/happy-black-woman-or-portrait-lawyer-with-confide-2023-11-27-05-31-58-utc (1).jpg\"}'),(17,28,'en','{\"error_image\":\"\\/store\\/1\\/default_images\\/404.svg\",\"error_title\":\"Page not found!\",\"error_description\":\"Sorry, this page is not available...\"}'),(18,29,'en','{\"link\":\"\\/classes?sort=newest\",\"background\":\"\\/store\\/1\\/sidebar-user.png\"}'),(19,30,'en','{\"status\":\"0\",\"users_affiliate_status\":\"0\",\"affiliate_user_commission\":\"5\",\"store_affiliate_user_commission\":\"5\",\"affiliate_user_amount\":\"20\",\"referred_user_amount\":\"10\",\"referral_description\":\"You can share your affiliate URL you will get the above rewards when a user uses the platform.\"}'),(20,4,'en','{\"first_column\":{\"title\":\"About US\",\"value\":\"<p><font color=\\\"#000000\\\" style=\\\"\\\">NJI Academy is a fully-featured learning management system that helps you to run your education business in several hours. This platform helps instructors to create professional education materials and helps students to learn from the best instructors.<\\/font><\\/p>\"},\"second_column\":{\"title\":\"Additional Links\",\"value\":\"<p><a href=\\\"\\/login\\\"><font color=\\\"#000000\\\">- Login<\\/font><\\/a><\\/p><p><font color=\\\"#000000\\\"><a href=\\\"\\/register\\\">- Register<\\/a><br><\\/font><\\/p><p><a href=\\\"\\/blog\\\"><font color=\\\"#000000\\\">- Blog<\\/font><\\/a><\\/p><p><a href=\\\"\\/contact\\\"><font color=\\\"#000000\\\">- Contact us<\\/font><\\/a><\\/p><p><font color=\\\"#000000\\\"><a href=\\\"\\/certificate_validation\\\">- Certificate validation<\\/a><br><\\/font><\\/p><p><font color=\\\"#000000\\\"><a href=\\\"\\/become-instructor\\\">- Become instructor<\\/a><br><\\/font><\\/p><p><a href=\\\"\\/pages\\/terms\\\"><font color=\\\"#000000\\\">- Terms &amp; rules<\\/font><\\/a><\\/p><p><a href=\\\"\\/pages\\/about\\\"><font color=\\\"#000000\\\">- About us<\\/font><\\/a><br><\\/p>\"},\"third_column\":{\"title\":\"Similar Businesses\",\"value\":\"<p><a href=\\\"https:\\/\\/www.udemy.com\\/\\\" target=\\\"_blank\\\"><font style=\\\"\\\" color=\\\"#000000\\\">- Udemy<\\/font><\\/a><\\/p><p><a href=\\\"https:\\/\\/www.skillshare.com\\/\\\" target=\\\"_blank\\\"><font style=\\\"\\\" color=\\\"#000000\\\">- Skillshare<\\/font><\\/a><\\/p><p><a href=\\\"https:\\/\\/www.coursera.org\\/\\\" target=\\\"_blank\\\"><font style=\\\"\\\" color=\\\"#000000\\\">- Coursera<\\/font><\\/a><\\/p><p><a href=\\\"https:\\/\\/www.linkedin.com\\/learning\\/\\\" target=\\\"_blank\\\"><font style=\\\"\\\" color=\\\"#000000\\\">- Lynda<\\/font><\\/a><\\/p><p><a href=\\\"https:\\/\\/www.skillsoft.com\\/\\\" target=\\\"_blank\\\"><font style=\\\"\\\" color=\\\"#000000\\\">- Skillsoft<\\/font><\\/a><\\/p><p><a href=\\\"https:\\/\\/www.udacity.com\\/\\\" target=\\\"_blank\\\"><font style=\\\"\\\" color=\\\"#000000\\\">- Udacity<\\/font><\\/a><\\/p><p><a href=\\\"https:\\/\\/www.edx.org\\/\\\" target=\\\"_blank\\\"><font style=\\\"\\\" color=\\\"#000000\\\">- edX<\\/font><\\/a><\\/p><p><a href=\\\"https:\\/\\/www.masterclass.com\\/\\\" target=\\\"_blank\\\"><font style=\\\"\\\" color=\\\"#000000\\\">- Masterclass<\\/font><\\/a><br><\\/p>\"},\"forth_column\":{\"title\":null,\"value\":\"<p><br><\\/p>\"}}'),(31,4,'ar','{\"first_column\":{\"title\":\"\\u0645\\u0639\\u0644\\u0648\\u0645\\u0627\\u062a \\u0639\\u0646\\u0627\",\"value\":\"<p><font color=\\\"#ffffff\\\">Rocket LMS \\u0647\\u0648 \\u0646\\u0638\\u0627\\u0645 \\u0625\\u062f\\u0627\\u0631\\u0629 \\u062a\\u0639\\u0644\\u0645 \\u0643\\u0627\\u0645\\u0644 \\u0627\\u0644\\u0645\\u064a\\u0632\\u0627\\u062a \\u064a\\u0633\\u0627\\u0639\\u062f\\u0643 \\u0639\\u0644\\u0649 \\u0625\\u062f\\u0627\\u0631\\u0629 \\u0623\\u0639\\u0645\\u0627\\u0644\\u0643 \\u0627\\u0644\\u062a\\u0639\\u0644\\u064a\\u0645\\u064a\\u0629 \\u0641\\u064a \\u0639\\u062f\\u0629 \\u0633\\u0627\\u0639\\u0627\\u062a. \\u062a\\u0633\\u0627\\u0639\\u062f \\u0647\\u0630\\u0647 \\u0627\\u0644\\u0645\\u0646\\u0635\\u0629 \\u0627\\u0644\\u0645\\u0639\\u0644\\u0645\\u064a\\u0646 \\u0639\\u0644\\u0649 \\u0625\\u0646\\u0634\\u0627\\u0621 \\u0645\\u0648\\u0627\\u062f \\u062a\\u0639\\u0644\\u064a\\u0645\\u064a\\u0629 \\u0627\\u062d\\u062a\\u0631\\u0627\\u0641\\u064a\\u0629 \\u0648\\u062a\\u0633\\u0627\\u0639\\u062f \\u0627\\u0644\\u0637\\u0644\\u0627\\u0628 \\u0639\\u0644\\u0649 \\u0627\\u0644\\u062a\\u0639\\u0644\\u0645 \\u0645\\u0646 \\u0623\\u0641\\u0636\\u0644 \\u0627\\u0644\\u0645\\u062f\\u0631\\u0628\\u064a\\u0646.<\\/font><\\/p>\"},\"second_column\":{\"title\":\"\\u0631\\u0648\\u0627\\u0628\\u0637 \\u0625\\u0636\\u0627\\u0641\\u064a\\u0629\",\"value\":\"<p><a href=\\\"\\/login\\\"><span style=\\\"color: #ffffff;\\\">- \\u062a\\u0633\\u062c\\u064a\\u0644 \\u0627\\u0644\\u062f\\u062e\\u0648\\u0644<\\/span><\\/a><\\/p>\\r\\n<p><span style=\\\"color: #ffffff;\\\"><a href=\\\"\\/register\\\"><span style=\\\"color: #ffffff;\\\">- \\u062a\\u0633\\u062c\\u064a\\u0644<\\/span><\\/a><br><\\/span><\\/p>\\r\\n<p><a href=\\\"\\/blog\\\"><span style=\\\"color: #ffffff;\\\">- \\u0645\\u0642\\u0627\\u0644\\u0627\\u062a<\\/span><\\/a><\\/p>\\r\\n<p><a href=\\\"\\/contact\\\"><span style=\\\"color: #ffffff;\\\">- \\u0627\\u062a\\u0635\\u0644 \\u0628\\u0646\\u0627<\\/span><\\/a><\\/p>\\r\\n<p><span style=\\\"color: #ffffff;\\\"><a href=\\\"\\/certificate_validation\\\"><span style=\\\"color: #ffffff;\\\">- \\u0627\\u0644\\u062a\\u062d\\u0642\\u0642 \\u0645\\u0646 \\u0635\\u062d\\u0629 \\u0627\\u0644\\u0634\\u0647\\u0627\\u062f\\u0629<\\/span><\\/a><br><\\/span><\\/p>\\r\\n<p><span style=\\\"color: #ffffff;\\\"><a href=\\\"\\/become-instructor\\\"><span style=\\\"color: #ffffff;\\\">- \\u0623\\u0635\\u0628\\u062d \\u0645\\u062f\\u0631\\u0628\\u0627<\\/span><\\/a><br><\\/span><\\/p>\\r\\n<p><a href=\\\"\\/pages\\/terms\\\"><span style=\\\"color: #ffffff;\\\">- \\u0627\\u0644\\u0634\\u0631\\u0648\\u0637 \\u0648\\u0627\\u0644\\u0642\\u0648\\u0627\\u0639\\u062f<\\/span><\\/a><\\/p>\\r\\n<p><a href=\\\"\\/pages\\/about\\\"><span style=\\\"color: #ffffff;\\\">- \\u0645\\u0639\\u0644\\u0648\\u0645\\u0627\\u062a \\u0639\\u0646\\u0627<\\/span><\\/a><\\/p>\"},\"third_column\":{\"title\":\"\\u0623\\u0639\\u0645\\u0627\\u0644 \\u0645\\u0645\\u0627\\u062b\\u0644\\u0629\",\"value\":\"<p><a href=\\\"https:\\/\\/www.udemy.com\\/\\\" target=\\\"_blank\\\"><font color=\\\"#ffffff\\\">- \\u064a\\u0648\\u062f\\u0645\\u064a<\\/font><\\/a><\\/p><p><a href=\\\"https:\\/\\/www.skillshare.com\\/\\\" target=\\\"_blank\\\"><font color=\\\"#ffffff\\\">- \\u0627\\u0633\\u06a9\\u06cc\\u0644 \\u0634\\u06cc\\u0631<\\/font><\\/a><\\/p><p><a href=\\\"https:\\/\\/www.coursera.org\\/\\\" target=\\\"_blank\\\"><font color=\\\"#ffffff\\\">- \\u0643\\u0631\\u0633 \\u0627\\u064a\\u0631\\u0627<\\/font><\\/a><\\/p><p><a href=\\\"https:\\/\\/www.linkedin.com\\/learning\\/\\\" target=\\\"_blank\\\"><font color=\\\"#ffffff\\\">- \\u0644\\u06cc\\u0646\\u062f\\u0627<\\/font><\\/a><\\/p><p><a href=\\\"https:\\/\\/www.skillsoft.com\\/\\\" target=\\\"_blank\\\"><font color=\\\"#ffffff\\\">- \\u0627\\u0633\\u0643\\u064a\\u0644 \\u0633\\u0641\\u062a<\\/font><\\/a><\\/p><p><a href=\\\"https:\\/\\/www.udacity.com\\/\\\" target=\\\"_blank\\\"><font color=\\\"#ffffff\\\">- \\u0627\\u0648\\u062f\\u0627\\u0633\\u064a\\u062a\\u064a<\\/font><\\/a><\\/p><p><a href=\\\"https:\\/\\/www.edx.org\\/\\\" target=\\\"_blank\\\"><font color=\\\"#ffffff\\\">\\u0627\\u062f\\u0643\\u0633<\\/font><\\/a><\\/p><p><a href=\\\"https:\\/\\/www.masterclass.com\\/\\\" target=\\\"_blank\\\"><font color=\\\"#ffffff\\\">- \\u0645\\u0633\\u062a\\u0631 \\u0643\\u0644\\u0633<\\/font><\\/a><br><\\/p>\"},\"forth_column\":{\"title\":\"\\u0642\\u0645 \\u0628\\u0634\\u0631\\u0627\\u0621 Rocket LMS\",\"value\":\"<p><a title=\\\"Notnt\\\" href=\\\"https:\\/\\/codecanyon.net\\\"><img style=\\\"width: 200px;\\\" src=\\\"\\/store\\/1\\/default_images\\/envato.png\\\"><\\/a><\\/p>\"}}'),(32,31,'en','{\"agora_resolution\":\"1920_1080\",\"agora_max_bitrate\":null,\"agora_min_bitrate\":null,\"agora_frame_rate\":null,\"agora_live_streaming\":\"1\",\"agora_chat\":\"1\",\"agora_in_free_courses\":\"1\",\"agora_for_meeting\":\"1\",\"meeting_live_stream_type\":\"single\",\"course_live_stream_type\":\"single\",\"agora_app_id\":null,\"agora_app_certificate\":null,\"new_interactive_file\":\"1\",\"timezone_in_register\":\"0\",\"timezone_in_create_webinar\":\"0\",\"sequence_content_status\":\"1\",\"webinar_assignment_status\":\"1\",\"webinar_private_content_status\":\"0\",\"disable_view_content_after_user_register\":\"0\",\"course_forum_status\":\"1\",\"forums_status\":\"1\",\"direct_classes_payment_button_status\":\"1\",\"direct_bundles_payment_button_status\":\"1\",\"direct_products_payment_button_status\":\"1\",\"cookie_settings_status\":\"1\",\"mobile_app_status\":\"0\",\"maintenance_status\":\"0\",\"maintenance_access_key\":\"key\",\"extra_time_to_join_status\":\"1\",\"extra_time_to_join_default_value\":\"20\",\"show_other_register_method\":\"0\",\"show_certificate_additional_in_register\":\"0\",\"show_google_login_button\":\"0\",\"show_facebook_login_button\":\"0\",\"google_client_id\":null,\"google_client_secret\":null,\"facebook_client_id\":null,\"facebook_client_secret\":null,\"show_live_chat_widget\":\"0\",\"cashback_active\":\"0\",\"display_cashback_notice_in_the_product_page\":\"0\",\"display_minimum_amount_cashback_notices\":\"0\",\"available_session_apis\":[\"local\",\"big_blue_button\",\"zoom\",\"agora\",\"jitsi\"],\"available_sources\":[\"upload\",\"youtube\",\"vimeo\",\"external_link\",\"google_drive\",\"iframe\",\"s3\",\"secure_host\"],\"bunny_configs\":[],\"waitlist_status\":\"0\",\"upcoming_courses_status\":\"1\",\"user_register_form\":null,\"instructor_register_form\":null,\"organization_register_form\":null,\"become_instructor_form\":null,\"become_organization_form\":null,\"frontend_coupons_status\":\"0\",\"frontend_coupons_display_type\":\"before_content\",\"course_notes_status\":\"1\",\"course_notes_attachment\":\"1\",\"zoom_client_id\":null,\"zoom_client_secret\":null,\"zoom_account_id\":null,\"bigbluebutton_server_base_url\":null,\"bigbluebutton_security_salt\":null,\"jitsi_live_url\":null}'),(33,32,'en','{\"image\":\"\\/store\\/1\\/default_images\\/home_sections_banners\\/instructor_finder_banner.jpg\",\"title\":\"Find the best instructor\",\"description\":\"Looking for an instructor? We\'ve got you covered - filter by gender, skill level, price, meeting type, rating, etc. Find instructors on the map.\",\"button1\":{\"title\":\"Instructor Finder\",\"link\":\"\\/instructor-finder\\/wizard\"},\"button2\":{\"title\":\"Instructors on Map\",\"link\":\"\\/instructor-finder\"}}'),(34,33,'en','{\"image\":\"\\/store\\/1\\/default_images\\/home_sections_banners\\/club_points_banner.png\",\"title\":\"Win Club Points\",\"description\":\"Win club points according to different activities.\\r\\nYou will be able to use your club points to get free prizes and courses. Start using the system now and collect points!\",\"button1\":{\"title\":\"Rewards\",\"link\":\"\\/reward-courses\"},\"button2\":{\"title\":\"Points Club\",\"link\":\"\\/panel\\/rewards\"}}'),(35,34,'en','{\"status\":\"1\",\"exchangeable\":\"1\",\"exchangeable_unit\":\"200\",\"want_more_points_link\":\"\\/pages\\/reward_points_system\"}'),(38,37,'en','{\"status\":\"1\",\"show_packages_during_registration\":\"1\",\"force_user_to_select_a_package\":\"0\",\"enable_home_section\":\"1\"}'),(39,38,'en','{\"status\":\"0\",\"courses_capacity\":\"20\",\"courses_count\":\"5\",\"meeting_count\":\"20\",\"product_count\":\"5\"}'),(40,39,'en','{\"status\":\"1\",\"instructors_count\":\"5\",\"students_count\":\"30\",\"courses_capacity\":\"30\",\"courses_count\":\"10\",\"meeting_count\":\"40\",\"product_count\":\"10\"}'),(41,40,'en','{\"image\":\"\\/store\\/1075\\/young-man-dressed-formal-suit-sitting-cafe_273609-14848.jpg\",\"title\":\"Become an instructor\",\"description\":\"Are you interested to be a part of our instructor community? You can join by signing up as an instructor or organization.\",\"button1\":{\"title\":\"Become an Instructor\",\"link\":\"\\/become-instructor\"},\"button2\":{\"title\":\"Registration Packages\",\"link\":\"become-instructor\\/packages\\/\"}}'),(42,8,'ar','{\"title\":\"\\u0645\\u062a\\u0639\\u0629 \\u0627\\u0644\\u062a\\u0639\\u0644\\u0645 \\u0648\\u0627\\u0644\\u062a\\u0639\\u0644\\u064a\\u0645 ...\",\"description\":\"Rocket LMS \\u0639\\u0628\\u0627\\u0631\\u0629 \\u0639\\u0646 \\u0646\\u0638\\u0627\\u0645 \\u0623\\u0633\\u0627\\u0633\\u064a \\u062a\\u0639\\u0644\\u064a\\u0645\\u064a \\u0643\\u0627\\u0645\\u0644 \\u0627\\u0644\\u0645\\u064a\\u0632\\u0627\\u062a \\u064a\\u0633\\u0627\\u0639\\u062f \\u0627\\u0644\\u0645\\u062f\\u0631\\u0628\\u064a\\u0646 \\u0639\\u0644\\u0649 \\u0625\\u0646\\u0634\\u0627\\u0621 \\u0648\\u0646\\u0634\\u0631 \\u062f\\u0648\\u0631\\u0627\\u062a \\u0641\\u064a\\u062f\\u064a\\u0648 \\u0648\\u0641\\u0635\\u0648\\u0644 \\u0645\\u0628\\u0627\\u0634\\u0631\\u0629 \\u0648\\u062f\\u0648\\u0631\\u0627\\u062a \\u0646\\u0635\\u064a\\u0629 \\u0648\\u0643\\u0633\\u0628 \\u0627\\u0644\\u0645\\u0627\\u0644 \\u060c \\u0648\\u064a\\u0633\\u0627\\u0639\\u062f \\u0627\\u0644\\u0637\\u0644\\u0627\\u0628 \\u0639\\u0644\\u0649 \\u0627\\u0644\\u062a\\u0639\\u0644\\u0645 \\u0628\\u0623\\u0633\\u0647\\u0644 \\u0637\\u0631\\u064a\\u0642\\u0629.\",\"hero_background\":\"\\/store\\/1\\/default_images\\/hero_1.jpg\"}'),(43,8,'es','{\"title\":\"Alegr\\u00eda de aprender y ense\\u00f1ar ...\",\"description\":\"Rocket LMS es una plataforma educativa con todas las funciones que ayuda a los instructores a crear y publicar cursos de video, clases en vivo y cursos de texto y ganar dinero, y ayuda a los estudiantes a aprender de la manera m\\u00e1s f\\u00e1cil.\",\"hero_background\":\"\\/store\\/1\\/default_images\\/hero_1.jpg\"}'),(44,15,'ar','{\"title\":\"\\u0645\\u062a\\u0639\\u0629 \\u0627\\u0644\\u062a\\u0639\\u0644\\u0645 \\u0648\\u0627\\u0644\\u062a\\u0639\\u0644\\u064a\\u0645 ...\",\"description\":\"Rocket LMS \\u0639\\u0628\\u0627\\u0631\\u0629 \\u0639\\u0646 \\u0646\\u0638\\u0627\\u0645 \\u0623\\u0633\\u0627\\u0633\\u064a \\u062a\\u0639\\u0644\\u064a\\u0645\\u064a \\u0643\\u0627\\u0645\\u0644 \\u0627\\u0644\\u0645\\u064a\\u0632\\u0627\\u062a \\u064a\\u0633\\u0627\\u0639\\u062f \\u0627\\u0644\\u0645\\u062f\\u0631\\u0628\\u064a\\u0646 \\u0639\\u0644\\u0649 \\u0625\\u0646\\u0634\\u0627\\u0621 \\u0648\\u0646\\u0634\\u0631 \\u062f\\u0648\\u0631\\u0627\\u062a \\u0641\\u064a\\u062f\\u064a\\u0648 \\u0648\\u0641\\u0635\\u0648\\u0644 \\u0645\\u0628\\u0627\\u0634\\u0631\\u0629 \\u0648\\u062f\\u0648\\u0631\\u0627\\u062a \\u0646\\u0635\\u064a\\u0629 \\u0648\\u0643\\u0633\\u0628 \\u0627\\u0644\\u0645\\u0627\\u0644 \\u060c \\u0648\\u064a\\u0633\\u0627\\u0639\\u062f \\u0627\\u0644\\u0637\\u0644\\u0627\\u0628 \\u0639\\u0644\\u0649 \\u0627\\u0644\\u062a\\u0639\\u0644\\u0645 \\u0628\\u0623\\u0633\\u0647\\u0644 \\u0637\\u0631\\u064a\\u0642\\u0629.\",\"hero_background\":\"\\/assets\\/default\\/img\\/home\\/world.png\",\"hero_vector\":\"\\/store\\/1\\/animated-header.json\",\"has_lottie\":\"1\"}'),(45,15,'es','{\"title\":\"Alegr\\u00eda de aprender y ense\\u00f1ar ...\",\"description\":\"Rocket LMS es una plataforma educativa con todas las funciones que ayuda a los instructores a crear y publicar cursos de video, clases en vivo y cursos de texto y ganar dinero, y ayuda a los estudiantes a aprender de la manera m\\u00e1s f\\u00e1cil.\",\"hero_background\":\"\\/assets\\/default\\/img\\/home\\/world.png\",\"hero_vector\":\"\\/store\\/1\\/animated-header.json\",\"has_lottie\":\"1\"}'),(46,27,'ar','{\"link\":\"\\/classes\",\"title\":\"\\u0627\\u0628\\u062f\\u0623 \\u0627\\u0644\\u062a\\u0639\\u0644\\u0645 \\u0641\\u064a \\u0623\\u064a \\u0645\\u0643\\u0627\\u0646 \\u0648\\u0641\\u064a \\u0623\\u064a \\u0648\\u0642\\u062a ...\",\"description\":\"\\u0627\\u0633\\u062a\\u062e\\u062f\\u0645 Rocket LMS \\u0644\\u0644\\u0648\\u0635\\u0648\\u0644 \\u0625\\u0644\\u0649 \\u0645\\u0648\\u0627\\u062f \\u062a\\u0639\\u0644\\u064a\\u0645\\u064a\\u0629 \\u0639\\u0627\\u0644\\u064a\\u0629 \\u0627\\u0644\\u062c\\u0648\\u062f\\u0629 \\u062f\\u0648\\u0646 \\u0623\\u064a \\u0642\\u064a\\u0648\\u062f \\u0648\\u0628\\u0623\\u0633\\u0647\\u0644 \\u0637\\u0631\\u064a\\u0642\\u0629.\",\"background\":\"\\/store\\/1\\/default_images\\/home_video_section.png\"}'),(47,27,'es','{\"link\":\"\\/classes\",\"title\":\"Empiece a aprender en cualquier lugar, en cualquier momento ...\",\"description\":\"Utilice Rocket LMS para acceder a materiales educativos de alta calidad sin limitaciones de la forma m\\u00e1s sencilla.\",\"background\":\"\\/store\\/1\\/default_images\\/home_video_section.png\"}'),(48,29,'ar','{\"link\":\"\\/classes?sort=newest\",\"background\":\"\\/store\\/1\\/sidebar-user-ar.png\"}'),(49,29,'es','{\"link\":\"\\/classes?sort=newest\",\"background\":\"\\/store\\/1\\/sidebar-user-sp.png\"}'),(50,4,'es','{\"first_column\":{\"title\":\"Sobre Nosotras\",\"value\":\"<p><font color=\\\"#ffffff\\\">Rocket LMS es un sistema de gesti\\u00f3n de aprendizaje con todas las funciones que le ayuda a gestionar su negocio educativo en varias horas. Esta plataforma ayuda a los instructores a crear materiales educativos profesionales y ayuda a los estudiantes a aprender de los mejores instructores.<\\/font><\\/p>\"},\"second_column\":{\"title\":\"Enlaces Adicionales\",\"value\":\"<p><a href=\\\"\\/login\\\"><span style=\\\"color: #ffffff;\\\">- Acceso<\\/span><\\/a><\\/p>\\r\\n<p><span style=\\\"color: #ffffff;\\\"><a href=\\\"\\/register\\\"><span style=\\\"color: #ffffff;\\\">- Registrarse<\\/span><\\/a><br><\\/span><\\/p>\\r\\n<p><a href=\\\"\\/blog\\\"><span style=\\\"color: #ffffff;\\\">- Blog<\\/span><\\/a><\\/p>\\r\\n<p><a href=\\\"\\/contact\\\"><span style=\\\"color: #ffffff;\\\">- Contacta con nosotras<\\/span><\\/a><\\/p>\\r\\n<p><span style=\\\"color: #ffffff;\\\"><a href=\\\"\\/certificate_validation\\\"><span style=\\\"color: #ffffff;\\\">- Validaci\\u00f3n de certificado<\\/span><\\/a><br><\\/span><\\/p>\\r\\n<p><span style=\\\"color: #ffffff;\\\"><a href=\\\"\\/become-instructor\\\"><span style=\\\"color: #ffffff;\\\">- Convi\\u00e9rtete en instructor<\\/span><\\/a><br><\\/span><\\/p>\\r\\n<p><a href=\\\"\\/pages\\/terms\\\"><span style=\\\"color: #ffffff;\\\">- T\\u00e9rminos y reglas<\\/span><\\/a><\\/p>\\r\\n<p><a href=\\\"\\/pages\\/about\\\"><span style=\\\"color: #ffffff;\\\">- Sobre nosotras<\\/span><\\/a><\\/p>\"},\"third_column\":{\"title\":\"Negocios Similares\",\"value\":\"<p><a href=\\\"https:\\/\\/www.udemy.com\\/\\\" target=\\\"_blank\\\"><font color=\\\"#ffffff\\\">- Udemy<\\/font><\\/a><\\/p><p><a href=\\\"https:\\/\\/www.skillshare.com\\/\\\" target=\\\"_blank\\\"><font color=\\\"#ffffff\\\">- Skillshare<\\/font><\\/a><\\/p><p><a href=\\\"https:\\/\\/www.coursera.org\\/\\\" target=\\\"_blank\\\"><font color=\\\"#ffffff\\\">- Coursera<\\/font><\\/a><\\/p><p><a href=\\\"https:\\/\\/www.linkedin.com\\/learning\\/\\\" target=\\\"_blank\\\"><font color=\\\"#ffffff\\\">- Lynda<\\/font><\\/a><\\/p><p><a href=\\\"https:\\/\\/www.skillsoft.com\\/\\\" target=\\\"_blank\\\"><font color=\\\"#ffffff\\\">- Skillsoft<\\/font><\\/a><\\/p><p><a href=\\\"https:\\/\\/www.udacity.com\\/\\\" target=\\\"_blank\\\"><font color=\\\"#ffffff\\\">- Udacity<\\/font><\\/a><\\/p><p><a href=\\\"https:\\/\\/www.edx.org\\/\\\" target=\\\"_blank\\\"><font color=\\\"#ffffff\\\">- edX<\\/font><\\/a><\\/p><p><a href=\\\"https:\\/\\/www.masterclass.com\\/\\\" target=\\\"_blank\\\"><font color=\\\"#ffffff\\\">- Masterclass<\\/font><\\/a><br><\\/p>\"},\"forth_column\":{\"title\":\"Compra Rocket LMS\",\"value\":\"<p><a title=\\\"Notnt\\\" href=\\\"https:\\/\\/codecanyon.net\\\"><img style=\\\"width: 200px;\\\" src=\\\"\\/store\\/1\\/default_images\\/envato.png\\\"><\\/a><\\/p>\"}}'),(51,26,'es','{\"02nh9a\":{\"title\":\"hogar\",\"link\":\"\\/\",\"order\":\"1\"},\"1cH2kF\":{\"title\":\"Cursos\",\"link\":\"\\/classes?sort=newest\",\"order\":\"2\"},\"gGf8Lv\":{\"title\":\"Instructoras\",\"link\":\"\\/instructor-finder\",\"order\":\"3\"},\"VBxDrB\":{\"title\":\"Blog\",\"link\":\"\\/blog\",\"order\":\"4\"},\"Wnq5Qb\":{\"title\":\"Foros\",\"link\":\"\\/forums\",\"order\":\"5\"}}'),(52,26,'ar','{\"02nh9a\":{\"title\":\"\\u0627\\u0644\\u0635\\u0641\\u062d\\u0629 \\u0627\\u0644\\u0631\\u0626\\u064a\\u0633\\u064a\\u0629\",\"link\":\"\\/\",\"order\":\"1\"},\"1cH2kF\":{\"title\":\"\\u0627\\u0644\\u062f\\u0648\\u0631\\u0627\\u062a\",\"link\":\"\\/classes?sort=newest\",\"order\":\"2\"},\"gGf8Lv\":{\"title\":\"\\u0627\\u0644\\u0645\\u062f\\u0631\\u0628\\u064a\\u0646\",\"link\":\"\\/instructor-finder\",\"order\":\"3\"},\"Wnq5Qb\":{\"title\":\"\\u0627\\u0644\\u0645\\u0646\\u062a\\u062f\\u064a\\u0627\\u062a\",\"link\":\"\\/forums\",\"order\":\"5\"}}'),(53,32,'ar','{\"image\":\"\\/store\\/1\\/default_images\\/home_sections_banners\\/instructor_finder_banner.jpg\",\"title\":\"\\u0627\\u0639\\u062b\\u0631 \\u0639\\u0644\\u0649 \\u0623\\u0641\\u0636\\u0644 \\u0645\\u062f\\u0631\\u0628\",\"description\":\"\\u062a\\u0628\\u062d\\u062b \\u0639\\u0646 \\u0645\\u062f\\u0631\\u0628\\u061f \\u0627\\u0639\\u062b\\u0631 \\u0639\\u0644\\u0649 \\u0623\\u0641\\u0636\\u0644 \\u0627\\u0644\\u0645\\u062f\\u0631\\u0628\\u064a\\u0646 \\u0648\\u0641\\u0642\\u064b\\u0627 \\u0644\\u0645\\u0639\\u0627\\u064a\\u064a\\u0631 \\u0645\\u062e\\u062a\\u0644\\u0641\\u0629 \\u0645\\u062b\\u0644 \\u0627\\u0644\\u062c\\u0646\\u0633 \\u0648\\u0645\\u0633\\u062a\\u0648\\u0649 \\u0627\\u0644\\u0645\\u0647\\u0627\\u0631\\u0629 \\u0648\\u0627\\u0644\\u0633\\u0639\\u0631 \\u0648\\u0646\\u0648\\u0639 \\u0627\\u0644\\u0627\\u062c\\u062a\\u0645\\u0627\\u0639 \\u0648\\u0627\\u0644\\u062a\\u0642\\u064a\\u064a\\u0645 \\u0648\\u0645\\u0627 \\u0625\\u0644\\u0649 \\u0630\\u0644\\u0643.\\r\\n\\u0627\\u0628\\u062d\\u062b \\u0639\\u0646 \\u0645\\u062f\\u0631\\u0628\\u064a\\u0646 \\u0639\\u0644\\u0649 \\u0627\\u0644\\u062e\\u0631\\u064a\\u0637\\u0629.\",\"button1\":{\"title\":\"\\u0627\\u0644\\u0628\\u0627\\u062d\\u062b \\u0639\\u0646 \\u0627\\u0644\\u0645\\u0639\\u0644\\u0645\",\"link\":\"\\/instructor-finder\\/wizard\"},\"button2\":{\"title\":\"\\u0645\\u062f\\u0631\\u0633\\u0648\\u0646 \\u0639\\u0644\\u0649 \\u0627\\u0644\\u062e\\u0631\\u064a\\u0637\\u0629\",\"link\":\"\\/instructor-finder\"}}'),(54,32,'es','{\"image\":\"\\/store\\/1\\/default_images\\/home_sections_banners\\/instructor_finder_banner.jpg\",\"title\":\"Encuentra la mejor instructora\",\"description\":\"\\u00bfBuscas un instructor? Encuentre los mejores instructores seg\\u00fan diferentes par\\u00e1metros como g\\u00e9nero, nivel de habilidad, precio, tipo de reuni\\u00f3n, calificaci\\u00f3n, etc.\\r\\nEncuentra instructores en el mapa.\",\"button1\":{\"title\":\"Buscadora de tutores\",\"link\":\"\\/instructor-finder\\/wizard\"},\"button2\":{\"title\":\"Tutores en el mapa\",\"link\":\"\\/instructor-finder\"}}'),(55,33,'ar','{\"image\":\"\\/store\\/1\\/default_images\\/home_sections_banners\\/club_points_banner.png\",\"title\":\"\\u0627\\u0631\\u0628\\u062d \\u0646\\u0642\\u0627\\u0637 \\u0627\\u0644\\u0646\\u0627\\u062f\\u064a\",\"description\":\"\\u0627\\u0633\\u062a\\u062e\\u062f\\u0645 Rocket LMS \\u0648\\u0627\\u0631\\u0628\\u062d \\u0646\\u0642\\u0627\\u0637 \\u0627\\u0644\\u0646\\u0627\\u062f\\u064a \\u0648\\u0641\\u0642\\u064b\\u0627 \\u0644\\u0644\\u0623\\u0646\\u0634\\u0637\\u0629 \\u0627\\u0644\\u0645\\u062e\\u062a\\u0644\\u0641\\u0629.\\r\\n\\u0633\\u062a\\u062a\\u0645\\u0643\\u0646 \\u0645\\u0646 \\u0627\\u0633\\u062a\\u062e\\u062f\\u0627\\u0645 \\u0646\\u0642\\u0627\\u0637 \\u0627\\u0644\\u0646\\u0627\\u062f\\u064a \\u0627\\u0644\\u062e\\u0627\\u0635\\u0629 \\u0628\\u0643 \\u0644\\u0644\\u062d\\u0635\\u0648\\u0644 \\u0639\\u0644\\u0649 \\u062c\\u0648\\u0627\\u0626\\u0632 \\u0648\\u062f\\u0648\\u0631\\u0627\\u062a \\u0645\\u062c\\u0627\\u0646\\u064a\\u0629. \\u0627\\u0628\\u062f\\u0623 \\u0641\\u064a \\u0627\\u0633\\u062a\\u062e\\u062f\\u0627\\u0645 \\u0627\\u0644\\u0646\\u0638\\u0627\\u0645 \\u0627\\u0644\\u0622\\u0646 \\u0648\\u0627\\u062c\\u0645\\u0639 \\u0627\\u0644\\u0646\\u0642\\u0627\\u0637!\",\"button1\":{\"title\":\"\\u0627\\u0644\\u0645\\u0643\\u0627\\u0641\\u0622\\u062a\",\"link\":\"\\/reward-courses\"},\"button2\":{\"title\":\"\\u0646\\u0627\\u062f\\u064a \\u0627\\u0644\\u0646\\u0642\\u0627\\u0637\",\"link\":\"\\/panel\\/rewards\"}}'),(56,33,'es','{\"image\":\"\\/store\\/1\\/default_images\\/home_sections_banners\\/club_points_banner.png\",\"title\":\"Gana puntos del club\",\"description\":\"Utilice Rocket LMS y gane puntos del club seg\\u00fan diferentes actividades.\\r\\nPodr\\u00e1s utilizar tus puntos del club para conseguir premios y cursos gratuitos. \\u00a1Comience a usar el sistema ahora y acumule puntos!\",\"button1\":{\"title\":\"Recompensas\",\"link\":\"\\/reward-courses\"},\"button2\":{\"title\":\"club de puntos\",\"link\":\"\\/panel\\/rewards\"}}'),(57,40,'ar','{\"image\":\"\\/store\\/1\\/default_images\\/home_sections_banners\\/become_instructor_banner.jpg\",\"title\":\"\\u0643\\u0646 \\u0645\\u062f\\u0631\\u0628\\u064b\\u0627\",\"description\":\"\\u0647\\u0644 \\u0623\\u0646\\u062a \\u0645\\u0647\\u062a\\u0645 \\u0628\\u0623\\u0646 \\u062a\\u0643\\u0648\\u0646 \\u062c\\u0632\\u0621\\u064b\\u0627 \\u0645\\u0646 \\u0645\\u062c\\u062a\\u0645\\u0639\\u0646\\u0627\\u061f\\r\\n\\u064a\\u0645\\u0643\\u0646\\u0643 \\u0623\\u0646 \\u062a\\u0643\\u0648\\u0646 \\u062c\\u0632\\u0621\\u064b\\u0627 \\u0645\\u0646 \\u0645\\u062c\\u062a\\u0645\\u0639\\u0646\\u0627 \\u0645\\u0646 \\u062e\\u0644\\u0627\\u0644 \\u0627\\u0644\\u062a\\u0633\\u062c\\u064a\\u0644 \\u0643\\u0645\\u062f\\u0631\\u0628 \\u0623\\u0648 \\u0645\\u0646\\u0638\\u0645\\u0629.\",\"button1\":{\"title\":\"\\u0643\\u0646 \\u0645\\u062f\\u0631\\u0633\\u064b\\u0627\",\"link\":\"\\/become-instructor\"},\"button2\":{\"title\":\"\\u062d\\u0632\\u0645 \\u0627\\u0644\\u062a\\u0633\\u062c\\u064a\\u0644\",\"link\":\"become-instructor\\/packages\\/\"}}'),(58,40,'es','{\"image\":\"\\/store\\/1\\/default_images\\/home_sections_banners\\/become_instructor_banner.jpg\",\"title\":\"Convi\\u00e9rtete en instructora\",\"description\":\"\\u00bfEst\\u00e1s interesado en ser parte de nuestra comunidad?\\r\\nPuedes ser parte de nuestra comunidad registr\\u00e1ndote como instructor u organizaci\\u00f3n.\",\"button1\":{\"title\":\"Convi\\u00e9rtete en instructora\",\"link\":\"\\/become-instructor\"},\"button2\":{\"title\":\"Paquetes de registro\",\"link\":\"become-instructor\\/packages\\/\"}}'),(59,42,'en','{\"primary\":\"#01a95a\",\"primary-border\":null,\"primary-hover\":null,\"primary-border-hover\":null,\"primary-btn-shadow\":null,\"primary-btn-shadow-hover\":null,\"primary-btn-color\":\"#ffffff\",\"primary-btn-color-hover\":\"#ffffff\",\"secondary\":\"#01a95a\",\"secondary-border\":null,\"secondary-hover\":\"#01a95a\",\"secondary-border-hover\":null,\"secondary-btn-shadow\":null,\"secondary-btn-shadow-hover\":null,\"secondary-btn-color\":\"#b31717\",\"secondary-btn-color-hover\":null,\"front_body_background\":null,\"admin_primary\":\"#01a95a\"}'),(60,44,'en','{\"cookie_settings_modal_message\":\"<p>When you visit any of our websites, it may store or retrieve information on your browser, mostly in the form of cookies. This information might be about you, your preferences or your device and is mostly used to make the site work as you expect it to. The information does not usually directly identify you, but it can give you a more personalized web experience. Because we respect your right to privacy, you can choose not to allow some types of cookies. Click on the different category headings to find out more and manage your preferences. Please note, that blocking some types of cookies may impact your experience of the site and the services we are able to offer.<\\/p>\",\"cookie_settings_modal_items\":{\"dDRjfkGvQfFzQJpa\":{\"title\":\"Strictly Necessary\",\"description\":\"These cookies are necessary for our website to function properly and cannot be switched off in our systems. They are usually only set in response to actions made by you that amount to a request for services, such as setting your privacy preferences, logging in or filling in forms, or where they\\u2019re essential to providing you with a service you have requested. You cannot opt out of these cookies. You can set your browser to block or alert you about these cookies, but if you do, some parts of the site will not then work. These cookies do not store any personally identifiable information.\",\"required\":\"0\"},\"mOzJowgvTnWFlRzz\":{\"title\":\"Performance Cookies\",\"description\":\"These cookies allow us to count visits and traffic sources so we can measure and improve the performance of our site. They help us to know which pages are the most and least popular and see how visitors move around the site, which helps us optimize your experience. All information these cookies collect is aggregated and therefore anonymous. If you do not allow these cookies we will not be able to use your data in this way.\",\"required\":\"0\"},\"XBMtdYaeSrqMicTH\":{\"title\":\"Functional Cookies\",\"description\":\"These cookies enable the website to provide enhanced functionality and personalization. They may be set by us or by third-party providers whose services we have added to our pages. If you do not allow these cookies then some or all of these services may not function properly.\",\"required\":\"0\"},\"XlLqzsvNpRqdcNWP\":{\"title\":\"Targeting Cookies\",\"description\":\"These cookies may be set through our site by our advertising partners. They may be used by those companies to build a profile of your interests and show you relevant adverts on other sites. They do not store directly personal information but are based on uniquely identifying your browser and internet device. If you do not allow these cookies, you will experience less targeted advertising.\",\"required\":\"0\"}}}'),(61,41,'en','{\"status\":\"1\",\"virtual_product_commission\":\"20\",\"physical_product_commission\":\"10\",\"store_tax\":\"10\",\"possibility_create_virtual_product\":\"1\",\"possibility_create_physical_product\":\"1\",\"shipping_tracking_url\":\"https:\\/\\/www.tracking.my\\/\",\"activate_comments\":\"1\"}'),(62,46,'en','{\"main\":{\"regular\":\"\\/store\\/1\\/fonts\\/montserrat-regular.woff2\",\"bold\":\"\\/store\\/1\\/fonts\\/montserrat-bold.woff2\",\"medium\":\"\\/store\\/1\\/fonts\\/montserrat-medium.woff2\"},\"rtl\":{\"regular\":\"\\/store\\/1\\/fonts\\/Vazir-Regular.woff2\",\"bold\":\"\\/store\\/1\\/fonts\\/Vazir-Bold.woff2\",\"medium\":\"\\/store\\/1\\/fonts\\/Vazir-Medium.woff2\"}}'),(63,43,'en','{\"image\":\"\\/store\\/1\\/Images\\/successful-african-american-woman-lawyer-or-legal-2023-11-27-04-57-34-utc.jpg\",\"title\":\"Have a Question? Ask it in forum and get answers\",\"description\":\"With the NJI Academy Forums, you can ask your questions on different subjects and communicate with other forum users. Our users will help you to get the best answer!\",\"button1\":{\"title\":\"Create a new topic\",\"link\":\"\\/forums\\/create-topic\"},\"button2\":{\"title\":\"Browse forums\",\"link\":\"\\/forums\"}}'),(64,45,'en','{\"mobile_app_hero_image\":\"\\/store\\/1\\/default_images\\/app_only.png\",\"mobile_app_description\":\"<div>Is an amazing, modern, and clean landing page for showcasing your app or anything else.<\\/div><div><br><\\/div><div>A mobile application or app is a computer program or software application designed to run on a mobile device such as a phone, tablet, or watch. Mobile applications often stand in contrast to desktop applications which are designed to run on desktop computers, and web applications which run in mobile web browsers rather than directly on the mobile device.<\\/div>\",\"mobile_app_buttons\":{\"htQgcSjzjLJlGRyY\":{\"title\":\"Download from Play Store\",\"link\":\"https:\\/\\/play.google.com\\/store\\/games\",\"icon\":\"\\/store\\/1\\/default_images\\/google-play.png\",\"color\":\"primary\"}}}'),(65,48,'en','{\"image\":\"\\/store\\/1\\/default_images\\/ads_modal.png\",\"title\":\"Sales Campaign\",\"description\":\"We have a sales campaign on our promoted courses and products. You can purchase 150 products at a discounted price up to 50% discount.\",\"button1\":{\"title\":\"View Courses\",\"link\":\"\\/classes\"},\"button2\":{\"title\":\"View Products\",\"link\":\"\\/products\"}}'),(66,52,'en','{\"show_guarantee_text\":\"0\",\"user_avatar_style\":\"ui_avatar\",\"default_user_avatar\":\"\\/store\\/1\\/default_images\\/default_profile.jpg\",\"platform_phone_and_email_position\":\"footer\"}'),(67,47,'en','{\"webinar_reminder_schedule\":\"1\",\"meeting_reminder_schedule\":\"1\",\"subscribe_reminder_schedule\":\"48\"}'),(68,61,'en','{\"offline_banks_status\":\"1\"}'),(69,62,'en','{\"status\":\"1\",\"allow_sending_gift_for_courses\":\"1\",\"allow_sending_gift_for_bundles\":\"1\",\"allow_sending_gift_for_products\":\"1\"}'),(70,63,'en','{\"status\":\"1\",\"unlock_registration_bonus_instantly\":\"0\",\"unlock_registration_bonus_with_referral\":\"1\",\"number_of_referred_users\":\"5\",\"enable_referred_users_purchase\":\"1\",\"purchase_amount_for_unlocking_bonus\":\"100\",\"registration_bonus_amount\":\"50\",\"bonus_wallet\":\"balance_wallet\"}'),(71,57,'en','{\"enable_statistics\":\"1\"}'),(72,56,'en','{\"currency\":\"NGN\",\"currency_position\":\"left\",\"currency_separator\":\"dot\",\"currency_decimal\":\"2\",\"multi_currency\":\"1\"}'),(73,53,'en','{\"login_device_limit\":\"0\",\"number_of_allowed_devices\":\"2\",\"captcha_for_admin_login\":\"1\",\"captcha_for_admin_forgot_pass\":\"1\",\"captcha_for_login\":\"1\",\"captcha_for_register\":\"1\",\"captcha_for_forgot_pass\":\"1\",\"admin_panel_url\":\"admin\"}'),(74,54,'en','{\"status\":\"1\",\"disable_course_access_when_user_have_an_overdue_installment\":\"0\",\"disable_all_courses_access_when_user_have_an_overdue_installment\":\"0\",\"disable_instalments_when_the_user_have_an_overdue_installment\":\"1\",\"allow_cancel_verification\":\"1\",\"display_installment_button\":\"1\",\"overdue_interval_days\":\"3\",\"installment_plans_position\":\"top_of_page\",\"reminder_before_overdue_days\":\"3\",\"reminder_after_overdue_days\":\"2\"}'),(75,58,'en','{\"title\":\"We are under maintenance!\",\"image\":\"\\/store\\/1\\/default_images\\/maintenance.png\",\"description\":\"We are working on the platform; It won\'t take a long time. We will try to back as soon as possible.\",\"maintenance_button\":{\"title\":\"Sample Button\",\"link\":\"\\/\"},\"end_date\":1740094200}'),(76,64,'en','{\"term_image\":\"\\/store\\/1\\/default_images\\/registration bonus\\/banner.png\",\"items\":{\"DnrPr\":{\"icon\":\"\\/store\\/1\\/default_images\\/registration bonus\\/step1.svg\",\"title\":\"Sign up\",\"description\":\"Create an account on platform and get $50\"},\"eNMTB\":{\"icon\":\"\\/store\\/1\\/default_images\\/registration bonus\\/step2.svg\",\"title\":\"Refer your friends\",\"description\":\"Refer at least 5 users to the system using your affiliate URL\"},\"fdIUc\":{\"icon\":\"\\/store\\/1\\/default_images\\/registration bonus\\/step3.svg\",\"title\":\"Reach purchase target\",\"description\":\"Each referred user should purchase $100 on the platform\"},\"oeMZr\":{\"icon\":\"\\/store\\/1\\/default_images\\/registration bonus\\/step4.svg\",\"title\":\"Unlock your bonus\",\"description\":\"Your bonus will be unlocked! Enjoy spending...\"}}}'),(77,55,'en','{\"terms_description\":\"<p>Welcome to our website! To ensure the best possible experience for all users, please review and agree to the following terms and rules before using our installment feature:<\\/p><p>Installment Payment Plan: Our website offers an installment payment plan for select courses. By selecting the installment payment option, you agree to pay the full course fee in multiple installments. Each installment payment will be automatically deducted from the payment method you provided on the scheduled dates until the full payment is completed.<\\/p><p>Payment Plan Fees: Our installment payment plan may include a small processing fee for each installment payment. The total processing fee will be disclosed to you before you select the installment payment option.<\\/p><p>Late Payment: If a payment is not received on the scheduled date, a late payment fee may be added to the next scheduled payment.<\\/p><p>Refunds: Once an installment payment is made, it is non-refundable. However, if you wish to cancel your enrollment in the course, you may be eligible for a partial refund according to our Refund Policy.<\\/p><p>Default: If you default on a payment or fail to complete the full payment plan, your access to the course will be revoked, and you may be subject to additional fees and collection efforts.<\\/p><p>Privacy: Your personal and payment information will be kept secure and confidential. We use industry-standard security measures to protect your information.<\\/p><p>Changes to Terms and Rules: We reserve the right to modify these terms and rules at any time. Any changes will be posted on our website and will become effective immediately upon posting.<\\/p><p>By using our installment payment plan, you agree to these terms and rules. If you have any questions or concerns, please contact our support team.<\\/p>\"}'),(78,65,'en','{\"status\":\"1\",\"active_for_admin_panel\":\"1\",\"active_for_organization_panel\":\"1\",\"active_for_instructor_panel\":\"1\",\"secret_key\":null,\"activate_text_service_type\":\"1\",\"text_service_type\":\"gpt-3.5-turbo\",\"number_of_text_generated_per_request\":\"1\",\"max_tokens\":\"500\",\"activate_image_service_type\":\"1\",\"number_of_images_generated_per_request\":\"1\"}'),(79,66,'en','{\"_token\":\"QjOqPtX6wYvIJAYYUiOzTGZyAvJ4Xc22OaD842V1\",\"page\":\"general\",\"name\":\"certificate_settings\",\"locale\":\"en\",\"status\":\"1\",\"certificate_id\":\"CR\",\"ltr_font\":\"\\/store\\/1\\/fonts\\/montserrat-medium.woff2\",\"rtl_font\":\"\\/store\\/1\\/fonts\\/Vazir-Medium.woff2\",\"certificate_api_user_id\":null,\"certificate_api_key\":null}'),(80,67,'en','{\"status\":\"1\",\"reset_cart_items\":\"0\",\"reset_hours\":null,\"default_cart_reminder\":\"121\",\"default_cart_coupon_template\":\"122\"}'),(81,68,'en','{\"title\":\"Access Limited\",\"image\":\"\\/store\\/1\\/default_images\\/maintenance.png\",\"description\":\"Your IP is not allowed to access the website.\"}'),(82,59,'en','{\"direct_publication_of_courses\":\"0\",\"direct_publication_of_bundles\":\"0\",\"direct_publication_of_comments\":\"0\",\"direct_publication_of_reviews\":\"0\",\"direct_publication_of_blog\":\"0\",\"allow_instructor_delete_content\":null,\"content_delete_method\":\"delete_with_admin_approval\",\"disable_registration_verification_process\":null}'),(83,69,'en','{\"courses\":{\"type\":\"percent\",\"value\":\"20\"},\"bundles\":{\"type\":\"percent\",\"value\":\"20\"},\"virtual_products\":{\"type\":\"percent\",\"value\":\"30\"},\"physical_products\":{\"type\":\"percent\",\"value\":\"10\"},\"meetings\":{\"type\":\"percent\",\"value\":\"30\"}}');
/*!40000 ALTER TABLE `setting_translations` ENABLE KEYS */;
UNLOCK TABLES;

--
-- Table structure for table `settings`
--

DROP TABLE IF EXISTS `settings`;
/*!40101 SET @saved_cs_client     = @@character_set_client */;
/*!50503 SET character_set_client = utf8mb4 */;
CREATE TABLE `settings` (
  `id` int unsigned NOT NULL AUTO_INCREMENT,
  `page` enum('general','financial','personalization','notifications','seo','customization','other') CHARACTER SET utf8mb4 COLLATE utf8mb4_unicode_ci NOT NULL DEFAULT 'other',
  `name` varchar(255) CHARACTER SET utf8mb4 COLLATE utf8mb4_unicode_ci NOT NULL,
  `updated_at` int DEFAULT NULL,
  PRIMARY KEY (`id`) USING BTREE,
  KEY `name` (`name`) USING BTREE
) ENGINE=InnoDB AUTO_INCREMENT=70 DEFAULT CHARSET=utf8mb4 COLLATE=utf8mb4_unicode_ci;
/*!40101 SET character_set_client = @saved_cs_client */;

--
-- Dumping data for table `settings`
--

LOCK TABLES `settings` WRITE;
/*!40000 ALTER TABLE `settings` DISABLE KEYS */;
INSERT INTO `settings` VALUES (1,'seo','seo_metas',1709806236),(2,'general','socials',1632121340),(4,'other','footer',1632071275),(5,'general','general',1734909911),(6,'financial','financial',1737505729),(8,'personalization','home_hero',1734279585),(12,'customization','custom_css_js',1737725788),(14,'personalization','page_background',1737646921),(15,'personalization','home_hero2',1734343169),(20,'other','report_reasons',1632235945),(22,'notifications','notifications',1694993271),(23,'financial','site_bank_accounts',1617002426),(24,'other','contact_us',1737493276),(25,'personalization','home_sections',1653226117),(26,'other','navbar_links',1734290696),(27,'personalization','home_video_or_image_box',1734289388),(28,'other','404',1678950792),(29,'personalization','panel_sidebar',1642355954),(30,'financial','referral',1730113907),(31,'general','features',1737712738),(32,'personalization','find_instructors',1734265806),(33,'personalization','reward_program',1730114266),(34,'general','rewards_settings',1647616804),(37,'financial','registration_packages_general',1679091345),(38,'financial','registration_packages_instructors',1729409834),(39,'financial','registration_packages_organizations',1679091379),(40,'personalization','become_instructor_section',1737465815),(41,'general','store_settings',1678874452),(42,'personalization','theme_colors',1734266254),(43,'personalization','forums_section',1734435822),(44,'personalization','cookie_settings',1730114589),(45,'personalization','mobile_app',1653489015),(46,'personalization','theme_fonts',1677180546),(47,'general','reminders',1650982581),(48,'other','advertising_modal',1652000772),(52,'personalization','others_personalization',1737645659),(53,'general','security',1734910098),(54,'general','installments_settings',1694936104),(55,'general','installments_terms_settings',1679089417),(56,'financial','currency_settings',1737506133),(57,'personalization','statistics',1730114972),(58,'personalization','maintenance_settings',1678873553),(59,'general','general_options',1734910122),(60,'financial','offline_banks_credits',1676303092),(61,'financial','offline_banks',1676304557),(62,'general','gifts_general_settings',1676882598),(63,'general','registration_bonus_settings',1678898659),(64,'general','registration_bonus_terms_settings',1678898719),(65,'general','ai_contents_settings',1694945216),(66,'general','certificate_settings',1709893114),(67,'general','abandoned_cart_settings',1709625722),(68,'personalization','restriction_settings',1734266517),(69,'financial','commission_settings',1719771535);
/*!40000 ALTER TABLE `settings` ENABLE KEYS */;
UNLOCK TABLES;

--
-- Table structure for table `special_offers`
--

DROP TABLE IF EXISTS `special_offers`;
/*!40101 SET @saved_cs_client     = @@character_set_client */;
/*!50503 SET character_set_client = utf8mb4 */;
CREATE TABLE `special_offers` (
  `id` int unsigned NOT NULL AUTO_INCREMENT,
  `creator_id` int unsigned NOT NULL,
  `webinar_id` int unsigned DEFAULT NULL,
  `bundle_id` int unsigned DEFAULT NULL,
  `subscribe_id` int unsigned DEFAULT NULL,
  `registration_package_id` int unsigned DEFAULT NULL,
  `name` varchar(64) CHARACTER SET utf8mb4 COLLATE utf8mb4_unicode_ci DEFAULT NULL,
  `percent` int unsigned NOT NULL,
  `status` enum('active','inactive') CHARACTER SET utf8mb4 COLLATE utf8mb4_unicode_ci NOT NULL,
  `created_at` int unsigned NOT NULL,
  `from_date` int unsigned NOT NULL,
  `to_date` int unsigned NOT NULL,
  PRIMARY KEY (`id`) USING BTREE,
  KEY `special_offers_creator_id_foreign` (`creator_id`) USING BTREE,
  KEY `special_offers_webinar_id_foreign` (`webinar_id`) USING BTREE,
  KEY `special_offers_bundle_id_foreign` (`bundle_id`),
  KEY `special_offers_subscribe_id_foreign` (`subscribe_id`),
  KEY `special_offers_registration_package_id_foreign` (`registration_package_id`),
  CONSTRAINT `special_offers_bundle_id_foreign` FOREIGN KEY (`bundle_id`) REFERENCES `bundles` (`id`) ON DELETE CASCADE,
  CONSTRAINT `special_offers_creator_id_foreign` FOREIGN KEY (`creator_id`) REFERENCES `users` (`id`) ON DELETE CASCADE,
  CONSTRAINT `special_offers_registration_package_id_foreign` FOREIGN KEY (`registration_package_id`) REFERENCES `registration_packages` (`id`) ON DELETE CASCADE,
  CONSTRAINT `special_offers_subscribe_id_foreign` FOREIGN KEY (`subscribe_id`) REFERENCES `subscribes` (`id`) ON DELETE CASCADE,
  CONSTRAINT `special_offers_webinar_id_foreign` FOREIGN KEY (`webinar_id`) REFERENCES `webinars` (`id`) ON DELETE CASCADE
) ENGINE=InnoDB AUTO_INCREMENT=18 DEFAULT CHARSET=utf8mb4 COLLATE=utf8mb4_unicode_ci ROW_FORMAT=DYNAMIC;
/*!40101 SET character_set_client = @saved_cs_client */;

--
-- Dumping data for table `special_offers`
--

LOCK TABLES `special_offers` WRITE;
/*!40000 ALTER TABLE `special_offers` DISABLE KEYS */;
INSERT INTO `special_offers` VALUES (12,1,2002,NULL,NULL,NULL,'Discount',20,'active',1694936206,1625081400,1782847800),(14,1,2004,NULL,NULL,3,'Limited Offer',40,'active',1709200346,1656043200,1798153200);
/*!40000 ALTER TABLE `special_offers` ENABLE KEYS */;
UNLOCK TABLES;

--
-- Table structure for table `subscribe_reminds`
--

DROP TABLE IF EXISTS `subscribe_reminds`;
/*!40101 SET @saved_cs_client     = @@character_set_client */;
/*!50503 SET character_set_client = utf8mb4 */;
CREATE TABLE `subscribe_reminds` (
  `id` int unsigned NOT NULL AUTO_INCREMENT,
  `user_id` int unsigned NOT NULL,
  `subscribe_id` int unsigned NOT NULL,
  `created_at` bigint unsigned NOT NULL,
  PRIMARY KEY (`id`),
  KEY `subscribe_reminds_subscribe_id_foreign` (`subscribe_id`),
  KEY `subscribe_reminds_user_id_foreign` (`user_id`),
  CONSTRAINT `subscribe_reminds_subscribe_id_foreign` FOREIGN KEY (`subscribe_id`) REFERENCES `subscribes` (`id`) ON DELETE CASCADE,
  CONSTRAINT `subscribe_reminds_user_id_foreign` FOREIGN KEY (`user_id`) REFERENCES `users` (`id`) ON DELETE CASCADE
) ENGINE=InnoDB AUTO_INCREMENT=2 DEFAULT CHARSET=utf8mb4 COLLATE=utf8mb4_unicode_ci;
/*!40101 SET character_set_client = @saved_cs_client */;

--
-- Dumping data for table `subscribe_reminds`
--

LOCK TABLES `subscribe_reminds` WRITE;
/*!40000 ALTER TABLE `subscribe_reminds` DISABLE KEYS */;
/*!40000 ALTER TABLE `subscribe_reminds` ENABLE KEYS */;
UNLOCK TABLES;

--
-- Table structure for table `subscribe_translations`
--

DROP TABLE IF EXISTS `subscribe_translations`;
/*!40101 SET @saved_cs_client     = @@character_set_client */;
/*!50503 SET character_set_client = utf8mb4 */;
CREATE TABLE `subscribe_translations` (
  `id` bigint unsigned NOT NULL AUTO_INCREMENT,
  `subscribe_id` int unsigned NOT NULL,
  `locale` varchar(255) CHARACTER SET utf8mb4 COLLATE utf8mb4_unicode_ci NOT NULL,
  `title` varchar(255) CHARACTER SET utf8mb4 COLLATE utf8mb4_unicode_ci NOT NULL,
  `description` varchar(255) CHARACTER SET utf8mb4 COLLATE utf8mb4_unicode_ci DEFAULT NULL,
  PRIMARY KEY (`id`),
  KEY `subscribe_translations_subscribe_id_foreign` (`subscribe_id`),
  KEY `subscribe_translations_locale_index` (`locale`),
  CONSTRAINT `subscribe_translations_subscribe_id_foreign` FOREIGN KEY (`subscribe_id`) REFERENCES `subscribes` (`id`) ON DELETE CASCADE
) ENGINE=InnoDB AUTO_INCREMENT=10 DEFAULT CHARSET=utf8mb4 COLLATE=utf8mb4_unicode_ci;
/*!40101 SET character_set_client = @saved_cs_client */;

--
-- Dumping data for table `subscribe_translations`
--

LOCK TABLES `subscribe_translations` WRITE;
/*!40000 ALTER TABLE `subscribe_translations` DISABLE KEYS */;
INSERT INTO `subscribe_translations` VALUES (1,3,'en','Bronze','Suggested for personal usage'),(2,4,'en','Gold','Suggested for big businesses'),(3,5,'en','Silver','Suggested for small businesses'),(4,3,'ar','','  '),(5,3,'es','Bronce','Sugerido para uso personal'),(6,4,'es','Oro','Sugerido para grandes empresas'),(7,4,'ar','','  '),(8,5,'ar','','  '),(9,5,'es','Plata','Sugerido para pequeas empresas');
/*!40000 ALTER TABLE `subscribe_translations` ENABLE KEYS */;
UNLOCK TABLES;

--
-- Table structure for table `subscribe_uses`
--

DROP TABLE IF EXISTS `subscribe_uses`;
/*!40101 SET @saved_cs_client     = @@character_set_client */;
/*!50503 SET character_set_client = utf8mb4 */;
CREATE TABLE `subscribe_uses` (
  `id` int unsigned NOT NULL AUTO_INCREMENT,
  `user_id` int unsigned NOT NULL,
  `subscribe_id` int unsigned NOT NULL,
  `webinar_id` int unsigned DEFAULT NULL,
  `bundle_id` int unsigned DEFAULT NULL,
  `sale_id` int unsigned NOT NULL,
  `installment_order_id` int unsigned DEFAULT NULL,
  PRIMARY KEY (`id`) USING BTREE,
  KEY `subscribe_uses_user_id_foreign` (`user_id`) USING BTREE,
  KEY `subscribe_uses_webinar_id_foreign` (`webinar_id`) USING BTREE,
  KEY `subscribe_uses_subscribe_id_foreign` (`subscribe_id`) USING BTREE,
  KEY `subscribe_uses_sale_id_foreign` (`sale_id`) USING BTREE,
  KEY `subscribe_uses_bundle_id_foreign` (`bundle_id`),
  KEY `subscribe_uses_installment_order_id_foreign` (`installment_order_id`),
  CONSTRAINT `subscribe_uses_bundle_id_foreign` FOREIGN KEY (`bundle_id`) REFERENCES `bundles` (`id`) ON DELETE CASCADE,
  CONSTRAINT `subscribe_uses_installment_order_id_foreign` FOREIGN KEY (`installment_order_id`) REFERENCES `installment_orders` (`id`) ON DELETE CASCADE,
  CONSTRAINT `subscribe_uses_sale_id_foreign` FOREIGN KEY (`sale_id`) REFERENCES `sales` (`id`) ON DELETE CASCADE,
  CONSTRAINT `subscribe_uses_subscribe_id_foreign` FOREIGN KEY (`subscribe_id`) REFERENCES `subscribes` (`id`) ON DELETE CASCADE,
  CONSTRAINT `subscribe_uses_user_id_foreign` FOREIGN KEY (`user_id`) REFERENCES `users` (`id`) ON DELETE CASCADE,
  CONSTRAINT `subscribe_uses_webinar_id_foreign` FOREIGN KEY (`webinar_id`) REFERENCES `webinars` (`id`) ON DELETE CASCADE
) ENGINE=InnoDB AUTO_INCREMENT=23 DEFAULT CHARSET=utf8mb4 COLLATE=utf8mb4_unicode_ci ROW_FORMAT=DYNAMIC;
/*!40101 SET character_set_client = @saved_cs_client */;

--
-- Dumping data for table `subscribe_uses`
--

LOCK TABLES `subscribe_uses` WRITE;
/*!40000 ALTER TABLE `subscribe_uses` DISABLE KEYS */;
/*!40000 ALTER TABLE `subscribe_uses` ENABLE KEYS */;
UNLOCK TABLES;

--
-- Table structure for table `subscribes`
--

DROP TABLE IF EXISTS `subscribes`;
/*!40101 SET @saved_cs_client     = @@character_set_client */;
/*!50503 SET character_set_client = utf8mb4 */;
CREATE TABLE `subscribes` (
  `id` int unsigned NOT NULL AUTO_INCREMENT,
  `usable_count` int unsigned NOT NULL,
  `days` int unsigned NOT NULL,
  `price` double(15,2) unsigned NOT NULL,
  `icon` varchar(255) CHARACTER SET utf8mb4 COLLATE utf8mb4_unicode_ci NOT NULL,
  `is_popular` tinyint(1) NOT NULL DEFAULT '0',
  `infinite_use` tinyint(1) NOT NULL DEFAULT '0',
  `created_at` int unsigned NOT NULL,
  PRIMARY KEY (`id`) USING BTREE
) ENGINE=InnoDB AUTO_INCREMENT=7 DEFAULT CHARSET=utf8mb4 COLLATE=utf8mb4_unicode_ci ROW_FORMAT=DYNAMIC;
/*!40101 SET character_set_client = @saved_cs_client */;

--
-- Dumping data for table `subscribes`
--

LOCK TABLES `subscribes` WRITE;
/*!40000 ALTER TABLE `subscribes` DISABLE KEYS */;
INSERT INTO `subscribes` VALUES (3,100,15,20.00,'/store/1/default_images/subscribe_packages/bronze.png',0,0,1730264177),(4,1000,30,100.00,'/store/1/default_images/subscribe_packages/gold.png',1,0,1635442074),(5,400,30,50.00,'/store/1/default_images/subscribe_packages/silver.png',0,0,1635442132);
/*!40000 ALTER TABLE `subscribes` ENABLE KEYS */;
UNLOCK TABLES;

--
-- Table structure for table `support_conversations`
--

DROP TABLE IF EXISTS `support_conversations`;
/*!40101 SET @saved_cs_client     = @@character_set_client */;
/*!50503 SET character_set_client = utf8mb4 */;
CREATE TABLE `support_conversations` (
  `id` int unsigned NOT NULL AUTO_INCREMENT,
  `support_id` int unsigned NOT NULL,
  `supporter_id` int unsigned DEFAULT NULL,
  `sender_id` int unsigned DEFAULT NULL,
  `attach` varchar(255) CHARACTER SET utf8mb4 COLLATE utf8mb4_unicode_ci DEFAULT NULL,
  `message` text CHARACTER SET utf8mb4 COLLATE utf8mb4_unicode_ci NOT NULL,
  `created_at` int unsigned NOT NULL,
  PRIMARY KEY (`id`) USING BTREE,
  KEY `support_conversations_support_id_foreign` (`support_id`) USING BTREE,
  KEY `support_conversations_sender_id_foreign` (`sender_id`) USING BTREE,
  KEY `support_conversations_supporter_id_foreign` (`supporter_id`) USING BTREE,
  CONSTRAINT `support_conversations_sender_id_foreign` FOREIGN KEY (`sender_id`) REFERENCES `users` (`id`) ON DELETE CASCADE,
  CONSTRAINT `support_conversations_support_id_foreign` FOREIGN KEY (`support_id`) REFERENCES `supports` (`id`) ON DELETE CASCADE
) ENGINE=InnoDB AUTO_INCREMENT=64 DEFAULT CHARSET=utf8mb4 COLLATE=utf8mb4_unicode_ci ROW_FORMAT=DYNAMIC;
/*!40101 SET character_set_client = @saved_cs_client */;

--
-- Dumping data for table `support_conversations`
--

LOCK TABLES `support_conversations` WRITE;
/*!40000 ALTER TABLE `support_conversations` DISABLE KEYS */;
INSERT INTO `support_conversations` VALUES (1,25,NULL,934,NULL,'Hello.\r\nI want to convert my video files to reduce their size. What software do you recommend?',1625891270),(6,29,NULL,867,NULL,'Hello .\r\nWhat are the rules if one of the live class sessions is delayed?\r\nIs it possible to change the date of that session?',1625895874),(7,29,NULL,867,'/store/867/60da388cbcee3.png','Hi.\r\nPlease check attachmnet',1625897110),(8,29,1,NULL,NULL,'Yes you can change the date of your class sessions at any time.',1625897202),(9,29,NULL,867,NULL,'thank you.',1625898890),(11,29,1,NULL,NULL,'you\'re welcome.',1625973471),(12,25,1,NULL,NULL,'We offer you handbrake software.',1625973573);
/*!40000 ALTER TABLE `support_conversations` ENABLE KEYS */;
UNLOCK TABLES;

--
-- Table structure for table `support_department_translations`
--

DROP TABLE IF EXISTS `support_department_translations`;
/*!40101 SET @saved_cs_client     = @@character_set_client */;
/*!50503 SET character_set_client = utf8mb4 */;
CREATE TABLE `support_department_translations` (
  `id` bigint unsigned NOT NULL AUTO_INCREMENT,
  `support_department_id` int unsigned NOT NULL,
  `locale` varchar(255) CHARACTER SET utf8mb4 COLLATE utf8mb4_unicode_ci NOT NULL,
  `title` varchar(255) CHARACTER SET utf8mb4 COLLATE utf8mb4_unicode_ci NOT NULL,
  PRIMARY KEY (`id`),
  KEY `support_department_id` (`support_department_id`),
  KEY `support_department_translations_locale_index` (`locale`),
  CONSTRAINT `support_department_id` FOREIGN KEY (`support_department_id`) REFERENCES `support_departments` (`id`) ON DELETE CASCADE
) ENGINE=InnoDB AUTO_INCREMENT=10 DEFAULT CHARSET=utf8mb4 COLLATE=utf8mb4_unicode_ci;
/*!40101 SET character_set_client = @saved_cs_client */;

--
-- Dumping data for table `support_department_translations`
--

LOCK TABLES `support_department_translations` WRITE;
/*!40000 ALTER TABLE `support_department_translations` DISABLE KEYS */;
INSERT INTO `support_department_translations` VALUES (1,2,'en','Financial'),(2,3,'en','Content'),(3,4,'en','Marketing'),(4,4,'ar',''),(5,4,'es','Mrketing'),(6,3,'es','Contenido'),(7,3,'ar',''),(8,2,'ar',' '),(9,2,'es','Financiera');
/*!40000 ALTER TABLE `support_department_translations` ENABLE KEYS */;
UNLOCK TABLES;

--
-- Table structure for table `support_departments`
--

DROP TABLE IF EXISTS `support_departments`;
/*!40101 SET @saved_cs_client     = @@character_set_client */;
/*!50503 SET character_set_client = utf8mb4 */;
CREATE TABLE `support_departments` (
  `id` int unsigned NOT NULL AUTO_INCREMENT,
  `created_at` int unsigned NOT NULL,
  PRIMARY KEY (`id`) USING BTREE
) ENGINE=InnoDB AUTO_INCREMENT=8 DEFAULT CHARSET=utf8mb4 COLLATE=utf8mb4_unicode_ci ROW_FORMAT=DYNAMIC;
/*!40101 SET character_set_client = @saved_cs_client */;

--
-- Dumping data for table `support_departments`
--

LOCK TABLES `support_departments` WRITE;
/*!40000 ALTER TABLE `support_departments` DISABLE KEYS */;
INSERT INTO `support_departments` VALUES (2,1635445554),(3,1635445486),(4,1635445505);
/*!40000 ALTER TABLE `support_departments` ENABLE KEYS */;
UNLOCK TABLES;

--
-- Table structure for table `supports`
--

DROP TABLE IF EXISTS `supports`;
/*!40101 SET @saved_cs_client     = @@character_set_client */;
/*!50503 SET character_set_client = utf8mb4 */;
CREATE TABLE `supports` (
  `id` int unsigned NOT NULL AUTO_INCREMENT,
  `user_id` int unsigned NOT NULL,
  `webinar_id` int unsigned DEFAULT NULL,
  `department_id` int unsigned DEFAULT NULL,
  `title` varchar(255) CHARACTER SET utf8mb4 COLLATE utf8mb4_unicode_ci NOT NULL,
  `status` enum('open','close','replied','supporter_replied') CHARACTER SET utf8mb4 COLLATE utf8mb4_unicode_ci NOT NULL DEFAULT 'open',
  `created_at` int unsigned DEFAULT NULL,
  `updated_at` int unsigned DEFAULT NULL,
  PRIMARY KEY (`id`) USING BTREE,
  KEY `supports_user_id_foreign` (`user_id`) USING BTREE,
  KEY `supports_webinar_id_foreign` (`webinar_id`) USING BTREE,
  KEY `supports_department_id_foreign` (`department_id`) USING BTREE,
  CONSTRAINT `supports_department_id_foreign` FOREIGN KEY (`department_id`) REFERENCES `support_departments` (`id`) ON DELETE CASCADE,
  CONSTRAINT `supports_user_id_foreign` FOREIGN KEY (`user_id`) REFERENCES `users` (`id`) ON DELETE CASCADE,
  CONSTRAINT `supports_webinar_id_foreign` FOREIGN KEY (`webinar_id`) REFERENCES `webinars` (`id`) ON DELETE CASCADE
) ENGINE=InnoDB AUTO_INCREMENT=35 DEFAULT CHARSET=utf8mb4 COLLATE=utf8mb4_unicode_ci ROW_FORMAT=DYNAMIC;
/*!40101 SET character_set_client = @saved_cs_client */;

--
-- Dumping data for table `supports`
--

LOCK TABLES `supports` WRITE;
/*!40000 ALTER TABLE `supports` DISABLE KEYS */;
INSERT INTO `supports` VALUES (25,934,NULL,3,'Convert Videos','close',1625891270,1625973596),(29,867,NULL,3,'Class delay','supporter_replied',1625895874,1625973471);
/*!40000 ALTER TABLE `supports` ENABLE KEYS */;
UNLOCK TABLES;

--
-- Table structure for table `tags`
--

DROP TABLE IF EXISTS `tags`;
/*!40101 SET @saved_cs_client     = @@character_set_client */;
/*!50503 SET character_set_client = utf8mb4 */;
CREATE TABLE `tags` (
  `id` int unsigned NOT NULL AUTO_INCREMENT,
  `title` varchar(64) CHARACTER SET utf8mb4 COLLATE utf8mb4_unicode_ci NOT NULL,
  `webinar_id` int unsigned DEFAULT NULL,
  `bundle_id` int unsigned DEFAULT NULL,
  `upcoming_course_id` int unsigned DEFAULT NULL,
  PRIMARY KEY (`id`) USING BTREE,
  KEY `tags_webinar_id_foreign` (`webinar_id`) USING BTREE,
  KEY `tags_bundle_id_foreign` (`bundle_id`),
  KEY `tags_upcoming_course_id_foreign` (`upcoming_course_id`),
  CONSTRAINT `tags_bundle_id_foreign` FOREIGN KEY (`bundle_id`) REFERENCES `bundles` (`id`) ON DELETE CASCADE,
  CONSTRAINT `tags_upcoming_course_id_foreign` FOREIGN KEY (`upcoming_course_id`) REFERENCES `upcoming_courses` (`id`) ON DELETE CASCADE,
  CONSTRAINT `tags_webinar_id_foreign` FOREIGN KEY (`webinar_id`) REFERENCES `webinars` (`id`) ON DELETE CASCADE
) ENGINE=InnoDB AUTO_INCREMENT=6746 DEFAULT CHARSET=utf8mb4 COLLATE=utf8mb4_unicode_ci ROW_FORMAT=DYNAMIC;
/*!40101 SET character_set_client = @saved_cs_client */;

--
-- Dumping data for table `tags`
--

LOCK TABLES `tags` WRITE;
/*!40000 ALTER TABLE `tags` DISABLE KEYS */;
INSERT INTO `tags` VALUES (6423,'travel',2007,NULL,NULL),(6424,'Travel Management',2007,NULL,NULL),(6425,'trip',2007,NULL,NULL),(6548,'web',2005,NULL,NULL),(6549,'design',2005,NULL,NULL),(6550,'web design',2005,NULL,NULL),(6591,'web',NULL,2,NULL),(6592,'programming',NULL,2,NULL),(6595,'energy',NULL,3,NULL),(6596,'solar energy',NULL,3,NULL),(6611,'office',NULL,1,NULL),(6612,'bundle',NULL,1,NULL),(6627,'python',NULL,NULL,3),(6634,'Web Design',NULL,NULL,5),(6678,'Drip',2010,NULL,NULL),(6679,'Assignment',2010,NULL,NULL),(6687,'Excel',1998,NULL,NULL),(6688,'microsoft excel',1998,NULL,NULL),(6689,'excel class',1998,NULL,NULL),(6693,'Guitar',2008,NULL,NULL),(6694,'Guitar Masterclass',2008,NULL,NULL),(6695,'Live Class',2009,NULL,NULL),(6696,'New Live System',2009,NULL,NULL),(6697,'Installment payment',2022,NULL,NULL),(6698,'Installment',2022,NULL,NULL),(6699,'Partial payment',2022,NULL,NULL),(6707,'fitness',2002,NULL,NULL),(6708,'Health & Fitness',2002,NULL,NULL),(6709,'Health',2002,NULL,NULL),(6739,'Registration',2027,NULL,NULL),(6740,'nigerian',1999,NULL,NULL),(6741,'law',1999,NULL,NULL),(6742,'trend',1999,NULL,NULL),(6743,'socialjustice',2031,NULL,NULL),(6744,'judical ethics professionalism',2029,NULL,NULL),(6745,'courtroom efficiency',2030,NULL,NULL);
/*!40000 ALTER TABLE `tags` ENABLE KEYS */;
UNLOCK TABLES;

--
-- Table structure for table `testimonial_translations`
--

DROP TABLE IF EXISTS `testimonial_translations`;
/*!40101 SET @saved_cs_client     = @@character_set_client */;
/*!50503 SET character_set_client = utf8mb4 */;
CREATE TABLE `testimonial_translations` (
  `id` bigint unsigned NOT NULL AUTO_INCREMENT,
  `testimonial_id` int unsigned NOT NULL,
  `locale` varchar(255) CHARACTER SET utf8mb4 COLLATE utf8mb4_unicode_ci NOT NULL,
  `user_name` varchar(255) CHARACTER SET utf8mb4 COLLATE utf8mb4_unicode_ci NOT NULL,
  `user_bio` varchar(255) CHARACTER SET utf8mb4 COLLATE utf8mb4_unicode_ci NOT NULL,
  `comment` text CHARACTER SET utf8mb4 COLLATE utf8mb4_unicode_ci NOT NULL,
  PRIMARY KEY (`id`),
  KEY `testimonial_translations_testimonial_id_foreign` (`testimonial_id`),
  KEY `testimonial_translations_locale_index` (`locale`),
  CONSTRAINT `testimonial_translations_testimonial_id_foreign` FOREIGN KEY (`testimonial_id`) REFERENCES `testimonials` (`id`) ON DELETE CASCADE
) ENGINE=InnoDB AUTO_INCREMENT=16 DEFAULT CHARSET=utf8mb4 COLLATE=utf8mb4_unicode_ci;
/*!40101 SET character_set_client = @saved_cs_client */;

--
-- Dumping data for table `testimonial_translations`
--

LOCK TABLES `testimonial_translations` WRITE;
/*!40000 ALTER TABLE `testimonial_translations` DISABLE KEYS */;
/*!40000 ALTER TABLE `testimonial_translations` ENABLE KEYS */;
UNLOCK TABLES;

--
-- Table structure for table `testimonials`
--

DROP TABLE IF EXISTS `testimonials`;
/*!40101 SET @saved_cs_client     = @@character_set_client */;
/*!50503 SET character_set_client = utf8mb4 */;
CREATE TABLE `testimonials` (
  `id` int unsigned NOT NULL AUTO_INCREMENT,
  `user_avatar` varchar(255) CHARACTER SET utf8mb4 COLLATE utf8mb4_unicode_ci NOT NULL,
  `rate` varchar(5) CHARACTER SET utf8mb4 COLLATE utf8mb4_unicode_ci NOT NULL DEFAULT '0',
  `status` enum('active','disable') CHARACTER SET utf8mb4 COLLATE utf8mb4_unicode_ci NOT NULL DEFAULT 'disable',
  `created_at` int unsigned NOT NULL,
  PRIMARY KEY (`id`) USING BTREE
) ENGINE=InnoDB AUTO_INCREMENT=7 DEFAULT CHARSET=utf8mb4 COLLATE=utf8mb4_unicode_ci ROW_FORMAT=DYNAMIC;
/*!40101 SET character_set_client = @saved_cs_client */;

--
-- Dumping data for table `testimonials`
--

LOCK TABLES `testimonials` WRITE;
/*!40000 ALTER TABLE `testimonials` DISABLE KEYS */;
/*!40000 ALTER TABLE `testimonials` ENABLE KEYS */;
UNLOCK TABLES;

--
-- Table structure for table `text_lesson_translations`
--

DROP TABLE IF EXISTS `text_lesson_translations`;
/*!40101 SET @saved_cs_client     = @@character_set_client */;
/*!50503 SET character_set_client = utf8mb4 */;
CREATE TABLE `text_lesson_translations` (
  `id` bigint unsigned NOT NULL AUTO_INCREMENT,
  `text_lesson_id` int unsigned NOT NULL,
  `locale` varchar(255) CHARACTER SET utf8mb4 COLLATE utf8mb4_unicode_ci NOT NULL,
  `title` varchar(255) CHARACTER SET utf8mb4 COLLATE utf8mb4_unicode_ci NOT NULL,
  `summary` text CHARACTER SET utf8mb4 COLLATE utf8mb4_unicode_ci NOT NULL,
  `content` longtext CHARACTER SET utf8mb4 COLLATE utf8mb4_unicode_ci NOT NULL,
  PRIMARY KEY (`id`),
  KEY `text_lesson_id` (`text_lesson_id`),
  KEY `text_lesson_translations_locale_index` (`locale`),
  CONSTRAINT `text_lesson_id` FOREIGN KEY (`text_lesson_id`) REFERENCES `text_lessons` (`id`) ON DELETE CASCADE
) ENGINE=InnoDB AUTO_INCREMENT=15 DEFAULT CHARSET=utf8mb4 COLLATE=utf8mb4_unicode_ci;
/*!40101 SET character_set_client = @saved_cs_client */;

--
-- Dumping data for table `text_lesson_translations`
--

LOCK TABLES `text_lesson_translations` WRITE;
/*!40000 ALTER TABLE `text_lesson_translations` DISABLE KEYS */;
INSERT INTO `text_lesson_translations` VALUES (1,13,'en','Hello, World!','Get started learning Python with DataCamp\'s free Intro to Python tutorial. Learn Data Science by completing interactive coding challenges and watching videos by expert instructors. Start Now!','<div>Python is a very simple language, and has a very straightforward syntax. It encourages programmers to program without boilerplate (prepared) code. The simplest directive in Python is the \"print\" directive - it simply prints out a line (and also includes a newline, unlike in C).</div><div><br></div><div>There are two major Python versions, Python 2 and Python 3. Python 2 and 3 are quite different. This tutorial uses Python 3, because it more semantically correct and supports newer features.</div><div><br></div><div>For example, one difference between Python 2 and 3 is the print statement. In Python 2, the \"print\" statement is not a function, and therefore it is invoked without parentheses. However, in Python 3, it is a function, and must be invoked with parentheses.</div>'),(2,14,'en','Learning','Before getting started, you may want to find out which IDEs and text editors are tailored to make Python editing easy, browse the list of introductory books, or look at code samples that you might find helpful.','<div>There is a list of tutorials suitable for experienced programmers on the BeginnersGuide/Tutorials page. There is also a list of resources in other languages which might be useful if English is not your first language.</div><div><br></div><div>The online documentation is your first port of call for definitive information. There is a fairly brief tutorial that gives you basic information about the language and gets you started. You can follow this by looking at the library reference for a full description of Python\'s many libraries and the language reference for a complete (though somewhat dry) explanation of Python\'s syntax. If you are looking for common Python recipes and patterns, you can browse the ActiveState Python Cookbook</div>'),(3,15,'en','Looking for Something Specific?','If you want to know whether a particular application, or a library with particular functionality, is available in Python there are a number of possible sources of information.','<p>If you want to know whether a particular application, or a library with particular functionality, is available in Python there are a number of possible sources of information. The Python web site provides a Python Package Index (also known as the Cheese Shop, a reference to the Monty Python script of that name). There is also a search page for a number of sources of Python-related information. Failing that, just Google for a phrase including the word \'\'python\'\' and you may well get the result you need. If all else fails, ask on the python newsgroup and there\'s a good chance someone will put you on the right track.</p><p>Python is an interpreted high-level general-purpose programming language. Python\'s design philosophy emphasizes code readability with its notable use of significant indentation. Its language constructs as well as its object-oriented approach aim to help programmers write clear, logical code for small and large-scale projects.[30]</p><p><br></p><p>Python is dynamically-typed and garbage-collected. It supports multiple programming paradigms, including structured (particularly, procedural), object-oriented and functional programming. Python is often described as a \"batteries included\" language due to its comprehensive standard library.[31]</p><p><br></p><p>Guido van Rossum began working on Python in the late 1980s, as a successor to the ABC programming language, and first released it in 1991 as Python 0.9.0.[32] Python 2.0 was released in 2000 and introduced new features, such as list comprehensions and a garbage collection system using reference counting. Python 3.0 was released in 2008 and was a major revision of the language that is not completely backward-compatible and much Python 2 code does not run unmodified on Python 3. Python 2 was discontinued with version 2.7.18 in 2020.[33]</p><p><br></p><p>Python consistently ranks as one of the most popular programming languages.</p>'),(14,22,'en','Case Handling','\"Case management refers to the coordinated approach of organizing, monitoring, and resolving cases efficiently to ensure fair and timely justice. Its primary goals are to reduce case backlogs, enhance cost efficiency, and make optimal use of court resources.\"\r\n\r\nJudicial Roles:\r\n\"Judges and court staff play a pivotal role in case management by prioritizing cases, setting realistic timelines, and promoting alternative dispute resolution when appropriate.\"\r\n\r\nChallenges in Case Management:\r\n\"Some common challenges include insufficient resources, procedural delays, and reluctance from stakeholders to adopt new methods. Overcoming these challenges requires strong leadership and strategic reforms.','<p>Case management refers to the coordinated approach of organizing, monitoring, and resolving cases efficiently to ensure fair and timely justice. Its primary goals are to reduce case backlogs, enhance cost efficiency, and make optimal use of court resources.</p><p>Judges and court staff play a pivotal role in case management by prioritizing cases, setting realistic timelines, and promoting alternative dispute resolution when appropriate<br>Some common challenges include insufficient resources, procedural delays, and reluctance from stakeholders to adopt new methods. Overcoming these challenges requires strong leadership and strategic reforms.</p>');
/*!40000 ALTER TABLE `text_lesson_translations` ENABLE KEYS */;
UNLOCK TABLES;

--
-- Table structure for table `text_lessons`
--

DROP TABLE IF EXISTS `text_lessons`;
/*!40101 SET @saved_cs_client     = @@character_set_client */;
/*!50503 SET character_set_client = utf8mb4 */;
CREATE TABLE `text_lessons` (
  `id` int unsigned NOT NULL AUTO_INCREMENT,
  `creator_id` int unsigned NOT NULL,
  `webinar_id` int unsigned NOT NULL,
  `chapter_id` int unsigned DEFAULT NULL,
  `image` varchar(255) CHARACTER SET utf8mb4 COLLATE utf8mb4_unicode_ci DEFAULT NULL,
  `study_time` int unsigned DEFAULT NULL,
  `accessibility` enum('free','paid') CHARACTER SET utf8mb4 COLLATE utf8mb4_unicode_ci NOT NULL DEFAULT 'free',
  `check_previous_parts` tinyint(1) NOT NULL DEFAULT '0',
  `access_after_day` int unsigned DEFAULT NULL,
  `order` int unsigned DEFAULT NULL,
  `status` enum('active','inactive') CHARACTER SET utf8mb4 COLLATE utf8mb4_unicode_ci NOT NULL DEFAULT 'active',
  `created_at` int unsigned NOT NULL,
  `updated_at` int unsigned DEFAULT NULL,
  PRIMARY KEY (`id`) USING BTREE,
  KEY `text_lessons_creator_id_foreign` (`creator_id`) USING BTREE,
  KEY `text_lessons_webinar_id_foreign` (`webinar_id`) USING BTREE,
  KEY `text_lessons_chapter_id_foreign` (`chapter_id`),
  CONSTRAINT `text_lessons_chapter_id_foreign` FOREIGN KEY (`chapter_id`) REFERENCES `webinar_chapters` (`id`) ON DELETE CASCADE,
  CONSTRAINT `text_lessons_creator_id_foreign` FOREIGN KEY (`creator_id`) REFERENCES `users` (`id`) ON DELETE CASCADE,
  CONSTRAINT `text_lessons_webinar_id_foreign` FOREIGN KEY (`webinar_id`) REFERENCES `webinars` (`id`) ON DELETE CASCADE
) ENGINE=InnoDB AUTO_INCREMENT=23 DEFAULT CHARSET=utf8mb4 COLLATE=utf8mb4_unicode_ci ROW_FORMAT=DYNAMIC;
/*!40101 SET character_set_client = @saved_cs_client */;

--
-- Dumping data for table `text_lessons`
--

LOCK TABLES `text_lessons` WRITE;
/*!40000 ALTER TABLE `text_lessons` DISABLE KEYS */;
INSERT INTO `text_lessons` VALUES (13,934,1997,26,'/store/934/hero (9).jpg',5,'free',0,NULL,1,'active',1624954655,1635417906),(14,934,1997,26,'/store/934/hero (14).jpg',10,'free',0,NULL,2,'active',1624954929,1635417914),(15,934,1997,26,'/store/934/hero (4).jpg',20,'free',0,NULL,3,'active',1624956733,1635417921),(22,929,2030,59,'/store/1075/court-hammer-books-judgment-law-concept.jpg',30,'free',0,NULL,1,'active',1734275714,NULL);
/*!40000 ALTER TABLE `text_lessons` ENABLE KEYS */;
UNLOCK TABLES;

--
-- Table structure for table `text_lessons_attachments`
--

DROP TABLE IF EXISTS `text_lessons_attachments`;
/*!40101 SET @saved_cs_client     = @@character_set_client */;
/*!50503 SET character_set_client = utf8mb4 */;
CREATE TABLE `text_lessons_attachments` (
  `id` int unsigned NOT NULL AUTO_INCREMENT,
  `text_lesson_id` int unsigned NOT NULL,
  `file_id` int unsigned NOT NULL,
  `created_at` int unsigned NOT NULL,
  PRIMARY KEY (`id`) USING BTREE,
  KEY `text_lessons_attachments_text_lesson_id_foreign` (`text_lesson_id`) USING BTREE,
  KEY `text_lessons_attachments_file_id_foreign` (`file_id`) USING BTREE,
  CONSTRAINT `text_lessons_attachments_file_id_foreign` FOREIGN KEY (`file_id`) REFERENCES `files` (`id`) ON DELETE CASCADE,
  CONSTRAINT `text_lessons_attachments_text_lesson_id_foreign` FOREIGN KEY (`text_lesson_id`) REFERENCES `text_lessons` (`id`) ON DELETE CASCADE
) ENGINE=InnoDB AUTO_INCREMENT=32 DEFAULT CHARSET=utf8mb4 COLLATE=utf8mb4_unicode_ci ROW_FORMAT=DYNAMIC;
/*!40101 SET character_set_client = @saved_cs_client */;

--
-- Dumping data for table `text_lessons_attachments`
--

LOCK TABLES `text_lessons_attachments` WRITE;
/*!40000 ALTER TABLE `text_lessons_attachments` DISABLE KEYS */;
INSERT INTO `text_lessons_attachments` VALUES (14,13,35,1635417906);
/*!40000 ALTER TABLE `text_lessons_attachments` ENABLE KEYS */;
UNLOCK TABLES;

--
-- Table structure for table `ticket_translations`
--

DROP TABLE IF EXISTS `ticket_translations`;
/*!40101 SET @saved_cs_client     = @@character_set_client */;
/*!50503 SET character_set_client = utf8mb4 */;
CREATE TABLE `ticket_translations` (
  `id` bigint unsigned NOT NULL AUTO_INCREMENT,
  `ticket_id` int unsigned NOT NULL,
  `locale` varchar(255) CHARACTER SET utf8mb4 COLLATE utf8mb4_unicode_ci NOT NULL,
  `title` varchar(255) CHARACTER SET utf8mb4 COLLATE utf8mb4_unicode_ci NOT NULL,
  PRIMARY KEY (`id`),
  KEY `ticket_translations_ticket_id_foreign` (`ticket_id`),
  KEY `ticket_translations_locale_index` (`locale`),
  CONSTRAINT `ticket_translations_ticket_id_foreign` FOREIGN KEY (`ticket_id`) REFERENCES `tickets` (`id`) ON DELETE CASCADE
) ENGINE=InnoDB AUTO_INCREMENT=29 DEFAULT CHARSET=utf8mb4 COLLATE=utf8mb4_unicode_ci;
/*!40101 SET character_set_client = @saved_cs_client */;

--
-- Dumping data for table `ticket_translations`
--

LOCK TABLES `ticket_translations` WRITE;
/*!40000 ALTER TABLE `ticket_translations` DISABLE KEYS */;
INSERT INTO `ticket_translations` VALUES (1,28,'en','Golden Offer'),(2,29,'en','Silver Offer'),(3,30,'en','First Students Offer'),(27,40,'en','Product and Services Design for SME\'s'),(28,41,'en','Business Registration ad Regulation Matters');
/*!40000 ALTER TABLE `ticket_translations` ENABLE KEYS */;
UNLOCK TABLES;

--
-- Table structure for table `ticket_users`
--

DROP TABLE IF EXISTS `ticket_users`;
/*!40101 SET @saved_cs_client     = @@character_set_client */;
/*!50503 SET character_set_client = utf8mb4 */;
CREATE TABLE `ticket_users` (
  `id` int unsigned NOT NULL AUTO_INCREMENT,
  `ticket_id` int unsigned NOT NULL,
  `user_id` int unsigned NOT NULL,
  `created_at` int unsigned NOT NULL,
  PRIMARY KEY (`id`) USING BTREE,
  KEY `ticket_users_ticket_id_foreign` (`ticket_id`) USING BTREE,
  KEY `ticket_users_user_id_foreign` (`user_id`) USING BTREE,
  CONSTRAINT `ticket_users_ticket_id_foreign` FOREIGN KEY (`ticket_id`) REFERENCES `tickets` (`id`) ON DELETE CASCADE,
  CONSTRAINT `ticket_users_user_id_foreign` FOREIGN KEY (`user_id`) REFERENCES `users` (`id`) ON DELETE CASCADE
) ENGINE=InnoDB AUTO_INCREMENT=11 DEFAULT CHARSET=utf8mb4 COLLATE=utf8mb4_unicode_ci ROW_FORMAT=DYNAMIC;
/*!40101 SET character_set_client = @saved_cs_client */;

--
-- Dumping data for table `ticket_users`
--

LOCK TABLES `ticket_users` WRITE;
/*!40000 ALTER TABLE `ticket_users` DISABLE KEYS */;
/*!40000 ALTER TABLE `ticket_users` ENABLE KEYS */;
UNLOCK TABLES;

--
-- Table structure for table `tickets`
--

DROP TABLE IF EXISTS `tickets`;
/*!40101 SET @saved_cs_client     = @@character_set_client */;
/*!50503 SET character_set_client = utf8mb4 */;
CREATE TABLE `tickets` (
  `id` int unsigned NOT NULL AUTO_INCREMENT,
  `creator_id` int unsigned NOT NULL,
  `webinar_id` int unsigned DEFAULT NULL,
  `bundle_id` int unsigned DEFAULT NULL,
  `start_date` int unsigned DEFAULT NULL,
  `end_date` int unsigned DEFAULT NULL,
  `discount` int NOT NULL,
  `capacity` int DEFAULT NULL,
  `order` int unsigned DEFAULT NULL,
  `created_at` int NOT NULL,
  `updated_at` int DEFAULT NULL,
  `deleted_at` int DEFAULT NULL,
  PRIMARY KEY (`id`) USING BTREE,
  KEY `tickets_webinar_id_foreign` (`webinar_id`) USING BTREE,
  KEY `tickets_creator_id_foreign` (`creator_id`) USING BTREE,
  KEY `tickets_bundle_id_foreign` (`bundle_id`),
  CONSTRAINT `tickets_bundle_id_foreign` FOREIGN KEY (`bundle_id`) REFERENCES `bundles` (`id`) ON DELETE CASCADE,
  CONSTRAINT `tickets_creator_id_foreign` FOREIGN KEY (`creator_id`) REFERENCES `users` (`id`) ON DELETE CASCADE,
  CONSTRAINT `tickets_webinar_id_foreign` FOREIGN KEY (`webinar_id`) REFERENCES `webinars` (`id`) ON DELETE CASCADE
) ENGINE=InnoDB AUTO_INCREMENT=42 DEFAULT CHARSET=utf8mb4 COLLATE=utf8mb4_unicode_ci ROW_FORMAT=DYNAMIC;
/*!40101 SET character_set_client = @saved_cs_client */;

--
-- Dumping data for table `tickets`
--

LOCK TABLES `tickets` WRITE;
/*!40000 ALTER TABLE `tickets` DISABLE KEYS */;
INSERT INTO `tickets` VALUES (28,1015,1998,NULL,1702616400,1734238800,50,10,NULL,1624965807,1709538929,NULL),(29,1015,1998,NULL,1734238800,1797310800,20,20,NULL,1624965932,1709538910,NULL),(30,1076,1999,NULL,1622489400,1623267000,20,100,NULL,1625038262,NULL,NULL),(40,1015,2024,NULL,1730156400,1730674800,10,NULL,NULL,1730214860,1730276679,NULL),(41,1015,2027,NULL,1730415600,1730415600,50,NULL,NULL,1730459837,NULL,NULL);
/*!40000 ALTER TABLE `tickets` ENABLE KEYS */;
UNLOCK TABLES;

--
-- Table structure for table `trend_categories`
--

DROP TABLE IF EXISTS `trend_categories`;
/*!40101 SET @saved_cs_client     = @@character_set_client */;
/*!50503 SET character_set_client = utf8mb4 */;
CREATE TABLE `trend_categories` (
  `id` int unsigned NOT NULL AUTO_INCREMENT,
  `category_id` int unsigned NOT NULL,
  `icon` varchar(255) CHARACTER SET utf8mb4 COLLATE utf8mb4_unicode_ci NOT NULL,
  `color` varchar(32) CHARACTER SET utf8mb4 COLLATE utf8mb4_unicode_ci NOT NULL,
  `created_at` int unsigned NOT NULL,
  PRIMARY KEY (`id`) USING BTREE,
  KEY `trend_categories_category_id_index` (`category_id`) USING BTREE,
  CONSTRAINT `trend_categories_category_id_foreign` FOREIGN KEY (`category_id`) REFERENCES `categories` (`id`) ON DELETE CASCADE
) ENGINE=InnoDB AUTO_INCREMENT=10 DEFAULT CHARSET=utf8mb4 COLLATE=utf8mb4_unicode_ci ROW_FORMAT=DYNAMIC;
/*!40101 SET character_set_client = @saved_cs_client */;

--
-- Dumping data for table `trend_categories`
--

LOCK TABLES `trend_categories` WRITE;
/*!40000 ALTER TABLE `trend_categories` DISABLE KEYS */;
INSERT INTO `trend_categories` VALUES (1,609,'/store/1/default_images/trend_categories_icons/briefcase.png','#7367f0',1605117336),(2,611,'/store/1/default_images/trend_categories_icons/bulb.png','#ad82e0',1605117336),(3,604,'/store/1/default_images/trend_categories_icons/family.png','#ff7c59',1605117336),(4,523,'/store/1/default_images/trend_categories_icons/muscle.png','#28c76f',1605117336),(5,602,'/store/1/default_images/trend_categories_icons/connection.png','#ea5455',1605117336),(6,520,'/store/1/default_images/trend_categories_icons/palette.png','#45c0f9',1605117336);
/*!40000 ALTER TABLE `trend_categories` ENABLE KEYS */;
UNLOCK TABLES;

--
-- Table structure for table `upcoming_course_filter_option`
--

DROP TABLE IF EXISTS `upcoming_course_filter_option`;
/*!40101 SET @saved_cs_client     = @@character_set_client */;
/*!50503 SET character_set_client = utf8mb4 */;
CREATE TABLE `upcoming_course_filter_option` (
  `id` int unsigned NOT NULL AUTO_INCREMENT,
  `upcoming_course_id` int unsigned NOT NULL,
  `filter_option_id` int unsigned NOT NULL,
  PRIMARY KEY (`id`),
  KEY `upcoming_course_filter_option_upcoming_course_id_foreign` (`upcoming_course_id`),
  KEY `upcoming_course_filter_option_filter_option_id_foreign` (`filter_option_id`),
  CONSTRAINT `upcoming_course_filter_option_filter_option_id_foreign` FOREIGN KEY (`filter_option_id`) REFERENCES `filter_options` (`id`) ON DELETE CASCADE,
  CONSTRAINT `upcoming_course_filter_option_upcoming_course_id_foreign` FOREIGN KEY (`upcoming_course_id`) REFERENCES `upcoming_courses` (`id`) ON DELETE CASCADE
) ENGINE=InnoDB AUTO_INCREMENT=56 DEFAULT CHARSET=utf8mb4 COLLATE=utf8mb4_unicode_ci;
/*!40101 SET character_set_client = @saved_cs_client */;

--
-- Dumping data for table `upcoming_course_filter_option`
--

LOCK TABLES `upcoming_course_filter_option` WRITE;
/*!40000 ALTER TABLE `upcoming_course_filter_option` DISABLE KEYS */;
INSERT INTO `upcoming_course_filter_option` VALUES (42,3,9147),(43,3,9216),(52,5,9114);
/*!40000 ALTER TABLE `upcoming_course_filter_option` ENABLE KEYS */;
UNLOCK TABLES;

--
-- Table structure for table `upcoming_course_followers`
--

DROP TABLE IF EXISTS `upcoming_course_followers`;
/*!40101 SET @saved_cs_client     = @@character_set_client */;
/*!50503 SET character_set_client = utf8mb4 */;
CREATE TABLE `upcoming_course_followers` (
  `id` int unsigned NOT NULL AUTO_INCREMENT,
  `upcoming_course_id` int unsigned NOT NULL,
  `user_id` int unsigned NOT NULL,
  `created_at` bigint unsigned NOT NULL,
  PRIMARY KEY (`id`),
  KEY `upcoming_course_followers_upcoming_course_id_foreign` (`upcoming_course_id`),
  KEY `upcoming_course_followers_user_id_foreign` (`user_id`),
  CONSTRAINT `upcoming_course_followers_upcoming_course_id_foreign` FOREIGN KEY (`upcoming_course_id`) REFERENCES `upcoming_courses` (`id`) ON DELETE CASCADE,
  CONSTRAINT `upcoming_course_followers_user_id_foreign` FOREIGN KEY (`user_id`) REFERENCES `users` (`id`) ON DELETE CASCADE
) ENGINE=InnoDB AUTO_INCREMENT=19 DEFAULT CHARSET=utf8mb4 COLLATE=utf8mb4_unicode_ci;
/*!40101 SET character_set_client = @saved_cs_client */;

--
-- Dumping data for table `upcoming_course_followers`
--

LOCK TABLES `upcoming_course_followers` WRITE;
/*!40000 ALTER TABLE `upcoming_course_followers` DISABLE KEYS */;
INSERT INTO `upcoming_course_followers` VALUES (8,3,1015,1677569743);
/*!40000 ALTER TABLE `upcoming_course_followers` ENABLE KEYS */;
UNLOCK TABLES;

--
-- Table structure for table `upcoming_course_reports`
--

DROP TABLE IF EXISTS `upcoming_course_reports`;
/*!40101 SET @saved_cs_client     = @@character_set_client */;
/*!50503 SET character_set_client = utf8mb4 */;
CREATE TABLE `upcoming_course_reports` (
  `id` int unsigned NOT NULL AUTO_INCREMENT,
  `upcoming_course_id` int unsigned NOT NULL,
  `user_id` int unsigned NOT NULL,
  `reason` varchar(255) CHARACTER SET utf8mb4 COLLATE utf8mb4_unicode_ci NOT NULL,
  `message` text CHARACTER SET utf8mb4 COLLATE utf8mb4_unicode_ci NOT NULL,
  `created_at` bigint unsigned NOT NULL,
  PRIMARY KEY (`id`),
  KEY `upcoming_course_reports_upcoming_course_id_foreign` (`upcoming_course_id`),
  KEY `upcoming_course_reports_user_id_foreign` (`user_id`),
  CONSTRAINT `upcoming_course_reports_upcoming_course_id_foreign` FOREIGN KEY (`upcoming_course_id`) REFERENCES `upcoming_courses` (`id`) ON DELETE CASCADE,
  CONSTRAINT `upcoming_course_reports_user_id_foreign` FOREIGN KEY (`user_id`) REFERENCES `users` (`id`) ON DELETE CASCADE
) ENGINE=InnoDB AUTO_INCREMENT=2 DEFAULT CHARSET=utf8mb4 COLLATE=utf8mb4_unicode_ci;
/*!40101 SET character_set_client = @saved_cs_client */;

--
-- Dumping data for table `upcoming_course_reports`
--

LOCK TABLES `upcoming_course_reports` WRITE;
/*!40000 ALTER TABLE `upcoming_course_reports` DISABLE KEYS */;
/*!40000 ALTER TABLE `upcoming_course_reports` ENABLE KEYS */;
UNLOCK TABLES;

--
-- Table structure for table `upcoming_course_translations`
--

DROP TABLE IF EXISTS `upcoming_course_translations`;
/*!40101 SET @saved_cs_client     = @@character_set_client */;
/*!50503 SET character_set_client = utf8mb4 */;
CREATE TABLE `upcoming_course_translations` (
  `id` bigint unsigned NOT NULL AUTO_INCREMENT,
  `upcoming_course_id` int unsigned NOT NULL,
  `locale` varchar(255) CHARACTER SET utf8mb4 COLLATE utf8mb4_unicode_ci NOT NULL,
  `title` varchar(255) CHARACTER SET utf8mb4 COLLATE utf8mb4_unicode_ci NOT NULL,
  `seo_description` text CHARACTER SET utf8mb4 COLLATE utf8mb4_unicode_ci,
  `description` longtext CHARACTER SET utf8mb4 COLLATE utf8mb4_unicode_ci,
  PRIMARY KEY (`id`),
  KEY `upcoming_course_translations_upcoming_course_id_foreign` (`upcoming_course_id`),
  KEY `upcoming_course_translations_locale_index` (`locale`),
  CONSTRAINT `upcoming_course_translations_upcoming_course_id_foreign` FOREIGN KEY (`upcoming_course_id`) REFERENCES `upcoming_courses` (`id`) ON DELETE CASCADE
) ENGINE=InnoDB AUTO_INCREMENT=7 DEFAULT CHARSET=utf8mb4 COLLATE=utf8mb4_unicode_ci;
/*!40101 SET character_set_client = @saved_cs_client */;

--
-- Dumping data for table `upcoming_course_translations`
--

LOCK TABLES `upcoming_course_translations` WRITE;
/*!40000 ALTER TABLE `upcoming_course_translations` DISABLE KEYS */;
INSERT INTO `upcoming_course_translations` VALUES (3,3,'en','Python for Beginners','This course is meant for absolute beginners in programming or in python','<p>This python for beginners course is geared to students who want to know how python works and also to those totally new to programming.</p><p><br></p><p>The python language has very simple syntax(way to write it) to learn and it is one of the most powerful languages to learn since it can be used for a variety of things.</p><p><br></p><p>Jobs in this field are really lucrative and knowing this language will give you an edge when finding a job and making a lot more money than other developers; python developers are not as many as in other languages since people think is hard. Python is super easy to learn but very powerful since it contains many possibilities.</p><p><br></p><p>Python is growing faster and faster every day and it has surpassed many other languages over the years for a lot of reasons, which you will find out soon enough.</p>'),(5,5,'en','Web Design for Beginners','Launch a career as a web designer by learning HTML5, CSS3, responsive design, Sass and more!','<p>You can launch a new career in web development today by learning HTML & CSS. You don\'t need a computer science degree or expensive software. All you need is a computer, a bit of time, a lot of determination, and a teacher you trust. I\'ve taught HTML and CSS to countless coworkers and held training sessions for fortune 100 companies. I am that teacher you can trust.</p><p><br></p><p>Don\'t limit yourself by creating websites with some cheesy site-builder\" tool. This course teaches you how to take 100% control over your webpages by using the same concepts that every professional website is created with.</p><p><br></p><p>This course does not assume any prior experience. We start at square one and learn together bit by bit. By the end of the course you will have created (by hand) a website that looks great on phones, tablets, laptops, and desktops alike.</p><p><br></p><p>In the summer of 2020 the course has received a new section where we push our website live up onto the web using the free GitHub Pages service; this means you\'ll be able to share a link to what you\'ve created with your friends, family, colleagues and the world!</p>');
/*!40000 ALTER TABLE `upcoming_course_translations` ENABLE KEYS */;
UNLOCK TABLES;

--
-- Table structure for table `upcoming_courses`
--

DROP TABLE IF EXISTS `upcoming_courses`;
/*!40101 SET @saved_cs_client     = @@character_set_client */;
/*!50503 SET character_set_client = utf8mb4 */;
CREATE TABLE `upcoming_courses` (
  `id` int unsigned NOT NULL AUTO_INCREMENT,
  `creator_id` int unsigned NOT NULL,
  `teacher_id` int unsigned NOT NULL,
  `category_id` int unsigned DEFAULT NULL,
  `webinar_id` int unsigned DEFAULT NULL COMMENT 'when assigned a course',
  `type` enum('webinar','course','text_lesson') CHARACTER SET utf8mb4 COLLATE utf8mb4_unicode_ci NOT NULL,
  `slug` varchar(255) CHARACTER SET utf8mb4 COLLATE utf8mb4_unicode_ci NOT NULL,
  `thumbnail` varchar(255) CHARACTER SET utf8mb4 COLLATE utf8mb4_unicode_ci NOT NULL,
  `image_cover` varchar(255) CHARACTER SET utf8mb4 COLLATE utf8mb4_unicode_ci NOT NULL,
  `video_demo` varchar(255) CHARACTER SET utf8mb4 COLLATE utf8mb4_unicode_ci DEFAULT NULL,
  `video_demo_source` enum('upload','youtube','vimeo','external_link','secure_host') CHARACTER SET utf8mb4 COLLATE utf8mb4_unicode_ci DEFAULT NULL,
  `publish_date` bigint unsigned DEFAULT NULL,
  `timezone` varchar(255) CHARACTER SET utf8mb4 COLLATE utf8mb4_general_ci DEFAULT NULL,
  `points` int unsigned DEFAULT NULL,
  `capacity` int unsigned DEFAULT NULL,
  `price` double(15,2) DEFAULT NULL,
  `duration` int unsigned DEFAULT NULL,
  `sections` int unsigned DEFAULT NULL,
  `parts` int unsigned DEFAULT NULL,
  `course_progress` int unsigned DEFAULT NULL,
  `support` tinyint(1) NOT NULL DEFAULT '0',
  `certificate` tinyint(1) NOT NULL DEFAULT '0',
  `include_quizzes` tinyint(1) NOT NULL DEFAULT '0',
  `downloadable` tinyint(1) NOT NULL DEFAULT '0',
  `forum` tinyint(1) NOT NULL DEFAULT '0',
  `message_for_reviewer` text CHARACTER SET utf8mb4 COLLATE utf8mb4_unicode_ci,
  `status` enum('active','pending','is_draft','inactive') CHARACTER SET utf8mb4 COLLATE utf8mb4_unicode_ci NOT NULL DEFAULT 'is_draft',
  `created_at` bigint unsigned NOT NULL,
  PRIMARY KEY (`id`),
  UNIQUE KEY `upcoming_courses_slug_unique` (`slug`),
  KEY `upcoming_courses_creator_id_foreign` (`creator_id`),
  KEY `upcoming_courses_teacher_id_foreign` (`teacher_id`),
  KEY `upcoming_courses_category_id_foreign` (`category_id`),
  KEY `upcoming_courses_webinar_id_foreign` (`webinar_id`),
  CONSTRAINT `upcoming_courses_category_id_foreign` FOREIGN KEY (`category_id`) REFERENCES `categories` (`id`) ON DELETE CASCADE,
  CONSTRAINT `upcoming_courses_creator_id_foreign` FOREIGN KEY (`creator_id`) REFERENCES `users` (`id`) ON DELETE CASCADE,
  CONSTRAINT `upcoming_courses_teacher_id_foreign` FOREIGN KEY (`teacher_id`) REFERENCES `users` (`id`) ON DELETE CASCADE,
  CONSTRAINT `upcoming_courses_webinar_id_foreign` FOREIGN KEY (`webinar_id`) REFERENCES `webinars` (`id`) ON DELETE SET NULL
) ENGINE=InnoDB AUTO_INCREMENT=7 DEFAULT CHARSET=utf8mb4 COLLATE=utf8mb4_unicode_ci;
/*!40101 SET character_set_client = @saved_cs_client */;

--
-- Dumping data for table `upcoming_courses`
--

LOCK TABLES `upcoming_courses` WRITE;
/*!40000 ALTER TABLE `upcoming_courses` DISABLE KEYS */;
INSERT INTO `upcoming_courses` VALUES (3,1015,1015,606,NULL,'webinar','Python-for-Beginners','/store/1015/Python for Beginners.jpg','/store/1015/The Professional Guitar Masterclass_c.jpg','/store/1015/Learn Linux In 5 Days.mp4','upload',1708009200,'America/New_York',20,50,100.00,60,5,80,30,1,1,1,0,1,'Thank you','active',1677566920),(5,934,934,520,2005,'course','Web-Design-for-Beginners','/store/934/Web Design for Beginners.jpg','/store/934/A-Z Web Programming_c.jpg','https://youtu.be/j1pa36PK14E','youtube',1678852800,'America/New_York',NULL,NULL,10.00,210,6,85,100,1,1,1,1,1,'Thank you','active',1678877796);
/*!40000 ALTER TABLE `upcoming_courses` ENABLE KEYS */;
UNLOCK TABLES;

--
-- Table structure for table `user_bank_specification_translations`
--

DROP TABLE IF EXISTS `user_bank_specification_translations`;
/*!40101 SET @saved_cs_client     = @@character_set_client */;
/*!50503 SET character_set_client = utf8mb4 */;
CREATE TABLE `user_bank_specification_translations` (
  `id` int unsigned NOT NULL AUTO_INCREMENT,
  `user_bank_specification_id` int unsigned NOT NULL,
  `locale` varchar(255) CHARACTER SET utf8mb4 COLLATE utf8mb4_unicode_ci NOT NULL,
  `name` varchar(255) CHARACTER SET utf8mb4 COLLATE utf8mb4_unicode_ci NOT NULL,
  PRIMARY KEY (`id`),
  KEY `user_bank_specification_id` (`user_bank_specification_id`),
  KEY `user_bank_specification_translations_locale_index` (`locale`),
  CONSTRAINT `user_bank_specification_id` FOREIGN KEY (`user_bank_specification_id`) REFERENCES `user_bank_specifications` (`id`) ON DELETE CASCADE
) ENGINE=InnoDB AUTO_INCREMENT=19 DEFAULT CHARSET=utf8mb4 COLLATE=utf8mb4_unicode_ci;
/*!40101 SET character_set_client = @saved_cs_client */;

--
-- Dumping data for table `user_bank_specification_translations`
--

LOCK TABLES `user_bank_specification_translations` WRITE;
/*!40000 ALTER TABLE `user_bank_specification_translations` DISABLE KEYS */;
INSERT INTO `user_bank_specification_translations` VALUES (15,10,'en','Account Holder'),(16,11,'en','Email'),(17,12,'en','Account Holder'),(18,13,'en','Account ID');
/*!40000 ALTER TABLE `user_bank_specification_translations` ENABLE KEYS */;
UNLOCK TABLES;

--
-- Table structure for table `user_bank_specifications`
--

DROP TABLE IF EXISTS `user_bank_specifications`;
/*!40101 SET @saved_cs_client     = @@character_set_client */;
/*!50503 SET character_set_client = utf8mb4 */;
CREATE TABLE `user_bank_specifications` (
  `id` int unsigned NOT NULL AUTO_INCREMENT,
  `user_bank_id` int unsigned NOT NULL,
  PRIMARY KEY (`id`),
  KEY `user_bank_specifications_user_bank_id_foreign` (`user_bank_id`),
  CONSTRAINT `user_bank_specifications_user_bank_id_foreign` FOREIGN KEY (`user_bank_id`) REFERENCES `user_banks` (`id`) ON DELETE CASCADE
) ENGINE=InnoDB AUTO_INCREMENT=14 DEFAULT CHARSET=utf8mb4 COLLATE=utf8mb4_unicode_ci;
/*!40101 SET character_set_client = @saved_cs_client */;

--
-- Dumping data for table `user_bank_specifications`
--

LOCK TABLES `user_bank_specifications` WRITE;
/*!40000 ALTER TABLE `user_bank_specifications` DISABLE KEYS */;
INSERT INTO `user_bank_specifications` VALUES (10,4),(11,4),(12,5),(13,5);
/*!40000 ALTER TABLE `user_bank_specifications` ENABLE KEYS */;
UNLOCK TABLES;

--
-- Table structure for table `user_bank_translations`
--

DROP TABLE IF EXISTS `user_bank_translations`;
/*!40101 SET @saved_cs_client     = @@character_set_client */;
/*!50503 SET character_set_client = utf8mb4 */;
CREATE TABLE `user_bank_translations` (
  `id` int unsigned NOT NULL AUTO_INCREMENT,
  `user_bank_id` int unsigned NOT NULL,
  `locale` varchar(255) CHARACTER SET utf8mb4 COLLATE utf8mb4_unicode_ci NOT NULL,
  `title` varchar(255) CHARACTER SET utf8mb4 COLLATE utf8mb4_unicode_ci NOT NULL,
  PRIMARY KEY (`id`),
  KEY `user_bank_translations_user_bank_id_foreign` (`user_bank_id`),
  KEY `user_bank_translations_locale_index` (`locale`),
  CONSTRAINT `user_bank_translations_user_bank_id_foreign` FOREIGN KEY (`user_bank_id`) REFERENCES `user_banks` (`id`) ON DELETE CASCADE
) ENGINE=InnoDB AUTO_INCREMENT=8 DEFAULT CHARSET=utf8mb4 COLLATE=utf8mb4_unicode_ci;
/*!40101 SET character_set_client = @saved_cs_client */;

--
-- Dumping data for table `user_bank_translations`
--

LOCK TABLES `user_bank_translations` WRITE;
/*!40000 ALTER TABLE `user_bank_translations` DISABLE KEYS */;
INSERT INTO `user_bank_translations` VALUES (6,4,'en','Paypal'),(7,5,'en','Stripe');
/*!40000 ALTER TABLE `user_bank_translations` ENABLE KEYS */;
UNLOCK TABLES;

--
-- Table structure for table `user_banks`
--

DROP TABLE IF EXISTS `user_banks`;
/*!40101 SET @saved_cs_client     = @@character_set_client */;
/*!50503 SET character_set_client = utf8mb4 */;
CREATE TABLE `user_banks` (
  `id` int unsigned NOT NULL AUTO_INCREMENT,
  `logo` varchar(255) CHARACTER SET utf8mb4 COLLATE utf8mb4_unicode_ci NOT NULL,
  `created_at` bigint unsigned NOT NULL,
  PRIMARY KEY (`id`)
) ENGINE=InnoDB AUTO_INCREMENT=6 DEFAULT CHARSET=utf8mb4 COLLATE=utf8mb4_unicode_ci;
/*!40101 SET character_set_client = @saved_cs_client */;

--
-- Dumping data for table `user_banks`
--

LOCK TABLES `user_banks` WRITE;
/*!40000 ALTER TABLE `user_banks` DISABLE KEYS */;
INSERT INTO `user_banks` VALUES (4,'/store/1/default_images/payment gateways/paypal.png',1678874235),(5,'/store/1/default_images/payment gateways/stripe.png',1679090196);
/*!40000 ALTER TABLE `user_banks` ENABLE KEYS */;
UNLOCK TABLES;

--
-- Table structure for table `user_commissions`
--

DROP TABLE IF EXISTS `user_commissions`;
/*!40101 SET @saved_cs_client     = @@character_set_client */;
/*!50503 SET character_set_client = utf8mb4 */;
CREATE TABLE `user_commissions` (
  `id` int unsigned NOT NULL AUTO_INCREMENT,
  `user_id` int unsigned DEFAULT NULL,
  `user_group_id` int unsigned DEFAULT NULL,
  `source` enum('courses','bundles','virtual_products','physical_products','meetings') CHARACTER SET utf8mb4 COLLATE utf8mb4_general_ci NOT NULL,
  `type` enum('percent','fixed_amount') CHARACTER SET utf8mb4 COLLATE utf8mb4_general_ci NOT NULL,
  `value` double(15,2) DEFAULT NULL,
  PRIMARY KEY (`id`),
  KEY `user_commissions_user_id_foreign` (`user_id`),
  KEY `user_commissions_user_group_id_foreign` (`user_group_id`),
  CONSTRAINT `user_commissions_user_group_id_foreign` FOREIGN KEY (`user_group_id`) REFERENCES `groups` (`id`) ON DELETE CASCADE,
  CONSTRAINT `user_commissions_user_id_foreign` FOREIGN KEY (`user_id`) REFERENCES `users` (`id`) ON DELETE CASCADE
) ENGINE=InnoDB DEFAULT CHARSET=utf8mb4 COLLATE=utf8mb4_general_ci;
/*!40101 SET character_set_client = @saved_cs_client */;

--
-- Dumping data for table `user_commissions`
--

LOCK TABLES `user_commissions` WRITE;
/*!40000 ALTER TABLE `user_commissions` DISABLE KEYS */;
/*!40000 ALTER TABLE `user_commissions` ENABLE KEYS */;
UNLOCK TABLES;

--
-- Table structure for table `user_firebase_sessions`
--

DROP TABLE IF EXISTS `user_firebase_sessions`;
/*!40101 SET @saved_cs_client     = @@character_set_client */;
/*!50503 SET character_set_client = utf8mb4 */;
CREATE TABLE `user_firebase_sessions` (
  `id` bigint unsigned NOT NULL AUTO_INCREMENT,
  `user_id` int unsigned NOT NULL,
  `token` text CHARACTER SET utf8mb4 COLLATE utf8mb4_general_ci NOT NULL,
  `fcm_token` text CHARACTER SET utf8mb4 COLLATE utf8mb4_general_ci,
  `ip` varchar(255) CHARACTER SET utf8mb4 COLLATE utf8mb4_general_ci NOT NULL,
  `created_at` timestamp NULL DEFAULT NULL,
  `updated_at` timestamp NULL DEFAULT NULL,
  PRIMARY KEY (`id`),
  KEY `user_firebase_sessions_user_id_foreign` (`user_id`),
  CONSTRAINT `user_firebase_sessions_user_id_foreign` FOREIGN KEY (`user_id`) REFERENCES `users` (`id`) ON DELETE CASCADE
) ENGINE=InnoDB DEFAULT CHARSET=utf8mb4 COLLATE=utf8mb4_general_ci;
/*!40101 SET character_set_client = @saved_cs_client */;

--
-- Dumping data for table `user_firebase_sessions`
--

LOCK TABLES `user_firebase_sessions` WRITE;
/*!40000 ALTER TABLE `user_firebase_sessions` DISABLE KEYS */;
/*!40000 ALTER TABLE `user_firebase_sessions` ENABLE KEYS */;
UNLOCK TABLES;

--
-- Table structure for table `user_form_fields`
--

DROP TABLE IF EXISTS `user_form_fields`;
/*!40101 SET @saved_cs_client     = @@character_set_client */;
/*!50503 SET character_set_client = utf8mb4 */;
CREATE TABLE `user_form_fields` (
  `id` int unsigned NOT NULL AUTO_INCREMENT,
  `user_id` int unsigned DEFAULT NULL,
  `become_instructor_id` int unsigned DEFAULT NULL,
  `form_field_id` int unsigned NOT NULL,
  `value` text CHARACTER SET utf8mb4 COLLATE utf8mb4_unicode_ci,
  `created_at` bigint unsigned NOT NULL,
  PRIMARY KEY (`id`),
  KEY `user_form_fields_user_id_foreign` (`user_id`),
  KEY `user_form_fields_become_instructor_id_foreign` (`become_instructor_id`),
  KEY `user_form_fields_form_field_id_foreign` (`form_field_id`),
  CONSTRAINT `user_form_fields_become_instructor_id_foreign` FOREIGN KEY (`become_instructor_id`) REFERENCES `become_instructors` (`id`) ON DELETE CASCADE,
  CONSTRAINT `user_form_fields_form_field_id_foreign` FOREIGN KEY (`form_field_id`) REFERENCES `form_fields` (`id`) ON DELETE CASCADE,
  CONSTRAINT `user_form_fields_user_id_foreign` FOREIGN KEY (`user_id`) REFERENCES `users` (`id`) ON DELETE CASCADE
) ENGINE=InnoDB AUTO_INCREMENT=4 DEFAULT CHARSET=utf8mb4 COLLATE=utf8mb4_unicode_ci;
/*!40101 SET character_set_client = @saved_cs_client */;

--
-- Dumping data for table `user_form_fields`
--

LOCK TABLES `user_form_fields` WRITE;
/*!40000 ALTER TABLE `user_form_fields` DISABLE KEYS */;
INSERT INTO `user_form_fields` VALUES (1,1118,NULL,13,'Israel',1737709997),(2,1118,NULL,14,'2025-01-16 00:00',1737709997),(3,1118,NULL,15,'11',1737709997);
/*!40000 ALTER TABLE `user_form_fields` ENABLE KEYS */;
UNLOCK TABLES;

--
-- Table structure for table `user_login_histories`
--

DROP TABLE IF EXISTS `user_login_histories`;
/*!40101 SET @saved_cs_client     = @@character_set_client */;
/*!50503 SET character_set_client = utf8mb4 */;
CREATE TABLE `user_login_histories` (
  `id` int unsigned NOT NULL AUTO_INCREMENT,
  `user_id` int unsigned NOT NULL,
  `browser` varchar(255) CHARACTER SET utf8mb4 COLLATE utf8mb4_general_ci DEFAULT NULL,
  `device` varchar(255) CHARACTER SET utf8mb4 COLLATE utf8mb4_general_ci DEFAULT NULL,
  `os` varchar(255) CHARACTER SET utf8mb4 COLLATE utf8mb4_general_ci DEFAULT NULL,
  `ip` varchar(255) CHARACTER SET utf8mb4 COLLATE utf8mb4_general_ci DEFAULT NULL,
  `country` varchar(255) CHARACTER SET utf8mb4 COLLATE utf8mb4_general_ci DEFAULT NULL,
  `city` varchar(255) CHARACTER SET utf8mb4 COLLATE utf8mb4_general_ci DEFAULT NULL,
  `location` point DEFAULT NULL,
  `session_id` text CHARACTER SET utf8mb4 COLLATE utf8mb4_general_ci NOT NULL,
  `session_start_at` bigint unsigned DEFAULT NULL,
  `session_end_at` bigint unsigned DEFAULT NULL,
  `end_session_type` enum('default','by_admin','by_user') CHARACTER SET utf8mb4 COLLATE utf8mb4_general_ci DEFAULT NULL,
  `created_at` bigint unsigned NOT NULL,
  PRIMARY KEY (`id`),
  KEY `user_login_histories_user_id_foreign` (`user_id`),
  CONSTRAINT `user_login_histories_user_id_foreign` FOREIGN KEY (`user_id`) REFERENCES `users` (`id`) ON DELETE CASCADE
) ENGINE=InnoDB AUTO_INCREMENT=129 DEFAULT CHARSET=utf8mb4 COLLATE=utf8mb4_general_ci;
/*!40101 SET character_set_client = @saved_cs_client */;

--
-- Dumping data for table `user_login_histories`
--

LOCK TABLES `user_login_histories` WRITE;
/*!40000 ALTER TABLE `user_login_histories` DISABLE KEYS */;
INSERT INTO `user_login_histories` VALUES (2,1,'Chrome','desktop','Windows-10.0','65.21.56.119','Finland','Helsinki',_binary '\0\0\0\0\0\0\0Y\\0N@:\H\8@','kN18MMzWlxgPSWBWxXTly5a3YMFGEMV9Bms521UO',1709191017,1709547115,'by_admin',1709191017),(3,1,'Chrome','desktop','Windows-10.0','65.21.56.119','Finland','Helsinki',_binary '\0\0\0\0\0\0\0Y\\0N@:\H\8@','crWa1BxQByDdaaD7kpQbAxuIYPuQc8a88lq3NfkD',1709199245,1709547109,'by_admin',1709199245),(8,1,'Chrome','desktop','Windows-10.0','65.21.56.119','Finland','Helsinki',_binary '\0\0\0\0\0\0\0Y\\0N@:\H\8@','VEdsOBa2c1SpFhLq1pddkZBQoG6y1PckbYPg8uIV',1709533376,1709547103,'by_admin',1709533376),(9,1,'Chrome','desktop','Windows-10.0','65.21.56.119','Finland','Helsinki',_binary '\0\0\0\0\0\0\0Y\\0N@:\H\8@','NuQfArQBVEWlS44gsoWu4DWDI5pvzNqczFJgjyIN',1709539023,1709546423,'default',1709539023),(11,1015,'Chrome','desktop','Windows-10.0','45.137.198.136','The Netherlands','Amsterdam',_binary '\0\0\0\0\0\0\0;M\r/J@L\@','ZSNEUpUtWAPeAyhI6HlbJg7cpnRXHtNTEL1vmaig',1709546542,1709547043,'default',1709546542),(14,1,'Chrome','desktop','Windows-10.0','45.137.198.136','The Netherlands','Amsterdam',_binary '\0\0\0\0\0\0\0;M\r/J@L\@','DbC76Tk4IJreGQ50Qrk14SnHCol5LKliKAf7veQp',1709591790,1709908764,'by_admin',1709591790),(24,1,'Chrome','desktop','OS X-10_15_7','102.89.47.235','Nigeria','Lagos',_binary '\0\0\0\0\0\0\0\\9#\@\=U@','l2XyIkKNX9HvtqLRWGWt1pzO3960muO6rGnhndHo',1728999160,NULL,NULL,1728999160),(25,1,'Chrome','desktop','OS X-10_15_7','197.210.70.245','Nigeria','Abuja',_binary '\0\0\0\0\0\0\0%\"@^c@\@','ySkr1vzjL7RhQJBextaCyNDXgbjyCs0nOAC0G2VR',1729379172,NULL,NULL,1729379172),(27,1049,'Chrome','phone','AndroidOS-10','197.210.70.245','Nigeria','Abuja',_binary '\0\0\0\0\0\0\0%\"@^c@\@','PqhgrnXGijEJiicFCnLPR6tFOplxPbnC8gS2eLpA',1729411977,NULL,NULL,1729411977),(28,1050,'Opera','desktop','OS X-10_15_7','105.113.124.31','Nigeria','Abuja',_binary '\0\0\0\0\0\0\0\]K\\"@Z\@','cXvESgazrEmx1gsUgDrChwvAlKKMa44F7IL9QAMV',1730116364,NULL,NULL,1730116364),(29,1050,'Chrome','desktop','Windows-10.0','105.112.226.232','Nigeria','Abuja',_binary '\0\0\0\0\0\0\0\]K\\"@Z\@','OyqNQtfnk8eaeBzkpOS9M2NJPBv74Xzp9SbuaQWM',1730124092,1730208373,'default',1730124092),(30,1050,'Chrome','desktop','Windows-10.0','98.97.79.29','Nigeria','Lagos',_binary '\0\0\0\0\0\0\0\+e\\Z@F%u@','5l8gEuIMOpiRqtNkcNjuTFCwu5KrAHCC0DeknTec',1730208411,NULL,NULL,1730208411),(31,1050,'Chrome','desktop','Windows-10.0','98.97.79.29','Nigeria','Lagos',_binary '\0\0\0\0\0\0\0\+e\\Z@F%u@','E2G9qvfTD8c7UQ7fw4P8Mxzh3wlov1VpJaIQzkbr',1730212115,NULL,NULL,1730212115),(32,1051,'Chrome','desktop','OS X-10_15_7','197.211.61.28','Nigeria','Lagos',_binary '\0\0\0\0\0\0\0\\9#\@\=U@','wAvuGxbeWKJ51Zijn1oaAIGH53yiWNnYe28yUgwg',1730261329,NULL,NULL,1730261329),(36,1050,'Chrome','phone','iOS-17_6','98.97.79.51','Nigeria','Lagos',_binary '\0\0\0\0\0\0\0\+e\\Z@F%u@','B3KmQafAuSeM9gHFJZj5rhA1GhoNeTXdQqIoAIui',1730277925,NULL,NULL,1730277925),(37,1050,'Chrome','desktop','OS X-10_15_7','98.97.79.51','Nigeria','Lagos',_binary '\0\0\0\0\0\0\0\+e\\Z@F%u@','G1hlmPjKy6Ojxe5Lyi837VsOGFE7gZNkPDU9PjqF',1730284273,1730285220,'default',1730284273),(38,1055,'Chrome','desktop','OS X-10_15_7','98.97.79.51','Nigeria','Lagos',_binary '\0\0\0\0\0\0\0\+e\\Z@F%u@','PKaqJEU06GDVV2omYmQGuX9zp3T2In4EZDNOh7fp',1730284374,NULL,NULL,1730284374),(39,1050,'Chrome','desktop','OS X-10_15_7','98.97.79.51','Nigeria','Lagos',_binary '\0\0\0\0\0\0\0\+e\\Z@F%u@','dFyppvi3dMR2Cb0SmtKcetSyIwAZSc3ZmB9GfZj1',1730285246,NULL,NULL,1730285246),(40,1050,'Chrome','phone','iOS-17_6','98.97.79.51','Nigeria','Lagos',_binary '\0\0\0\0\0\0\0\+e\\Z@F%u@','KvjUnyA5Flp3EP5CS00NyhWTB3YsYVqMBjSkIR82',1730285726,NULL,NULL,1730285726),(41,1055,'Chrome','desktop','OS X-10_15_7','98.97.79.51','Nigeria','Lagos',_binary '\0\0\0\0\0\0\0\+e\\Z@F%u@','wc7sDY2dkO5jEJg0Se8oeKH3oDgpfWCtx1oYftXO',1730295390,NULL,NULL,1730295390),(43,1050,'Chrome','desktop','Windows-10.0','102.215.57.221','Nigeria','Lagos',_binary '\0\0\0\0\0\0\0\+e\\Z@F%u@','S3x2IVNcnRbZJPz33sKKdI23m61OrdXFhp7UaeL9',1730365608,NULL,NULL,1730365608),(44,1050,'Chrome','desktop','Windows-10.0','102.215.57.221','Nigeria','Lagos',_binary '\0\0\0\0\0\0\0\+e\\Z@F%u@','zYOVf8kcZAmy5saSROHRk6JD0e87EVFR4GC2LEzC',1730382728,NULL,NULL,1730382728),(45,1055,'Chrome','desktop','OS X-10_15_7','197.211.61.28','Nigeria','Lagos',_binary '\0\0\0\0\0\0\0\\9#\@\=U@','LdSVbQv3nLkzfOwcMb6JSarcAxV0lZ1cl4MvwfOU',1730451100,NULL,NULL,1730451100),(46,1050,'Chrome','desktop','OS X-10_15_7','197.210.53.141','Nigeria','Lagos',_binary '\0\0\0\0\0\0\0\Z\\Z@@@','khRMZ9LIFLEAqSACkiRjGXY6eLvTqEbNjvZRPJf5',1730458367,NULL,NULL,1730458367),(47,1055,'Chrome','desktop','OS X-10_15_7','98.97.79.247','Nigeria','Lagos',_binary '\0\0\0\0\0\0\0\+e\\Z@F%u@','RbMhUOkjG2xSJna3V8VvRJdqYb8SYJPayytbdACg',1730493361,NULL,NULL,1730493361),(48,1056,'Firefox','desktop','OS X-10.15','105.113.124.132','Nigeria','Abuja',_binary '\0\0\0\0\0\0\0\]K\\"@Z\@','SaIKZ43gJgns4lyhibEAZMBp7qNIMuUophLEveb1',1730578357,NULL,NULL,1730578357),(49,1,'Opera','desktop','OS X-10_15_7','105.113.124.138','Nigeria','Lagos',_binary '\0\0\0\0\0\0\0\\9#\@\=U@','p5oSARYQlZEETahk21SR3gUaRmjqUl6IP5eR9OPc',1731623255,NULL,NULL,1731623255),(50,1051,'Chrome','desktop','OS X-10_15_7','197.211.61.1','Nigeria','Lagos',_binary '\0\0\0\0\0\0\0\\9#\@\=U@','CVC9gC6S6rRU3ePgyHKiu16kGoxPq8JfTDJwzpjT',1732398121,1732398325,'default',1732398121),(51,1055,'Chrome','desktop','OS X-10_15_7','197.211.61.1','Nigeria','Lagos',_binary '\0\0\0\0\0\0\0\\9#\@\=U@','d7o8X2J0fZHJu96W457FnJRQpUMsOqIZLBSxP2hZ',1732398343,1732411240,'default',1732398343),(52,1051,'Chrome','desktop','OS X-10_15_7','197.211.61.1','Nigeria','Lagos',_binary '\0\0\0\0\0\0\0\\9#\@\=U@','Zy8WwT9gzuRGhEvUdVpNrndJie6AmL4mgecD3xek',1732398433,NULL,NULL,1732398433),(53,1,'Opera','desktop','OS X-10_15_7','102.212.255.2','Nigeria','Lagos',_binary '\0\0\0\0\0\0\0\Z\\Z@@@','cLVo5MRG3M7oz2C1rbiHnPUGtZ0iwDKYJwOv3t6R',1732902299,NULL,NULL,1732902299),(54,1051,'Chrome','desktop','OS X-10_15_7','197.211.58.97','Nigeria','Lagos',_binary '\0\0\0\0\0\0\0\\9#\@\=U@','PcWipF4Re4oI2xPLQdM4fetguu7jnUgzjosNWCs3',1733195405,NULL,NULL,1733195405),(55,1051,'Chrome','desktop','OS X-10_15_7','102.213.84.178','Nigeria','Irewe',_binary '\0\0\0\0\0\0\0{1\@\0\3h\	@','PHKCmX7o7dhuzvV3T5nftjBgUn2w6lkBEPZS5PtX',1733215528,NULL,NULL,1733215528),(56,1058,'Chrome','phone','AndroidOS-10','114.10.98.175','Indonesia','Palembang',_binary '\0\0\0\0\0\0\0vU9\v/Z@','YRMnahkgfHTRPJHv6Zp0tMFYqM6eLlcu77tLrwsp',1733281300,NULL,NULL,1733281300),(57,1058,'Chrome','phone','AndroidOS-13','114.10.98.175','Indonesia','Palembang',_binary '\0\0\0\0\0\0\0vU9\v/Z@','ApC1Op2zz8tFTxmgbzB73XwLOCRKfT87eeSyfzyH',1733281347,NULL,NULL,1733281347),(58,1,'Opera','desktop','OS X-10_15_7','102.91.93.209','Nigeria','Abuja',_binary '\0\0\0\0\0\0\0\]K\\"@Z\@','Juc7kRbmJt83fH7EOeCwr08SDJURMktDjJ9WCkGI',1733299919,NULL,NULL,1733299919),(59,1,'Firefox','desktop','OS X-10.15','102.91.4.111','Nigeria','Abuja',_binary '\0\0\0\0\0\0\0\]K\\"@Z\@','0Pxk780ZqD6lgiGwV4wGAO6ZvqKPWKEnjWhmS3Yw',1733578321,NULL,NULL,1733578321),(60,1059,'Chrome','desktop','OS X-10_15_7','102.91.4.111','Nigeria','Abuja',_binary '\0\0\0\0\0\0\0\]K\\"@Z\@','D8pCcRFR0HnZyQfcftz6vBlEIHsqtwG5B2Is9CXN',1733578970,1733578977,'default',1733578970),(61,1059,'Chrome','desktop','Windows-10.0','102.217.64.54','Kenya','Nairobi',_binary '\0\0\0\0\0\0\0q\\\MbhB@','KWfjUoVMTtF1vCsnOFMBQeEN9jHTG2YzJrohFnfQ',1733645522,1733646172,'default',1733645522),(62,1060,'Chrome','desktop','Windows-10.0','102.217.64.54','Kenya','Nairobi',_binary '\0\0\0\0\0\0\0q\\\MbhB@','CuZxQVCqYqIRHZFmfFpOYDbXFszNNYujp81N0Fdx',1733645896,NULL,NULL,1733645896),(63,1060,'Chrome','desktop','Windows-10.0','102.217.64.54','Kenya','Nairobi',_binary '\0\0\0\0\0\0\0q\\\MbhB@','wDNKPvvjMC352WzqKDH12Wovxufm33EJQqQ59fR5',1733646187,NULL,NULL,1733646187),(64,1,'Opera','desktop','OS X-10_15_7','102.91.93.197','Nigeria','Abuja',_binary '\0\0\0\0\0\0\0\]K\\"@Z\@','Db4EmOeKZ3pk2bXCUivn80i9lLnzHVuauOxwCRpw',1733699418,NULL,NULL,1733699418),(66,1,'Chrome','desktop','OS X-10_15_7','102.91.93.197','Nigeria','Abuja',_binary '\0\0\0\0\0\0\0\]K\\"@Z\@','QQSZJHLdaxAJUBmjElpCCM87MCNKGY8ZOyDzgvXc',1733749105,1733749114,'default',1733749105),(67,1,'Chrome','desktop','OS X-10_15_7','102.91.93.197','Nigeria','Abuja',_binary '\0\0\0\0\0\0\0\]K\\"@Z\@','5M6YfIpdNaAshYcDWHYZxUQ1QRS11dfsB1jh3MaO',1733749781,NULL,NULL,1733749781),(68,1062,'Chrome','phone','AndroidOS-10','102.217.64.54','Kenya','Nairobi',_binary '\0\0\0\0\0\0\0q\\\MbhB@','yPcI2xivmKEacVSnxf2wf4w26jp49seAJaXjZ1ut',1733767800,1733767961,'default',1733767800),(69,1061,'Chrome','phone','AndroidOS-10','102.217.64.54','Kenya','Nairobi',_binary '\0\0\0\0\0\0\0q\\\MbhB@','nsKQaV20Gd8czpOXV3nEqfdZ21T9ljwuyiBQVuuT',1733768196,NULL,NULL,1733768196),(70,1051,'Chrome','desktop','OS X-10_15_7','197.211.61.31','Nigeria','Lagos',_binary '\0\0\0\0\0\0\0\\9#\@\=U@','dn9zeAcC1wJeLirgUhFqOmQZRpNs34pP5RpIudei',1733979819,NULL,NULL,1733979819),(71,1,'Opera','desktop','OS X-10_15_7','102.91.103.179','Nigeria','Abuja',_binary '\0\0\0\0\0\0\0\]K\\"@Z\@','U2UO24LxvwW0OpxVowiMDJXoKw1qVF6LwGOdfsTL',1734045230,NULL,NULL,1734045230),(72,1,'Chrome','desktop','OS X-10_15_7','102.91.72.191','Nigeria','Abuja',_binary '\0\0\0\0\0\0\0\]K\\"@Z\@','xMqDAhw8wocBbAcMc0pTA5a4rJmeMV4srfFJA5IR',1734216976,NULL,NULL,1734216976),(73,1073,'Opera','desktop','OS X-10_15_7','102.91.72.191','Nigeria','Abuja',_binary '\0\0\0\0\0\0\0\]K\\"@Z\@','LCKsrpqOcHUEgfnph3CB9rRlHr7Ux7eoZ4qHjTMJ',1734217346,NULL,NULL,1734217346),(74,1,'Opera','desktop','OS X-10_15_7','102.91.72.191','Nigeria','Abuja',_binary '\0\0\0\0\0\0\0\]K\\"@Z\@','6w0EuZow9bLRCGNf6mh4OOQTWD4MTUlgdF93j4hY',1734255685,NULL,NULL,1734255685),(75,1,'Safari','desktop','OS X-10_15_7','102.91.72.191','Nigeria','Abuja',_binary '\0\0\0\0\0\0\0\]K\\"@Z\@','RoiSPn7ejhfrugA7hp36KH4UzABAuvtA4lIw8wW1',1734257139,NULL,NULL,1734257139),(76,1051,'Chrome','desktop','OS X-10_15_7','102.212.255.2','Nigeria','Lagos',_binary '\0\0\0\0\0\0\0\\p>?\Z@CV\n@','2iIg4NO1h0K03jdjZCxkGXOWeeOJWILKeGnSU0kw',1734270089,NULL,NULL,1734270089),(77,1,'Chrome','desktop','OS X-10_15_7','102.212.255.2','Nigeria','Lagos',_binary '\0\0\0\0\0\0\0\\p>?\Z@CV\n@','8OyIXh90h4gDl9mocG3dYC7RGPxB8KgMLoWiWrA7',1734270335,NULL,NULL,1734270335),(78,1075,'Chrome','desktop','Windows-10.0','105.112.114.213','Nigeria','Abuja',_binary '\0\0\0\0\0\0\0\]K\\"@Z\@','0gEfl6Js7IG6j2e8kpj37aze3CdGcgtWSeL0V26t',1734270875,1734344422,'default',1734270875),(79,1077,'Firefox','desktop','OS X-10.15','102.91.72.191','Nigeria','Abuja',_binary '\0\0\0\0\0\0\0\]K\\"@Z\@','ze6DIehSMt9zOwOYfLUkp6B49OFrd7GIdlHAzNzI',1734304073,1734305672,'default',1734304073),(80,1078,'Firefox','desktop','OS X-10.15','102.91.72.191','Nigeria','Abuja',_binary '\0\0\0\0\0\0\0\]K\\"@Z\@','AqFJPVgW6QcEmajqheZk85OK09fIqVdTqcr8i3ao',1734305792,NULL,NULL,1734305792),(82,1075,'Chrome','desktop','Windows-10.0','102.212.255.2','Nigeria','Lagos',_binary '\0\0\0\0\0\0\0\\p>?\Z@CV\n@','ZPn271aOfRSz0qKpTGfG1vCK3uT5nrdyAWwgh8w6',1734344448,1734354390,'default',1734344448),(83,1075,'Chrome','desktop','Windows-10.0','102.212.255.2','Nigeria','Lagos',_binary '\0\0\0\0\0\0\0\\p>?\Z@CV\n@','vygKsjaLqC19EM1RAJNYU77Lh4UIx3atWr7EqJFI',1734355761,NULL,NULL,1734355761),(85,1075,'Chrome','desktop','Windows-10.0','105.112.116.141','Nigeria','Abuja',_binary '\0\0\0\0\0\0\0\]K\\"@Z\@','YVkA9lnG7yNAH2EbPG1d8ZS4KpfhdmVjsIqvctLM',1734402693,NULL,NULL,1734402693),(86,1075,'Chrome','desktop','Windows-10.0','102.212.255.2','Nigeria','Lagos',_binary '\0\0\0\0\0\0\0\\p>?\Z@CV\n@','KCvprY02boZevIziXBXDxZMP7ukOxCyCKotS40jS',1734422113,1734595382,'default',1734422113),(87,1075,'Chrome','desktop','Windows-10.0','102.212.255.2','Nigeria','Lagos',_binary '\0\0\0\0\0\0\0\\p>?\Z@CV\n@','HvvAbBhjmv2uWJe7uTn1ubEIyu8LFJE3cq4C67Kc',1734596628,1737448867,'default',1734596628),(88,1080,'Safari','phone','iOS-17_7_1','197.210.52.27','Nigeria','Abuja',_binary '\0\0\0\0\0\0\0\]K\\"@Z\@','xNutFUHxB93Omu45rHztLnUCNOmBgDlVcu20LicE',1734616428,NULL,NULL,1734616428),(89,1080,'Safari','phone','iOS-17_7_1','102.212.255.2','Nigeria','Lagos',_binary '\0\0\0\0\0\0\0\\p>?\Z@CV\n@','priEq3KFqbTb5H0Bp7HLHYukRJEnZKCJqHX5YP0z',1734708429,NULL,NULL,1734708429),(90,1081,'Chrome','desktop','Windows-10.0','105.112.126.27','Nigeria','Abuja',_binary '\0\0\0\0\0\0\0\]K\\"@Z\@','T27VequMOJJRuKTweKn6UoYhJ8RGkkvLFYm2WNgR',1734806332,NULL,NULL,1734806332),(98,1112,'Chrome','phone','AndroidOS-10','114.10.99.103','Indonesia','Sungaigerong',_binary '\0\0\0\0\0\0\0\E6Z@','ZwWrenl8l0qh8XsjxQJG2bOXfRtsOZV83fcfJVk2',1737115700,NULL,NULL,1737115700),(99,1112,'Chrome','phone','AndroidOS-14','114.10.99.103','Indonesia','Sungaigerong',_binary '\0\0\0\0\0\0\0\E6Z@','yFRpuTyCwyqu92xlY3xlGpJFNRdpHtn1FH9x7sbq',1737115771,NULL,NULL,1737115771),(100,1075,'Chrome','desktop','Windows-10.0','102.212.255.2','Nigeria','Lagos',_binary '\0\0\0\0\0\0\0\\p>?\Z@CV\n@','d2zziBfOAzls6zQSjPpF6sIAnOAAukyrIt2t67jH',1737455677,1737455820,'default',1737455677),(101,1113,'Chrome','desktop','Windows-10.0','102.212.255.2','Nigeria','Lagos',_binary '\0\0\0\0\0\0\0\\p>?\Z@CV\n@','1mNhe0i7uS3GtKo6gPpdgVcOzNPI6bGgzj0fqO7l',1737455994,1737466047,'default',1737455994),(102,1114,'Chrome','desktop','Windows-10.0','102.212.255.2','Nigeria','Lagos',_binary '\0\0\0\0\0\0\0\\p>?\Z@CV\n@','hW6p2tu8YgfADfqBwb6LDe5ap9B29r3AMCRKGtl2',1737455994,NULL,NULL,1737455994),(103,1075,'Chrome','desktop','Windows-10.0','102.212.255.2','Nigeria','Lagos',_binary '\0\0\0\0\0\0\0\\p>?\Z@CV\n@','HBiwpET7lWKWEkFoEDcg3myGCqb55kDBY5K1tFDW',1737456419,1737466522,'default',1737456419),(104,1075,'Chrome','desktop','Windows-10.0','102.212.255.2','Nigeria','Lagos',_binary '\0\0\0\0\0\0\0\\p>?\Z@CV\n@','i2Qyl7ztMTXrFvE7w4WDiWbvgiVPhIIg4szPxvCO',1737473147,NULL,NULL,1737473147),(105,1115,'Chrome','desktop','Windows-10.0','102.212.255.2','Nigeria','Lagos',_binary '\0\0\0\0\0\0\0\\p>?\Z@CV\n@','CvptWfxeyPFtgIrqfSMdHopTibYPfy5UF2NIKbVP',1737559885,NULL,NULL,1737559885),(106,1115,'Chrome','desktop','Windows-10.0','102.212.255.2','Nigeria','Lagos',_binary '\0\0\0\0\0\0\0\\p>?\Z@CV\n@','D7b6MTxbhlUh27KhUykuCollFVe8fIBYwfOveGXd',1737620437,NULL,NULL,1737620437),(107,1075,'Chrome','desktop','Windows-10.0','102.212.255.2','Nigeria','Lagos',_binary '\0\0\0\0\0\0\0\\p>?\Z@CV\n@','mehzGCQhtcnTPtHT60doN4VWtSfnFfVifACzQVYj',1737625459,1737630529,'default',1737625459),(108,1075,'Chrome','desktop','Windows-10.0','102.212.255.2','Nigeria','Lagos',_binary '\0\0\0\0\0\0\0\\p>?\Z@CV\n@','zEd7qPHb15CVhMMeCGUhdZl0mIv4wJQBttNpyVrf',1737632741,1737636193,'default',1737632741),(109,1075,'Chrome','desktop','Windows-10.0','102.212.255.2','Nigeria','Lagos',_binary '\0\0\0\0\0\0\0\\p>?\Z@CV\n@','Xi7gGn7NE3sdbBD2RiOwdF4SPIwTual72xQbkA6n',1737636634,1737636710,'default',1737636634),(110,1075,'Chrome','desktop','Windows-10.0','102.212.255.2','Nigeria','Lagos',_binary '\0\0\0\0\0\0\0\\p>?\Z@CV\n@','PCsssETOhzEsdP4By4U4pJclPL9MDbgKFpsrpDMh',1737636770,NULL,NULL,1737636770),(111,1075,'Chrome','desktop','Windows-10.0','102.212.255.2','Nigeria','Lagos',_binary '\0\0\0\0\0\0\0\\p>?\Z@CV\n@','BySawPNDzKvySKbmQTSn6nJ5AQIFr5aSozXjLwZF',1737637539,1737639305,'default',1737637539),(112,1117,'Chrome','desktop','Windows-10.0','102.212.255.2','Nigeria','Lagos',_binary '\0\0\0\0\0\0\0\\p>?\Z@CV\n@','TgDjTWDAmFmMTUKeyBUvSMb4udjlP4HBqoGv17jk',1737639630,1737640247,'default',1737639630),(113,1075,'Chrome','desktop','Windows-10.0','102.212.255.2','Nigeria','Lagos',_binary '\0\0\0\0\0\0\0\\p>?\Z@CV\n@','kveKGivgf4SjCbYDrz846T11H34gdOIrUcV6Z71k',1737640274,NULL,NULL,1737640274),(114,1075,'Chrome','desktop','Windows-10.0','102.212.255.2','Nigeria','Lagos',_binary '\0\0\0\0\0\0\0\\p>?\Z@CV\n@','t6V086P8CsLVrMSKBOyUDm0naO9TVOR7vnYeqNkD',1737705220,NULL,NULL,1737705220),(115,1075,'Chrome','desktop','Windows-10.0','102.212.255.2','Nigeria','Lagos',_binary '\0\0\0\0\0\0\0\\p>?\Z@CV\n@','PQkkOgHpu4HGttRCFoKWRLojOZeSIS1L4U2TWCHt',1737705898,1737706503,'default',1737705898),(116,1075,'Chrome','desktop','Windows-10.0','102.212.255.2','Nigeria','Lagos',_binary '\0\0\0\0\0\0\0\\p>?\Z@CV\n@','1m3DVVw7gLYDM7Br9mQFBBJi0a0km4qg5IAkdLj3',1737706558,1737706901,'default',1737706558),(117,1075,'Chrome','desktop','Windows-10.0','102.212.255.2','Nigeria','Lagos',_binary '\0\0\0\0\0\0\0\\p>?\Z@CV\n@','0u1wOAoJNniPCixRxuYHgYRihaZ1cvebBRIB0wSP',1737706919,1737708652,'default',1737706919),(118,1075,'Chrome','desktop','Windows-10.0','102.212.255.2','Nigeria','Lagos',_binary '\0\0\0\0\0\0\0\\p>?\Z@CV\n@','v0Rl86VBJ1VNy4mnDEyZUIC3hZjXw3UqXzUAgxBU',1737709494,1737710578,'default',1737709494),(119,1118,'Chrome','desktop','OS X-10_15_7','102.212.255.2','Nigeria','Lagos',_binary '\0\0\0\0\0\0\0\\p>?\Z@CV\n@','MaOfub9vAA0XPD9ljgL3pUS2UxrcikiPSTY9VMV6',1737710031,1737712698,'default',1737710031),(120,1075,'Chrome','desktop','Windows-10.0','102.212.255.2','Nigeria','Lagos',_binary '\0\0\0\0\0\0\0\\p>?\Z@CV\n@','rLvcSWRENaW596NkbyXyCXOBpGetqN8NfyXhK4oO',1737710624,1737712608,'default',1737710624),(121,1120,'Chrome','desktop','OS X-10_15_7','102.212.255.2','Nigeria','Lagos',_binary '\0\0\0\0\0\0\0\\p>?\Z@CV\n@','rsamJV7tuFdtkTYatpi5mMgKB9r7OkZB366AZtM9',1737713088,1737713091,'default',1737713088),(122,1120,'Chrome','desktop','OS X-10_15_7','102.212.255.2','Nigeria','Lagos',_binary '\0\0\0\0\0\0\0\\p>?\Z@CV\n@','z7ddOStSRRD1ENgsVLxIWUOTlVPYYfqOoj8EPYo8',1737713120,NULL,NULL,1737713120),(123,1075,'Chrome','desktop','Windows-10.0','102.212.255.2','Nigeria','Lagos',_binary '\0\0\0\0\0\0\0\\p>?\Z@CV\n@','rUTrffy0VjyFcXrTb963OJ8Ev2CrDiFqjjMXr1IP',1737713761,1737714551,'default',1737713761),(124,1075,'Chrome','desktop','Windows-10.0','102.212.255.2','Nigeria','Lagos',_binary '\0\0\0\0\0\0\0\\p>?\Z@CV\n@','ZXbMTiXlXoBNdXZrsWUjscsuok9W1ex2qlkZWjUc',1737715682,NULL,NULL,1737715682),(125,1075,'Chrome','desktop','Windows-10.0','102.212.255.2','Nigeria','Lagos',_binary '\0\0\0\0\0\0\0\\p>?\Z@CV\n@','WhBabCFJfz2VhGaIuhgcWvIGxp9WIwzpWzUV5IVJ',1737721368,NULL,NULL,1737721368),(126,1119,'Opera','desktop','Windows-10.0','102.0.13.112','Kenya','Nairobi',_binary '\0\0\0\0\0\0\0q\\\MbhB@','DF1sSFIjVSmqztVNyCJsLIYC4b1ltZDwVprRQ47g',1737818147,NULL,NULL,1737818147),(127,1121,'Firefox','desktop','OS X-10.15','197.210.53.58','Nigeria','Abuja',_binary '\0\0\0\0\0\0\0\]K\\"@Z\@','g6mASNV7695IwREjFcwXzpGmr0Yh8sxsGyS5IEWQ',1737828095,NULL,NULL,1737828095),(128,1121,'Chrome','phone','AndroidOS-10','102.91.72.237','Nigeria','Abuja',_binary '\0\0\0\0\0\0\0\]K\\"@Z\@','QISfQae1SnpiV67v0mc8ut8veMs23jFD1pc9ZuHO',1737828959,NULL,NULL,1737828959);
/*!40000 ALTER TABLE `user_login_histories` ENABLE KEYS */;
UNLOCK TABLES;

--
-- Table structure for table `user_selected_bank_specifications`
--

DROP TABLE IF EXISTS `user_selected_bank_specifications`;
/*!40101 SET @saved_cs_client     = @@character_set_client */;
/*!50503 SET character_set_client = utf8mb4 */;
CREATE TABLE `user_selected_bank_specifications` (
  `id` int unsigned NOT NULL AUTO_INCREMENT,
  `user_selected_bank_id` int unsigned NOT NULL,
  `user_bank_specification_id` int unsigned NOT NULL,
  `value` text CHARACTER SET utf8mb4 COLLATE utf8mb4_unicode_ci NOT NULL,
  PRIMARY KEY (`id`),
  KEY `user_selected_bank_id_specifications` (`user_selected_bank_id`),
  KEY `user_bank_specification_id_specifications` (`user_bank_specification_id`),
  CONSTRAINT `user_bank_specification_id_specifications` FOREIGN KEY (`user_bank_specification_id`) REFERENCES `user_bank_specifications` (`id`) ON DELETE CASCADE,
  CONSTRAINT `user_selected_bank_id_specifications` FOREIGN KEY (`user_selected_bank_id`) REFERENCES `user_selected_banks` (`id`) ON DELETE CASCADE
) ENGINE=InnoDB AUTO_INCREMENT=5 DEFAULT CHARSET=utf8mb4 COLLATE=utf8mb4_unicode_ci;
/*!40101 SET character_set_client = @saved_cs_client */;

--
-- Dumping data for table `user_selected_bank_specifications`
--

LOCK TABLES `user_selected_bank_specifications` WRITE;
/*!40000 ALTER TABLE `user_selected_bank_specifications` DISABLE KEYS */;
INSERT INTO `user_selected_bank_specifications` VALUES (3,2,10,'David Obunike'),(4,2,11,'obum619@gmail.com');
/*!40000 ALTER TABLE `user_selected_bank_specifications` ENABLE KEYS */;
UNLOCK TABLES;

--
-- Table structure for table `user_selected_banks`
--

DROP TABLE IF EXISTS `user_selected_banks`;
/*!40101 SET @saved_cs_client     = @@character_set_client */;
/*!50503 SET character_set_client = utf8mb4 */;
CREATE TABLE `user_selected_banks` (
  `id` int unsigned NOT NULL AUTO_INCREMENT,
  `user_id` int unsigned NOT NULL,
  `user_bank_id` int unsigned NOT NULL,
  PRIMARY KEY (`id`),
  KEY `user_selected_banks_user_bank_id_foreign` (`user_bank_id`),
  KEY `user_selected_banks_user_id_foreign` (`user_id`),
  CONSTRAINT `user_selected_banks_user_bank_id_foreign` FOREIGN KEY (`user_bank_id`) REFERENCES `user_banks` (`id`) ON DELETE CASCADE,
  CONSTRAINT `user_selected_banks_user_id_foreign` FOREIGN KEY (`user_id`) REFERENCES `users` (`id`) ON DELETE CASCADE
) ENGINE=InnoDB AUTO_INCREMENT=3 DEFAULT CHARSET=utf8mb4 COLLATE=utf8mb4_unicode_ci;
/*!40101 SET character_set_client = @saved_cs_client */;

--
-- Dumping data for table `user_selected_banks`
--

LOCK TABLES `user_selected_banks` WRITE;
/*!40000 ALTER TABLE `user_selected_banks` DISABLE KEYS */;
INSERT INTO `user_selected_banks` VALUES (2,1114,4);
/*!40000 ALTER TABLE `user_selected_banks` ENABLE KEYS */;
UNLOCK TABLES;

--
-- Table structure for table `users`
--

DROP TABLE IF EXISTS `users`;
/*!40101 SET @saved_cs_client     = @@character_set_client */;
/*!50503 SET character_set_client = utf8mb4 */;
CREATE TABLE `users` (
  `id` int unsigned NOT NULL AUTO_INCREMENT,
  `full_name` varchar(128) CHARACTER SET utf8mb4 COLLATE utf8mb4_unicode_ci DEFAULT NULL,
  `middle_name` varchar(255) CHARACTER SET utf8mb4 COLLATE utf8mb4_unicode_ci DEFAULT NULL,
  `last_name` varchar(255) CHARACTER SET utf8mb4 COLLATE utf8mb4_unicode_ci DEFAULT NULL,
  `role_name` varchar(64) CHARACTER SET utf8mb4 COLLATE utf8mb4_unicode_ci NOT NULL,
  `role_id` int unsigned NOT NULL,
  `organ_id` int DEFAULT NULL,
  `mobile` varchar(32) CHARACTER SET utf8mb4 COLLATE utf8mb4_unicode_ci DEFAULT NULL,
  `email` varchar(255) CHARACTER SET utf8mb4 COLLATE utf8mb4_unicode_ci DEFAULT NULL,
  `bio` varchar(128) CHARACTER SET utf8mb4 COLLATE utf8mb4_unicode_ci DEFAULT NULL,
  `password` varchar(255) CHARACTER SET utf8mb4 COLLATE utf8mb4_unicode_ci DEFAULT NULL,
  `google_id` varchar(255) CHARACTER SET utf8mb4 COLLATE utf8mb4_unicode_ci DEFAULT NULL,
  `facebook_id` varchar(255) CHARACTER SET utf8mb4 COLLATE utf8mb4_unicode_ci DEFAULT NULL,
  `remember_token` varchar(255) CHARACTER SET utf8mb4 COLLATE utf8mb4_unicode_ci DEFAULT NULL,
  `logged_count` int unsigned NOT NULL DEFAULT '0',
  `verified` tinyint(1) NOT NULL DEFAULT '0',
  `financial_approval` tinyint(1) NOT NULL DEFAULT '0',
  `installment_approval` tinyint(1) DEFAULT '0',
  `enable_installments` tinyint(1) DEFAULT '1',
  `disable_cashback` tinyint(1) DEFAULT '0',
  `enable_registration_bonus` tinyint(1) NOT NULL DEFAULT '0',
  `registration_bonus_amount` double(15,2) DEFAULT NULL,
  `avatar` varchar(255) CHARACTER SET utf8mb4 COLLATE utf8mb4_unicode_ci DEFAULT NULL,
  `avatar_settings` varchar(255) CHARACTER SET utf8mb4 COLLATE utf8mb4_unicode_ci DEFAULT NULL,
  `cover_img` varchar(255) CHARACTER SET utf8mb4 COLLATE utf8mb4_unicode_ci DEFAULT NULL,
  `headline` varchar(255) CHARACTER SET utf8mb4 COLLATE utf8mb4_unicode_ci DEFAULT NULL,
  `about` text CHARACTER SET utf8mb4 COLLATE utf8mb4_unicode_ci,
  `address` varchar(255) CHARACTER SET utf8mb4 COLLATE utf8mb4_unicode_ci DEFAULT NULL,
  `country_id` int unsigned DEFAULT NULL,
  `province_id` int unsigned DEFAULT NULL,
  `city_id` int unsigned DEFAULT NULL,
  `district_id` int unsigned DEFAULT NULL,
  `location` point DEFAULT NULL,
  `level_of_training` bit(3) DEFAULT NULL,
  `meeting_type` enum('all','in_person','online') CHARACTER SET utf8mb4 COLLATE utf8mb4_unicode_ci NOT NULL DEFAULT 'all',
  `status` enum('active','pending','inactive') CHARACTER SET utf8mb4 COLLATE utf8mb4_unicode_ci NOT NULL DEFAULT 'active',
  `access_content` tinyint(1) NOT NULL DEFAULT '1',
  `enable_ai_content` tinyint(1) NOT NULL DEFAULT '0',
  `language` varchar(255) CHARACTER SET utf8mb4 COLLATE utf8mb4_unicode_ci DEFAULT NULL,
  `currency` varchar(255) CHARACTER SET utf8mb4 COLLATE utf8mb4_unicode_ci DEFAULT NULL,
  `timezone` varchar(255) CHARACTER SET utf8mb4 COLLATE utf8mb4_unicode_ci DEFAULT NULL,
  `newsletter` tinyint(1) NOT NULL DEFAULT '0',
  `public_message` tinyint(1) NOT NULL DEFAULT '0',
  `identity_scan` varchar(128) CHARACTER SET utf8mb4 COLLATE utf8mb4_unicode_ci DEFAULT NULL,
  `certificate` varchar(128) CHARACTER SET utf8mb4 COLLATE utf8mb4_unicode_ci DEFAULT NULL,
  `affiliate` tinyint(1) NOT NULL DEFAULT '1',
  `can_create_store` tinyint(1) NOT NULL DEFAULT '0' COMMENT 'Despite disabling the store feature in the settings, we can enable this feature for that user through the edit page of a user and turning on the store toggle.',
  `ban` tinyint(1) NOT NULL DEFAULT '0',
  `ban_start_at` int unsigned DEFAULT NULL,
  `ban_end_at` int unsigned DEFAULT NULL,
  `offline` tinyint(1) NOT NULL DEFAULT '0',
  `offline_message` text CHARACTER SET utf8mb4 COLLATE utf8mb4_unicode_ci,
  `created_at` int NOT NULL,
  `created_date` timestamp NOT NULL DEFAULT CURRENT_TIMESTAMP,
  `updated_at` int DEFAULT NULL,
  `deleted_at` int DEFAULT NULL,
  `password_status` tinyint(1) NOT NULL DEFAULT '1',
  PRIMARY KEY (`id`) USING BTREE,
  UNIQUE KEY `users_email_unique` (`email`) USING BTREE,
  KEY `users_country_id_foreign` (`country_id`),
  KEY `users_province_id_foreign` (`province_id`),
  KEY `users_city_id_foreign` (`city_id`),
  KEY `users_district_id_foreign` (`district_id`),
  CONSTRAINT `users_city_id_foreign` FOREIGN KEY (`city_id`) REFERENCES `regions` (`id`) ON DELETE SET NULL,
  CONSTRAINT `users_country_id_foreign` FOREIGN KEY (`country_id`) REFERENCES `regions` (`id`) ON DELETE SET NULL,
  CONSTRAINT `users_district_id_foreign` FOREIGN KEY (`district_id`) REFERENCES `regions` (`id`) ON DELETE SET NULL,
  CONSTRAINT `users_province_id_foreign` FOREIGN KEY (`province_id`) REFERENCES `regions` (`id`) ON DELETE SET NULL
) ENGINE=InnoDB AUTO_INCREMENT=1122 DEFAULT CHARSET=utf8mb4 COLLATE=utf8mb4_unicode_ci ROW_FORMAT=DYNAMIC;
/*!40101 SET character_set_client = @saved_cs_client */;

--
-- Dumping data for table `users`
--

LOCK TABLES `users` WRITE;
/*!40000 ALTER TABLE `users` DISABLE KEYS */;
INSERT INTO `users` VALUES (1,'Admin',NULL,NULL,'admin',2,NULL,'00000000','sapphitalgroup@gmail.com','Senior software developer','$2y$10$Sw4dmVi9Tm4bLuMw.bkkU.8MkZivisCHS5KXoXBEGJYFRCR42Zg4C',NULL,NULL,'yHtyKwNJm5RfAVFghH1NbLzyxf1VWFE5c4gIgYjpiGn9ETv4V23r3PZ6V6HI',4,1,0,0,1,0,0,NULL,'/store/1/default_images/american-woman-sitting-working-in-a-startup-compan-2023-11-27-04-58-05-utc.jpeg',NULL,NULL,NULL,NULL,NULL,NULL,NULL,NULL,NULL,NULL,NULL,'all','active',1,0,'EN','USD','Africa/Lagos',0,0,NULL,NULL,1,0,0,NULL,NULL,0,NULL,1597826952,'2024-12-08 21:03:34',1597826952,NULL,1),(4,'Kelechi Pictures',NULL,NULL,'organization',3,NULL,'+2348063296079','kelechipictures@gmail.com','High Quality Training','$2y$10$NPgvpOF52CHJuSKbh9gG8.7IvjjFd0HklLy5elWySZ58m.9IHpM2K',NULL,NULL,'HVMcrvVIvbrAWoMqj0keYcuCqkuVNZ5SumTNTlEY510zC373P6VQXFs6ZNN4',0,0,0,0,1,0,0,NULL,'/store/1/default_images/AI-Beautiful Nigerian Couple.jpeg',NULL,'/store/4/19.jpg',NULL,'Kelechi Pictures is a Nigerian based company that offers a huge and ever growing range of high quality eLearning solutions that teach studio quality narrated videos backed-up with practical hands-on examples and comprehensive working files. All courses are created by trained educators and experts in video based education.\r\n\r\nThe emphasis is on teaching real life skills that are essential for progressing in today\'s commercial environment.',NULL,NULL,NULL,NULL,NULL,NULL,NULL,'all','active',1,0,'EN','NGN','Africa/Lagos',0,0,NULL,NULL,1,0,0,NULL,NULL,0,NULL,1597826952,'2024-12-08 21:03:34',1597826952,NULL,1),(863,'Owosso',NULL,NULL,'organization',3,NULL,'+12025550198','owosso@info.com','Chemical Engineering Institute','$2y$10$NPgvpOF52CHJuSKbh9gG8.7IvjjFd0HklLy5elWySZ58m.9IHpM2K',NULL,NULL,NULL,0,0,0,0,1,0,0,NULL,'/store/863/avatar/617a5000eb040.png',NULL,'/store/863/2.png',NULL,'Dear students,\r\n\r\nWR Training is a group of professional engineers from various disciplines (chemical, petrochemical, mechanical, electrical) providing academic and industrial online courses.\r\n\r\nWhether youre trying to learn and discover a new scientific or engineering topic from scratch, or want to refresh your memory on something youve learnt in the past, youve come to the right place.\r\n\r\nWR Training exists to help you succeed in your academic and professional life. Our goal is to spread the knowledge and promote science.\r\n\r\nThe courses, you are about to enroll in, were undertaken to give you a clear view of scientific and engineering topics through detailed examples using hands on demo and provide numerous problems with their solutions. You can also use these courses as a review for taking exams or as a vehicle for self-instruction.\r\n\r\nOur training methodology was designed to enable individual self paced e-learning.\r\n\r\nEach course has been undertaken to teach a specific skill.\r\n\r\nOur courses can be watched 24/7 wherever you are. You can also view them on mobile devices with the Udemy mobile app.\r\n\r\nWe are active online instructors and we will be here for you every step of the way. If you have questions about the course content, you can always post your questions or send us a private message. It will be our pleasure to provide assistance and answer your questions.\r\n\r\nSo with no further ado, go ahead, select the course suitable for you, click the enroll button and we\'ll see you in the first section !\r\n\r\nWR Training\r\n\r\nSpread the wings of your knowledge',NULL,17,28,30,37,_binary '\0\0\0\0\0\0\0fV\2@\\4R@',_binary '','online','active',1,0,'EN',NULL,'America/New_York',0,0,NULL,NULL,1,0,0,NULL,NULL,0,NULL,1604509713,'2024-12-08 21:03:34',NULL,NULL,1),(867,'Light Moon Agro',NULL,NULL,'organization',3,NULL,'+2347025550151','organization@demo.com','Building Better Professionals','$2y$10$W0.rfZgYCWGr/rOSrGrGg.Nnm6xBVdR3FYjJiXqiq6LZdx2Ds.aXq',NULL,NULL,'BWflmtylS4Tli2iNjXU1uauLyg3OkvqqMJXK3ZBgugWems9IrTpI62QnMOxA',0,1,1,0,1,0,0,NULL,'/store/1/default_images/AI-handome Nigerian Guy3.jpeg',NULL,'/store/867/18.jpg',NULL,'The Light Moon Academy was created by Alamir, a software developer with 10 years experience, who is also an instructor on Sapphital.\r\n\r\nThe Academys goal in the next three years, is to teach one million people to learn how to program.\r\n\r\nApart from Amir\'s own courses, which are all available here, we are working with the very best teachers, creating courses to teach the essential skills required by developers, at all levels.\r\n\r\nOne other important philosophy is that our courses are taught by real professionals; software developers with real and substantial experience in the industry, who are also great teachers.  All our instructors are experienced, software developers!\r\n\r\nOur team is busy creating new courses right now.\r\n\r\nWhether you are a beginner, looking to learn how to program for the very first time, or to brush up on your existing skills, or to learn new languages and frameworks, the Academy has you covered.','Massachusetts, West Roxbury, 3979 Smith Street',16,21,67,68,_binary '\0\0\0\0\0\0\0\\2H@>R',_binary '','all','active',1,0,'EN','NGN','Africa/Lagos',0,0,'/store/867/passport.jpg','',1,0,0,NULL,NULL,0,NULL,1604509713,'2024-12-08 21:03:34',NULL,NULL,1),(868,'Tech Decomposed',NULL,NULL,'organization',3,NULL,'+2349091170156','techdecomposed@info.com','Behavioral Expert Institute','$2y$10$NPgvpOF52CHJuSKbh9gG8.7IvjjFd0HklLy5elWySZ58m.9IHpM2K',NULL,NULL,NULL,0,0,0,0,1,0,0,NULL,'/store/1/default_images/AI-Beautiful Nigerian Lady.jpeg',NULL,'/store/868/6.jpg',NULL,'Hi, my name is Toby. I\'m the founder of the award-winning TechDecomposed.\r\n\r\nI\'m a tech enthusiast with a Master in Cyber Security',NULL,NULL,NULL,NULL,NULL,NULL,NULL,'all','active',1,0,'EN','NGN','Africa/Lagos',0,0,NULL,NULL,1,0,0,NULL,NULL,0,NULL,1604509713,'2024-12-08 21:03:34',NULL,NULL,1),(870,'Olatunji Ojo',NULL,NULL,'teacher',4,863,'+234706000000','marques.torp@hotmail.com','Network Technician at Cisco','$2y$10$NPgvpOF52CHJuSKbh9gG8.7IvjjFd0HklLy5elWySZ58m.9IHpM2K',NULL,NULL,NULL,0,1,1,0,1,0,0,NULL,'/store/1/default_images/AI African Woman.jpeg',NULL,'/store/1/default_images/black-man-and-his-colleagues-having-meeting-in-caf-2024-03-26-22-32-27-utc.jpeg',NULL,'Hi,\r\n\r\nIm a certified coach and author. Over the years I\'ve worked with and coached 100,000 students from all over the world.\r\nMy expertise includes science-based personal development, health & fitness advice in the following areas:\r\n- Self Improvement\r\n- Life Coaching\r\n- Stress Management\r\n- Muscle Growth & Fat Loss\r\n- Healthy Living & Meal Planning\r\n- Gym Workouts & Bodybuilding\r\n\r\nPersonal Development doesn\'t have to be difficult!\r\nWhat you need are the right strategies and a few simple - but crucial - tips on how to get started and stay motivated. That\'s what I teach in my courses, on my blog and in my books.',NULL,16,22,23,26,_binary '\0\0\0\0\0\0\0\[!mH@	&+c1@',_binary '','all','inactive',1,0,'EN','NGN','Africa/Lagos',0,0,NULL,NULL,1,0,0,NULL,NULL,0,NULL,1604509713,'2024-12-08 21:03:34',NULL,NULL,1),(929,'Efe Benjamin','Akpori','Akpos','teacher',4,868,'+2348025550148','efe_akpos@yahoo.com','Experienced Litigator at Johnson & Partners.','$2y$10$NPgvpOF52CHJuSKbh9gG8.7IvjjFd0HklLy5elWySZ58m.9IHpM2K',NULL,NULL,'pP6HTrpGp7DTJv4wocq6BqinGolsn4pxOVmnxr15WEvlpDQjpAo0ZeHsNlhl',0,0,0,0,1,0,0,NULL,'/store/1075/femo.jpg','{\"color\":\"FFFFFF\",\"background\":\"8e24aa\"}',NULL,NULL,'I am a Senior Advocate of Nigeria (SAN) with over two decades of experience specializing in constitutional law, corporate litigation, and legal consultancy. My legal practice has included defending complex civil litigation cases, advising multinational corporations on compliance, and helping drive judicial reforms through advocacy and legal writing. A proud alumnus of the University of Lagos, I am committed to mentoring the next generation of lawyers. I also actively contribute to policy discussions on improving judicial independence in Nigeria.','123 Ugbaka, Ugheli Delta State, Nigeria',69,70,71,72,_binary '\0\0\0\0\0\0\0\ g\"@\0\0\0c\@',_binary '','all','active',1,0,'EN',NULL,'Africa/Lagos',0,0,'','',1,0,0,NULL,NULL,0,NULL,1605463391,'2024-12-08 21:03:34',NULL,1622030241,1),(934,'Stella Abudu','Abudu','Abudu','teacher',4,4,'+2342025550143','stellabudu@gmail.com','Associate at Olaniwun Ajayi LP','$2y$10$m.NTg5P372vNTY2PQlx/S.j9cswa9Fc9UKWJ608AmlaOkqdgRmyw6',NULL,NULL,NULL,0,0,1,0,1,0,0,NULL,'/store/1075/medium-shot-woman-working-as-lawyer_23-2151152360.jpg',NULL,'/store/934/2.jpg',NULL,'With over 14 years of experience in electoral law and constitutional law, I have dedicated my legal career to defending Nigerias democratic principles. My practice includes advising election management bodies, resolving election disputes, and representing candidates in election tribunals. I am also a published author, with articles focusing on electoral integrity and constitutional reforms. My mission is to ensure that Nigeria\'s democratic institutions remain strong and transparent','OX7 3NH, England, Oxfordshire, Ascott-under-Wychwood',69,70,NULL,NULL,_binary '\0\0\0\0\0\0\0\Eo!@\0\0\0\\@',_binary '','all','active',1,0,'EN',NULL,'Africa/Lagos',0,0,'','',1,0,0,NULL,NULL,0,NULL,1612680476,'2024-12-08 21:03:34',NULL,NULL,1),(1014,'Kachikwu',NULL,NULL,'education',6,NULL,'+2346104254644','kachikwu@gmail.com',NULL,'$2y$10$UQtinAOPeFdgy81Mxd3z7uGdSz2gsQsh0A3osAkoOb7A6IpjnDH0a',NULL,NULL,NULL,0,1,0,0,1,0,0,NULL,'/store/1/default_images/african-businessman-2023-11-27-04-58-10-utc.jpeg',NULL,NULL,NULL,NULL,NULL,NULL,NULL,NULL,NULL,NULL,NULL,'all','active',1,0,NULL,'NGN','Africa/Lagos',0,0,NULL,NULL,1,0,0,NULL,NULL,0,NULL,1624692024,'2024-12-08 21:03:34',NULL,NULL,1),(1015,'Bayo Lawal','Lawal','Lawal','teacher',4,867,'+23461491170156','instructor@demo.com','Child Rights Advocate','$2y$10$8.jgtS/cg8L6HfuuBgWnkeg49r0LiY7kofR6eiY9b.mx747i82n.u',NULL,NULL,'ZPNelC08tmWLrZ9TOyCGseVBDZxML94KTLoMdW0VF7HfOGJoxQnfGTYgb7rA',0,1,1,0,1,0,1,NULL,'/store/1075/medium-shot-man-working-as-lawyer_23-2151054029.jpg',NULL,'/store/1015/court-hammer-books-judgment-law-concept.jpg',NULL,'As an advocate for gender equality and social justice, I have spent over 18 years building a legal practice dedicated to human rights law and family law. My expertise includes child custody disputes, domestic violence cases, and inheritance conflicts, where I strive to protect the rights of vulnerable individuals. In addition, I actively engage in policy discussions to improve Nigerias legal framework for gender equality. I regularly speak at conferences on womens empowerment and access to justice','Al Wakrah ,27904 Hilpert Knoll',69,70,71,72,_binary '\0\0\0\0\0\0\0}}z/#\"@\0@',_binary '','all','active',1,0,'EN',NULL,'Africa/Lagos',0,0,'/store/1015/passport.jpg','/store/1015/certificate_validation.jpg',1,0,0,NULL,NULL,0,NULL,1624817207,'2024-12-08 21:03:34',NULL,NULL,1),(1047,'SME Admin',NULL,NULL,'user',1,NULL,NULL,'a.ogbeide@sapphital.com',NULL,'$2y$10$OmpejtuIJgo5Xa0t0YhxjuBZlF2ebWTHa/VTpstTgEHl//LMmoc66',NULL,NULL,NULL,0,1,0,0,1,0,0,NULL,NULL,'{\"color\":\"000000\",\"background\":\"448aff\"}',NULL,NULL,NULL,NULL,NULL,NULL,NULL,NULL,NULL,NULL,'all','active',1,0,NULL,NULL,NULL,0,0,NULL,NULL,1,0,0,NULL,NULL,0,NULL,1729026013,'2024-12-08 21:03:34',NULL,NULL,1),(1049,'Youtherium Finance',NULL,NULL,'user',1,NULL,NULL,'youtherium.finance@gmail.com',NULL,'$2y$10$6Sy1iu/s4L6l5BpwkYEIf.Ib73pBtx/j6K73Y1UcjzSWP76fuyZe6',NULL,NULL,'IYdUPSZ36ARJhNDQmezfTE9qMZoPwqXaAR9j29DrEDREm28FVbSKsZesYFt0',1,0,0,0,1,0,0,NULL,NULL,'{\"color\":\"000000\",\"background\":\"4caf50\"}',NULL,NULL,NULL,NULL,NULL,NULL,NULL,NULL,NULL,NULL,'all','active',1,0,NULL,'NGN','Africa/Lagos',0,0,NULL,NULL,1,0,0,NULL,NULL,0,NULL,1729411887,'2024-12-08 21:03:34',NULL,NULL,1),(1050,'Senior Instructor',NULL,NULL,'eLearning_Admin',10,NULL,NULL,'seniorinstructor@sapphital.com',NULL,'$2y$10$5lW9rl5AjWy6tVUV83AEXePGc702p2RULmqWzMJEPZm6M5huy1sAm',NULL,NULL,'z5jawWOfS9WajY6l52xMu2npEvqiQyH2HxPlOYpijSclbSBQwQoPSKbSljlI',6,1,0,0,1,0,0,NULL,NULL,'{\"color\":\"FFFFFF\",\"background\":\"8e24aa\"}',NULL,NULL,NULL,NULL,NULL,NULL,NULL,NULL,NULL,NULL,'all','active',1,0,NULL,'NGN',NULL,0,0,NULL,NULL,0,0,0,NULL,NULL,0,NULL,1730115743,'2024-12-08 21:03:34',NULL,NULL,1),(1051,'Sapphital Operations','Sapphital','Operations','admin',2,NULL,NULL,'operations@sapphital.com',NULL,'$2y$10$i.57IbB6hZcnjqO2LHBNG.BnqMNSURTcxlJrHvG4HNeSfnlwJsPQC',NULL,NULL,'KfVP7Krsr0CJhwe8wZm0sqyzvnjrybnlHH8C46Xya5UftOQrHqry8NdnBZUP',2,1,0,0,1,0,0,NULL,NULL,'{\"color\":\"000000\",\"background\":\"651fff\"}',NULL,NULL,NULL,NULL,NULL,NULL,NULL,NULL,NULL,NULL,'all','active',1,0,NULL,NULL,NULL,0,0,NULL,NULL,0,0,0,NULL,NULL,0,NULL,1730199644,'2024-12-08 21:03:34',NULL,NULL,1),(1055,'Kelechi Ezumah',NULL,NULL,'user',1,NULL,NULL,'kelechiezumah@gmail.com',NULL,'$2y$10$nN79reU86zuXUEuSUhVGPuYmIwsSjlu7ClGV4Nr4zZDJPsv2FTZJm',NULL,NULL,'rKUY18XdKoi0bIjTZmxpblBGYI0kHQVhRQx2n7AhM4VC9dLmyudc4LIBaP06',4,0,0,0,1,0,1,50.00,NULL,'{\"color\":\"000000\",\"background\":\"aed581\"}',NULL,NULL,NULL,NULL,NULL,NULL,NULL,NULL,NULL,NULL,'all','active',1,0,NULL,NULL,'Africa/Lagos',0,0,NULL,NULL,1,0,0,NULL,NULL,0,NULL,1730284311,'2024-12-08 21:03:34',NULL,NULL,1),(1056,'Auralley',NULL,NULL,'user',1,NULL,NULL,'auralley.sapphital@gmail.com',NULL,'$2y$10$D/7RI3QLC7BUIqvhdY.SiuGNS.oEvigD/360KD.jSlaeTtV5/XQc.',NULL,NULL,NULL,1,1,0,0,1,0,1,50.00,NULL,'{\"color\":\"000000\",\"background\":\"80deea\"}',NULL,NULL,NULL,NULL,NULL,NULL,NULL,NULL,NULL,NULL,'all','active',1,0,NULL,NULL,'Africa/Lagos',0,0,NULL,NULL,0,0,0,NULL,NULL,0,NULL,1730578336,'2024-12-08 21:03:34',NULL,NULL,1),(1057,'Kenya Dev Ops 3','dev','ops','Sapphital_Admin',9,NULL,NULL,'devops3@management.com',NULL,'$2y$10$Zpi/1kUJXB8g2kUmiCm8QelpR9pFnHJYnx52utswZ2SrTU3hNZepm',NULL,NULL,NULL,0,1,0,0,1,0,0,NULL,NULL,'{\"color\":\"000000\",\"background\":\"673ab7\"}',NULL,NULL,NULL,NULL,NULL,NULL,NULL,NULL,NULL,NULL,'all','inactive',1,0,NULL,NULL,NULL,0,0,NULL,NULL,0,0,0,NULL,NULL,0,NULL,1732977598,'2024-12-08 21:03:34',NULL,NULL,1),(1058,'Danang',NULL,NULL,'user',1,NULL,NULL,'kesyqusy@teleg.eu',NULL,'$2y$10$yGayEqvH2q9fB6Et6JfMhupUWrn1DCr2JwLKEpfba19Z2hA1yUjqK',NULL,NULL,'CU0qbB3XALYPBKQJ8Z67VAkv95alwTnpCn8nUljzcfO30UJsgp2e6bKhtTuQ',2,0,0,0,1,0,1,50.00,NULL,'{\"color\":\"000000\",\"background\":\"aa00ff\"}',NULL,NULL,NULL,NULL,NULL,NULL,NULL,NULL,NULL,NULL,'all','active',1,0,NULL,NULL,'Africa/Lagos',0,0,NULL,NULL,0,0,0,NULL,NULL,0,NULL,1733281225,'2024-12-08 21:03:34',NULL,NULL,1),(1059,'Codekali','dev','ops','Sapphital_Admin',9,NULL,NULL,'dev@codekali.com',NULL,'$2y$10$WAxRUHOBXG3xTSedN5JrXOOkO5Pi2RUZjKI16Jnq9G5ab9h7C1ium',NULL,NULL,'j07FLtbb5HND0YGoDi00vkulD2gSIizCZx0n6F4FzBFkBJApq7BPeUJCjlSn',0,1,0,0,1,0,0,NULL,NULL,'{\"color\":\"000000\",\"background\":\"EC407A\"}',NULL,NULL,NULL,NULL,NULL,NULL,NULL,NULL,NULL,NULL,'all','inactive',1,0,NULL,NULL,NULL,0,0,NULL,NULL,0,0,0,NULL,NULL,0,NULL,1733578876,'2024-12-08 21:03:34',NULL,NULL,1),(1060,'Codekali Dev','Code','Kali','Sapphital_Admin',9,NULL,NULL,'developers@codekali.com',NULL,'$2y$10$ZGDuZ7N5s.Rm0KEOC3SY7.sImNp7Kpt7BkVA3eNEiaPeWaPqGjJ3W',NULL,NULL,'m1u6q07Z4dlfawyGqvtMgOTiHCUco8P2CCPbTKr001MDk2FKgrgU5kyEDrkQ',1,1,0,0,1,0,0,NULL,NULL,'{\"color\":\"FFFFFF\",\"background\":\"546e7a\"}',NULL,NULL,NULL,NULL,NULL,NULL,NULL,NULL,NULL,NULL,'all','inactive',1,0,NULL,NULL,NULL,0,0,NULL,NULL,0,0,0,NULL,NULL,0,NULL,1733645731,'2024-12-08 21:03:34',NULL,NULL,1),(1061,'Moriso',NULL,NULL,'user',1,NULL,NULL,'moriso254@gmail.com',NULL,'$2y$10$hBbocgqw3BP4JgqdQvcHQunJ9B2ZiqowYRXNYAvrGIK1mQsZysMIO',NULL,NULL,'W2jXujoXOxTGUD7BiUGWQBqMuwp4TS7naDWbeGBkam7TLIXD2kPpiXb6FgoR',1,1,0,0,1,0,0,NULL,NULL,'{\"color\":\"000000\",\"background\":\"ffab91\"}',NULL,NULL,NULL,NULL,NULL,NULL,NULL,NULL,NULL,NULL,'all','active',1,0,NULL,NULL,'Africa/Lagos',0,0,NULL,NULL,0,0,0,NULL,NULL,0,NULL,1733690071,'2024-12-08 21:03:34',NULL,NULL,1),(1062,'Kabwela','Hamadi','Mkuu','user',1,NULL,'700422688','kabwela@gmail.com',NULL,'$2y$10$Faj9A4r0.V/IXMjaLzFJw.28zmZjzEpOa54Piu2Zw4Okxw2aVyhhK',NULL,NULL,'l5YVwkOyV0D6QmYF2e89BKdvTOrVEGdDLiSHEVzh1m6b3YoT7OH4Yp9SJhCo',0,1,0,0,1,0,0,NULL,NULL,'{\"color\":\"FFFFFF\",\"background\":\"263238\"}',NULL,NULL,NULL,NULL,NULL,NULL,NULL,NULL,NULL,NULL,'all','active',1,0,NULL,NULL,NULL,0,0,NULL,NULL,1,0,0,NULL,NULL,0,NULL,1733691926,'2024-12-08 21:05:26',NULL,NULL,1),(1063,'Sango','Fondo','Hamisi','user',1,NULL,'700422677','sango@gmail.com',NULL,'$2y$10$zGOjapN7kaIMTKZS/0YXtef4N14V0XWDNXK6Uvw/ftCpehHf1KeZW',NULL,NULL,NULL,0,1,0,0,1,0,0,NULL,NULL,'{\"color\":\"000000\",\"background\":\"aeea00\"}',NULL,NULL,NULL,NULL,NULL,NULL,NULL,NULL,NULL,NULL,'all','active',1,0,NULL,NULL,NULL,0,0,NULL,NULL,1,0,0,NULL,NULL,0,NULL,1733691926,'2024-12-08 21:05:26',NULL,NULL,1),(1064,'Juma','Omar','Kipanga','user',1,NULL,'700422699','juma@gmail.com',NULL,'$2y$10$kJZKOY24jS7Pld1TpBoGuOv2lRD5H5ZPIu.olNtWr6.UfUZ1BQrsW',NULL,NULL,NULL,0,1,0,0,1,0,0,NULL,NULL,'{\"color\":\"000000\",\"background\":\"ffcc80\"}',NULL,NULL,NULL,NULL,NULL,NULL,NULL,NULL,NULL,NULL,'all','active',1,0,NULL,NULL,NULL,0,0,NULL,NULL,1,0,0,NULL,NULL,0,NULL,1733691926,'2024-12-08 21:05:26',NULL,NULL,1),(1066,'Sapph5','Kels16','Ekere17','user',1,NULL,'7080009987','sapph1@exampe.com',NULL,'$2y$10$7zxC4QQRS1wyub/X1x6MU.O6/ffFEl0NcB/sOuU25AZ5FtCtXGajm',NULL,NULL,NULL,0,1,0,0,1,0,0,NULL,NULL,'{\"color\":\"000000\",\"background\":\"bcaaa4\"}',NULL,NULL,NULL,NULL,NULL,NULL,NULL,NULL,NULL,NULL,'all','active',1,0,NULL,NULL,NULL,0,0,NULL,NULL,1,0,0,NULL,NULL,0,NULL,1733750691,'2024-12-09 13:24:51',NULL,NULL,1),(1067,'Sapph2','Kels2','Ekere2','user',1,NULL,'7080009333','sapph2@exampe.com',NULL,'$2y$10$TclbHUsIqZRm7LiUBOd6o.OcHUZm1TtjmaHcj0iE9JTso/09uNOBK',NULL,NULL,NULL,0,1,0,0,1,0,0,NULL,NULL,'{\"color\":\"000000\",\"background\":\"81d4fa\"}',NULL,NULL,NULL,NULL,NULL,NULL,NULL,NULL,NULL,NULL,'all','active',1,0,NULL,NULL,NULL,0,0,NULL,NULL,1,0,0,NULL,NULL,0,NULL,1733750691,'2024-12-09 13:24:51',NULL,NULL,1),(1068,'Sapph3','Kels3','Ekere3','user',1,NULL,'7080009444','sapph3@exampe.com',NULL,'$2y$10$H9DdUxbAAAgBeiodYk/zPOlsH0GCXmKfEkJyZaEHwEErFCbaNBUZC',NULL,NULL,NULL,0,1,0,0,1,0,0,NULL,NULL,'{\"color\":\"000000\",\"background\":\"78909c\"}',NULL,NULL,NULL,NULL,NULL,NULL,NULL,NULL,NULL,NULL,'all','active',1,0,NULL,NULL,NULL,0,0,NULL,NULL,1,0,0,NULL,NULL,0,NULL,1733750691,'2024-12-09 13:24:51',NULL,NULL,1),(1073,'NEXIM Academy Admin','NEXIM','Academy','organization',3,NULL,NULL,'ogbeide.amu@gmail.com',NULL,'$2y$10$zrU7C43bGgq6cJHobBW8UeupPACiSj5d/8sHFqcO/SKs09SZvtCdu',NULL,NULL,'NptrqzRsNOkN92e9VnH4uLJacN7bQ17q2lEasqv3ZXx8fUAR6EePv8ygBBqp',1,1,0,0,1,0,0,NULL,NULL,'{\"color\":\"000000\",\"background\":\"b2ebf2\"}',NULL,NULL,NULL,NULL,NULL,NULL,NULL,NULL,NULL,NULL,'all','active',1,0,NULL,NULL,NULL,0,0,NULL,NULL,0,0,0,NULL,NULL,0,NULL,1734217315,'2024-12-14 23:01:55',NULL,NULL,1),(1075,'Abdulrazaq Abdullahi',NULL,NULL,'eLearning_Admin',10,NULL,NULL,'sadiq.niya@gmail.com',NULL,'$2y$10$2N9eARWpX6uCT02MmniaJ.FH0MyRAV9LXBlzkE3hpCDQdFFIK0m96',NULL,NULL,'XXxs7iFSzaHZU45RbKO2iP2W5vZfrYC81gn16WGLih0v7yd4SPWAdyVNjSKx',0,1,0,0,1,0,0,NULL,NULL,'{\"color\":\"FFFFFF\",\"background\":\"ffb300\"}',NULL,NULL,NULL,NULL,NULL,NULL,NULL,NULL,NULL,NULL,'all','active',1,0,NULL,'USD',NULL,0,0,NULL,NULL,0,0,0,NULL,NULL,0,NULL,1734270718,'2024-12-15 13:51:58',NULL,NULL,1),(1076,'Ahmed Hassan',NULL,NULL,'teacher',4,NULL,'+2348023871554','jerod.omari@moonapps.org','Legal Analyst at EFCC','$2y$10$4maL2TF378LpkyAGGl25RuAnG0tRaPJlYwQ1bTjLhmbPc3V3OT8ay',NULL,NULL,NULL,0,1,0,0,1,0,0,NULL,'/store/1075/elegant-businessman_23-2148012923.jpg','{\"color\":\"000000\",\"background\":\"eceff1\"}',NULL,NULL,'I am a litigation expert with a focus on criminal defense and financial crimes. For over 13 years, I have defended individuals and organizations in high-stakes cases involving fraud, money laundering, and corruption. I am deeply committed to upholding justice and ensuring fair trials. In addition, I provide legal training for young lawyers to enhance their advocacy skills.','',69,NULL,NULL,NULL,_binary '\0\0\0\0\0\0\0APi\!@\0\0\0\@',_binary '','all','active',1,0,'EN',NULL,'Africa/Lagos',0,0,'','',0,0,0,NULL,NULL,0,NULL,1734301748,'2024-12-15 22:29:08',NULL,NULL,1),(1077,'Amu',NULL,NULL,'Kelechi_Admin',11,NULL,NULL,'amu.learning@gmail.com',NULL,'$2y$10$07EaBR/cnTQboN6g7xokRu8AY7NLqmDjV5qEL9v/kWQB7qckbQIk2',NULL,NULL,'N6e0RtNaNWzn6I54RZJFnx3uOhhEXeznDCYRXmmaDOLQhcEkJhkd7adXj0rq',0,1,0,0,1,0,0,NULL,NULL,'{\"color\":\"000000\",\"background\":\"9575cd\"}',NULL,NULL,NULL,NULL,NULL,NULL,NULL,NULL,NULL,NULL,'all','active',1,0,NULL,NULL,NULL,0,0,NULL,NULL,0,0,0,NULL,NULL,0,NULL,1734303989,'2024-12-15 23:06:29',NULL,NULL,1),(1078,'Regina Home',NULL,NULL,'user',1,NULL,NULL,'regina.hometutor@gmail.com',NULL,'$2y$10$nL4B6ZnjSIwAv0n4LyKCleYa/XSsHnf.Rn7eQtXOm5lq8eDSOdyWy',NULL,NULL,NULL,1,0,0,0,1,0,1,50.00,NULL,'{\"color\":\"000000\",\"background\":\"009688\"}',NULL,NULL,NULL,NULL,NULL,NULL,NULL,NULL,NULL,NULL,'all','active',1,0,NULL,NULL,'Africa/Lagos',0,0,NULL,NULL,0,0,0,NULL,NULL,0,NULL,1734305748,'2024-12-15 23:35:48',NULL,NULL,1),(1080,'Al-amir Suleyman',NULL,NULL,'user',1,NULL,NULL,'alamir.sapphital@gmail.com',NULL,'$2y$10$rLAGUQBMQUI4rKRARyThh.ICAWqV.yoiFL/aN/hlfAauam8diO6m.',NULL,NULL,'Q17widwHUtzE1S03xFjr0Z59AIYYz8nFvQGCHrKtGId5y4jyYC6elesrcxPv',2,0,0,0,1,0,1,50.00,NULL,'{\"color\":\"000000\",\"background\":\"ff3d00\"}',NULL,NULL,NULL,NULL,NULL,NULL,NULL,NULL,NULL,NULL,'all','active',1,0,NULL,NULL,'Africa/Lagos',0,0,NULL,NULL,0,0,0,NULL,NULL,0,NULL,1734616352,'2024-12-19 13:52:32',NULL,NULL,1),(1081,'Abdulrazaq Sadiq',NULL,NULL,'user',1,NULL,NULL,'razaqabdul114@gmail.com',NULL,'$2y$10$uGuxGexRh/aBs2qbFxUi6eo96s6cksX8DnPHluNWo.RPxPzM2tPxi',NULL,NULL,NULL,1,0,0,0,1,0,1,50.00,NULL,'{\"color\":\"000000\",\"background\":\"d500f9\"}',NULL,NULL,NULL,NULL,NULL,NULL,NULL,NULL,NULL,NULL,'all','active',1,0,NULL,NULL,'Africa/Lagos',0,0,NULL,NULL,0,0,0,NULL,NULL,0,NULL,1734806287,'2024-12-21 18:38:07',NULL,NULL,1),(1100,'Francis','Nzuki',NULL,'user',1,NULL,NULL,'nzukifrancis20@gmail.com',NULL,'$2y$10$Q3/3RbnN1KgxPOrf14rvR.tZFbIqYRYbl7uwfNCMXQvgX1ysxrQ6m',NULL,NULL,NULL,0,1,0,0,1,0,0,NULL,NULL,'{\"color\":\"000000\",\"background\":\"fff3e0\"}',NULL,NULL,NULL,NULL,NULL,NULL,NULL,NULL,NULL,NULL,'all','active',1,0,NULL,NULL,NULL,0,0,NULL,NULL,1,0,0,NULL,NULL,0,NULL,1736174019,'2025-01-06 14:33:39',NULL,NULL,0),(1109,'Faith','Ruth','Aisha','user',1,NULL,'123456789','seniordevglobal@gmail.com',NULL,'$2y$10$JoJbybkK.6Z4ZfRHhFcCRejRtp.grsyvafGCIVNgVcHfXBAtUDkOe',NULL,NULL,NULL,0,1,0,0,1,0,0,NULL,NULL,'{\"color\":\"000000\",\"background\":\"4db6ac\"}',NULL,NULL,NULL,NULL,NULL,NULL,NULL,NULL,NULL,NULL,'all','active',1,0,NULL,NULL,NULL,0,0,NULL,NULL,1,0,0,NULL,NULL,0,NULL,1736346915,'2025-01-08 14:35:15',NULL,NULL,0),(1110,'Abdul','Faith','Ronaldo','user',1,NULL,'1234556789','kelechiezumah544@gmail.com',NULL,'$2y$10$.K2U9Xr/1Jy94SnNP7mc4eJOQ87mYnjKk.bcjynSH/BxHJxHMdkDe',NULL,NULL,NULL,0,1,0,0,1,0,0,NULL,NULL,'{\"color\":\"000000\",\"background\":\"FF80AB\"}',NULL,NULL,NULL,NULL,NULL,NULL,NULL,NULL,NULL,NULL,'all','active',1,0,NULL,NULL,NULL,0,0,NULL,NULL,1,0,0,NULL,NULL,0,NULL,1736346915,'2025-01-08 14:35:15',NULL,NULL,0),(1111,'Bamidele','Faith','Israel','user',1,NULL,'123456789','kels.ezumah@gmail.com',NULL,'$2y$10$ZJJiEjc9lfbcVrZKwjAiWOrVXwIi.2npEM0cHKosxUyQ2JEg.y1vC',NULL,NULL,NULL,0,1,0,0,1,0,0,NULL,NULL,'{\"color\":\"FFFFFF\",\"background\":\"303f9f\"}',NULL,NULL,NULL,NULL,NULL,NULL,NULL,NULL,NULL,NULL,'all','active',1,0,NULL,NULL,NULL,0,0,NULL,NULL,1,0,0,NULL,NULL,0,NULL,1736346915,'2025-01-08 14:35:15',NULL,NULL,0),(1112,'Danang',NULL,NULL,'user',1,NULL,NULL,'pekyte@cyclelove.cc',NULL,'$2y$10$xehqVciuSZWn9hiVTpKwR.ICz5YmwXsikfvWExq/uVzT.iJi0x.8q',NULL,NULL,'Dn3M3plYuZN01RAjavBOLXWOo15mhUpnp4TiWpaukdTWCqf2kdys0eC3Ehh9',2,0,0,0,1,0,1,50.00,NULL,'{\"color\":\"000000\",\"background\":\"90caf9\"}',NULL,NULL,NULL,NULL,NULL,NULL,NULL,NULL,NULL,NULL,'all','active',1,0,NULL,NULL,'Africa/Lagos',0,0,NULL,NULL,0,0,0,NULL,NULL,0,NULL,1737115675,'2025-01-17 12:07:55',NULL,NULL,1),(1113,'Rashidat Bamidele',NULL,NULL,'user',1,NULL,NULL,'witt.berel@megasend.org',NULL,'$2y$10$1VLpbpxyUcZ9ZSBgcfmsBenTVB/e8GqM39jQ3ZDvI1xREbtLf8Cv6',NULL,NULL,NULL,0,0,0,0,1,0,1,50.00,NULL,'{\"color\":\"000000\",\"background\":\"b3e5fc\"}',NULL,NULL,NULL,NULL,NULL,NULL,NULL,NULL,NULL,NULL,'all','active',1,0,NULL,NULL,'Africa/Lagos',0,0,NULL,NULL,0,0,0,NULL,NULL,0,NULL,1737455966,'2025-01-21 10:39:26',NULL,NULL,1),(1114,'Obum',NULL,NULL,'user',1,NULL,NULL,'obum619@gmail.com',NULL,'$2y$10$b8kFvKf8UWYUJHhzC/WIL.u8zaAvaqoYauK6ukKt3BniS77.ugICK',NULL,NULL,NULL,1,0,0,0,1,0,1,50.00,NULL,'{\"color\":\"000000\",\"background\":\"ff8a65\"}',NULL,NULL,NULL,NULL,NULL,NULL,NULL,NULL,NULL,NULL,'all','active',1,0,NULL,NULL,'Africa/Lagos',0,0,'/store/1114/NELFUND.png','/store/1114/Becoming a Clipper King CST.docx.pdf',0,0,0,NULL,NULL,0,NULL,1737455972,'2025-01-21 10:39:32',NULL,NULL,1),(1115,'Rosemary Ezomo',NULL,NULL,'user',1,NULL,NULL,'onohimarosemary@gmail.com',NULL,'$2y$10$hjNKIDNI5AtPd2gJllVT9.7IyuTCGgP/ddTUey3ZaZnUG1bhKtNOO',NULL,NULL,'M2V1dWpLCj6aJrwuQqItzP2D8c47Wedc07raZlnWNbR3MbwW1L8zPX8uHIwp',2,0,0,0,1,0,1,50.00,NULL,'{\"color\":\"000000\",\"background\":\"29b6f6\"}',NULL,NULL,NULL,NULL,NULL,NULL,NULL,NULL,NULL,NULL,'all','active',1,0,NULL,NULL,'Africa/Lagos',0,0,NULL,NULL,0,0,0,NULL,NULL,0,NULL,1737559814,'2025-01-22 15:30:14',NULL,NULL,1),(1116,'NJI Admin','NJI','Admin','teacher',4,NULL,'08023871554',NULL,NULL,'$2y$10$HIpPsYy8VzY1I3LlMFHoEepUmkqrOWBvYG3H5HJFr5DdCtivGQfNi',NULL,NULL,NULL,0,1,0,0,1,0,0,NULL,'/store/1075/Untitled design (29).png',NULL,NULL,NULL,'As the dedicated administrator of the NJI Learning Platform, I ensure the smooth operation and maintenance of this vital resource for Nigerias judiciary. My responsibilities include managing course content, providing technical support, monitoring user engagement, and driving innovations to enhance the e-learning experience.\r\n\r\nWith a focus on delivering accessible and high-quality professional development opportunities, I am committed to supporting judicial officers and legal professionals in their continuous learning journey. Through this platform, my mission is to uphold the National Judicial Institutes standards of excellence in legal education and training.',NULL,NULL,NULL,NULL,NULL,NULL,NULL,'all','active',1,0,NULL,'NGN','Africa/Lagos',0,0,NULL,NULL,0,0,0,NULL,NULL,0,NULL,1737638159,'2025-01-23 13:15:59',NULL,NULL,1),(1117,'Olatunji Ojo',NULL,NULL,'user',1,NULL,NULL,'ahmod.perseus@megasend.org',NULL,'$2y$10$LNfm5qAzTLbJIdu8pQjeuuyt6G3Z2Uajc92DRwoNcduVLVIOkzGIa',NULL,NULL,NULL,0,0,0,0,1,0,1,50.00,NULL,'{\"color\":\"000000\",\"background\":\"18ffff\"}',NULL,NULL,NULL,NULL,NULL,NULL,NULL,NULL,NULL,NULL,'all','active',1,0,NULL,NULL,'Africa/Lagos',0,0,NULL,NULL,0,0,0,NULL,NULL,0,NULL,1737639523,'2025-01-23 13:38:43',NULL,NULL,1),(1118,'Frank',NULL,NULL,'user',1,NULL,NULL,'kelechiezumah@yahoo.com',NULL,'$2y$10$wvhrrPwp.PfTFT9XB1NYMer.dbLb8lpg.psBVG9r84ahRciaU1CPq',NULL,NULL,NULL,0,0,0,0,1,0,1,50.00,NULL,'{\"color\":\"000000\",\"background\":\"fff9c4\"}',NULL,NULL,NULL,NULL,NULL,NULL,NULL,NULL,NULL,NULL,'all','active',1,0,NULL,NULL,'Africa/Lagos',0,0,NULL,NULL,0,0,0,NULL,NULL,0,NULL,1737709997,'2025-01-24 09:13:17',NULL,NULL,1),(1119,'LMS Admin',NULL,NULL,'Sapphital_Admin',9,NULL,NULL,'admin@sapphitalgroup.net',NULL,'$2y$10$u6T81x4T24bK7jTNRZo0IOfVV0qi2.mX1D4H4kI30IINAHi2I2Vti',NULL,NULL,'tSkYj8vhygdQcpMjw7mDUuEGmKM9gWUtaZKHDF1bxFDsn3eGBUX6dMfsUCZr',1,1,0,0,1,0,0,NULL,NULL,'{\"color\":\"000000\",\"background\":\"90a4ae\"}',NULL,NULL,NULL,NULL,NULL,NULL,NULL,NULL,NULL,NULL,'all','active',1,0,NULL,NULL,NULL,0,0,NULL,NULL,0,0,0,NULL,NULL,0,NULL,1737712429,'2025-01-24 09:53:49',NULL,NULL,1),(1120,'Moses','Mba','Doe','user',1,NULL,NULL,'kelitutu@yahoo.com',NULL,'$2y$10$0SF5s7c5mAU27MCuQfW85esjO.QW1HrhAniDwYJDXqhTOxeNjJX0e',NULL,NULL,'ekeLiYqVYSl1G8qE4dZ0QbtXSYcfOiTsNqbUkIh27Shfu0p7cusJEkAMMue0',1,0,0,0,1,0,0,NULL,NULL,'{\"color\":\"000000\",\"background\":\"e8f5e9\"}',NULL,NULL,NULL,NULL,NULL,NULL,NULL,NULL,NULL,NULL,'all','active',1,0,NULL,'NGN','Africa/Lagos',0,0,NULL,NULL,0,0,0,NULL,NULL,0,NULL,1737712785,'2025-01-24 09:59:45',NULL,NULL,1),(1121,'Dev Test User 6',NULL,NULL,'user',1,NULL,NULL,'devtest6@example.com',NULL,'$2y$10$XzOq5UM4xo5gceSPdUAX..qprZRGb/nVvYapbIuxjumI8WiaCQswC',NULL,NULL,'Z1x1fQEJ3yuxVwnKyk1o9AaiB2DfQ1zihAHKp9MuoYeSBYPCVgZfHpyMCw1t',2,1,0,0,1,0,0,NULL,NULL,'{\"color\":\"000000\",\"background\":\"aeea00\"}',NULL,NULL,NULL,NULL,NULL,NULL,NULL,NULL,NULL,NULL,'all','active',1,0,NULL,NULL,NULL,0,0,NULL,NULL,0,0,0,NULL,NULL,0,NULL,1737828055,'2025-01-25 18:00:55',NULL,NULL,1);
/*!40000 ALTER TABLE `users` ENABLE KEYS */;
UNLOCK TABLES;

--
-- Table structure for table `users_badges`
--

DROP TABLE IF EXISTS `users_badges`;
/*!40101 SET @saved_cs_client     = @@character_set_client */;
/*!50503 SET character_set_client = utf8mb4 */;
CREATE TABLE `users_badges` (
  `id` int unsigned NOT NULL AUTO_INCREMENT,
  `user_id` int unsigned NOT NULL,
  `badge_id` int unsigned NOT NULL,
  `created_at` int unsigned NOT NULL,
  PRIMARY KEY (`id`) USING BTREE,
  KEY `users_badges_user_id_foreign` (`user_id`) USING BTREE,
  KEY `users_badges_badge_id_foreign` (`badge_id`) USING BTREE,
  CONSTRAINT `users_badges_badge_id_foreign` FOREIGN KEY (`badge_id`) REFERENCES `badges` (`id`) ON DELETE CASCADE,
  CONSTRAINT `users_badges_user_id_foreign` FOREIGN KEY (`user_id`) REFERENCES `users` (`id`) ON DELETE CASCADE
) ENGINE=InnoDB AUTO_INCREMENT=12 DEFAULT CHARSET=utf8mb4 COLLATE=utf8mb4_unicode_ci ROW_FORMAT=DYNAMIC;
/*!40101 SET character_set_client = @saved_cs_client */;

--
-- Dumping data for table `users_badges`
--

LOCK TABLES `users_badges` WRITE;
/*!40000 ALTER TABLE `users_badges` DISABLE KEYS */;
INSERT INTO `users_badges` VALUES (11,1116,34,1737638504);
/*!40000 ALTER TABLE `users_badges` ENABLE KEYS */;
UNLOCK TABLES;

--
-- Table structure for table `users_cookie_security`
--

DROP TABLE IF EXISTS `users_cookie_security`;
/*!40101 SET @saved_cs_client     = @@character_set_client */;
/*!50503 SET character_set_client = utf8mb4 */;
CREATE TABLE `users_cookie_security` (
  `id` int unsigned NOT NULL AUTO_INCREMENT,
  `user_id` int unsigned NOT NULL,
  `type` enum('all','customize') CHARACTER SET utf8mb4 COLLATE utf8mb4_unicode_ci NOT NULL,
  `settings` text CHARACTER SET utf8mb4 COLLATE utf8mb4_unicode_ci,
  `created_at` bigint unsigned NOT NULL,
  PRIMARY KEY (`id`),
  KEY `users_cookie_security_user_id_foreign` (`user_id`),
  CONSTRAINT `users_cookie_security_user_id_foreign` FOREIGN KEY (`user_id`) REFERENCES `users` (`id`) ON DELETE CASCADE
) ENGINE=InnoDB AUTO_INCREMENT=21 DEFAULT CHARSET=utf8mb4 COLLATE=utf8mb4_unicode_ci;
/*!40101 SET character_set_client = @saved_cs_client */;

--
-- Dumping data for table `users_cookie_security`
--

LOCK TABLES `users_cookie_security` WRITE;
/*!40000 ALTER TABLE `users_cookie_security` DISABLE KEYS */;
INSERT INTO `users_cookie_security` VALUES (1,1015,'all',NULL,1655621683),(2,1,'all',NULL,1655624844),(3,934,'all',NULL,1655627382),(6,929,'all',NULL,1655799536),(12,1075,'all',NULL,1734931018),(13,1051,'all',NULL,1737387889),(15,1113,'all',NULL,1737456107),(16,1114,'all',NULL,1737456211),(17,1115,'all',NULL,1737559966),(18,1117,'all',NULL,1737640244),(19,1120,'all',NULL,1737725512),(20,1121,'all',NULL,1737828110);
/*!40000 ALTER TABLE `users_cookie_security` ENABLE KEYS */;
UNLOCK TABLES;

--
-- Table structure for table `users_manual_purchase`
--

DROP TABLE IF EXISTS `users_manual_purchase`;
/*!40101 SET @saved_cs_client     = @@character_set_client */;
/*!50503 SET character_set_client = utf8mb4 */;
CREATE TABLE `users_manual_purchase` (
  `id` int unsigned NOT NULL AUTO_INCREMENT,
  `user_id` int unsigned NOT NULL,
  `webinar_id` int unsigned NOT NULL,
  `access` tinyint(1) NOT NULL DEFAULT '0',
  `created_at` bigint unsigned NOT NULL,
  PRIMARY KEY (`id`)
) ENGINE=InnoDB DEFAULT CHARSET=utf8mb4 COLLATE=utf8mb4_unicode_ci;
/*!40101 SET character_set_client = @saved_cs_client */;

--
-- Dumping data for table `users_manual_purchase`
--

LOCK TABLES `users_manual_purchase` WRITE;
/*!40000 ALTER TABLE `users_manual_purchase` DISABLE KEYS */;
/*!40000 ALTER TABLE `users_manual_purchase` ENABLE KEYS */;
UNLOCK TABLES;

--
-- Table structure for table `users_metas`
--

DROP TABLE IF EXISTS `users_metas`;
/*!40101 SET @saved_cs_client     = @@character_set_client */;
/*!50503 SET character_set_client = utf8mb4 */;
CREATE TABLE `users_metas` (
  `id` int unsigned NOT NULL AUTO_INCREMENT,
  `user_id` int unsigned NOT NULL,
  `name` varchar(255) CHARACTER SET utf8mb4 COLLATE utf8mb4_unicode_ci NOT NULL,
  `value` text CHARACTER SET utf8mb4 COLLATE utf8mb4_unicode_ci NOT NULL,
  PRIMARY KEY (`id`),
  KEY `users_metas_user_id_foreign` (`user_id`),
  CONSTRAINT `users_metas_user_id_foreign` FOREIGN KEY (`user_id`) REFERENCES `users` (`id`) ON DELETE CASCADE
) ENGINE=InnoDB AUTO_INCREMENT=91 DEFAULT CHARSET=utf8mb4 COLLATE=utf8mb4_unicode_ci;
/*!40101 SET character_set_client = @saved_cs_client */;

--
-- Dumping data for table `users_metas`
--

LOCK TABLES `users_metas` WRITE;
/*!40000 ALTER TABLE `users_metas` DISABLE KEYS */;
INSERT INTO `users_metas` VALUES (25,1015,'experience','Program Officer at ActionAid Nigeria (2011  2013)'),(26,1015,'experience','Legal Officer at the Ministry of Women Affairs, Nigeria (2013  2016)'),(27,1015,'education','LL.B. in Law from the University of Ibadan'),(28,1015,'education','Diploma in Child Rights Law from UNICEF Training Centre'),(29,1015,'education','LL.M. in Family Law from the University of London'),(30,929,'experience','Intern at the Lagos State Ministry of Justice (2016  2017)'),(31,929,'experience','Legal Associate at Aluko & Oyebode (2018  2022)'),(32,929,'experience','Legal Counsel at MTN Nigeria (2022  Present)'),(41,870,'education','Associate in Physical Therapy from University of British Columbia'),(42,870,'education','Bachelor of Arts in Psychology from Duke University'),(43,870,'education','Master of Public Health from Cornell University'),(44,929,'education','LL.B. in Law from the University of Lagos'),(45,929,'education','LL.M. in Corporate Law from the University of Cambridge'),(46,929,'education','Associate of Chartered Institute of Arbitrators (CIArb), UK'),(47,934,'education','LL.B. in Law from Covenant University'),(48,934,'education','LL.M. in Intellectual Property Law from Queen Mary University of London'),(49,934,'experience','Legal Intern at Nigerian Copyright Commission (2014  2015)'),(54,1015,'address','Al Wakrah ,27904 Hilpert Knoll'),(55,934,'gender','woman'),(56,934,'age','38'),(58,1015,'gender','man'),(59,1015,'age','29'),(60,929,'gender','man'),(61,929,'age','36'),(63,870,'gender','woman'),(64,870,'age','28'),(65,870,'address','99 boulevard de Prague'),(71,863,'age','22'),(72,863,'address','19, Janata Market, Nerul, Navi Mumbai'),(74,867,'address','Massachusetts, West Roxbury, 3979 Smith Street'),(77,929,'address','123 Ugbaka, Ugheli Delta State, Nigeria'),(78,934,'signature','/store/1/default_images/default_signature.jpg'),(79,934,'education','Certificate in Tech Law from Stanford University'),(80,934,'experience','Intellectual Property Counsel at Andela (2016  2020)'),(81,934,'experience','Associate at Olaniwun Ajayi LP (2020 till date)'),(82,1076,'education','B.Sc. in Criminology from the University of Jos'),(83,1076,'education','LL.M. in Criminal Law from the University of Pretoria'),(84,1076,'education','Certificate in Forensic Evidence Analysis from the University of Kent'),(85,1076,'experience','Court Registrar at the Federal High Court, Abuja (2011  2013)'),(86,1076,'experience','Prosecutor at the Ministry of Justice, Ogun State (2013  2016)'),(87,1076,'experience','Legal Analyst at the Economic and Financial Crimes Commission (EFCC) (2016  Present)'),(88,1076,'gender','man'),(89,1015,'signature','/store/1/default_images/default_signature.jpg'),(90,1015,'experience','Child Rights Advocate at Save the Children Nigeria (2016  Present)');
/*!40000 ALTER TABLE `users_metas` ENABLE KEYS */;
UNLOCK TABLES;

--
-- Table structure for table `users_occupations`
--

DROP TABLE IF EXISTS `users_occupations`;
/*!40101 SET @saved_cs_client     = @@character_set_client */;
/*!50503 SET character_set_client = utf8mb4 */;
CREATE TABLE `users_occupations` (
  `id` int unsigned NOT NULL AUTO_INCREMENT,
  `user_id` int unsigned NOT NULL,
  `category_id` int unsigned NOT NULL,
  PRIMARY KEY (`id`) USING BTREE,
  KEY `users_occupations_user_id_foreign` (`user_id`) USING BTREE,
  KEY `users_occupations_category_id_foreign` (`category_id`) USING BTREE,
  CONSTRAINT `users_occupations_category_id_foreign` FOREIGN KEY (`category_id`) REFERENCES `categories` (`id`) ON DELETE CASCADE,
  CONSTRAINT `users_occupations_user_id_foreign` FOREIGN KEY (`user_id`) REFERENCES `users` (`id`) ON DELETE CASCADE
) ENGINE=InnoDB AUTO_INCREMENT=1082 DEFAULT CHARSET=utf8mb4 COLLATE=utf8mb4_unicode_ci ROW_FORMAT=DYNAMIC;
/*!40101 SET character_set_client = @saved_cs_client */;

--
-- Dumping data for table `users_occupations`
--

LOCK TABLES `users_occupations` WRITE;
/*!40000 ALTER TABLE `users_occupations` DISABLE KEYS */;
INSERT INTO `users_occupations` VALUES (1010,1015,609),(1011,1015,606),(1012,1015,607),(1016,867,520),(1017,867,525),(1018,867,611),(1019,867,606),(1020,867,607),(1021,867,608),(1027,929,604),(1028,929,525),(1029,929,609),(1030,929,610),(1031,929,611),(1032,870,523),(1033,870,604),(1039,934,525),(1040,934,606),(1041,934,607),(1042,934,608),(1050,863,601),(1051,863,602),(1052,863,603),(1053,863,609),(1054,863,611),(1059,868,601),(1060,868,602),(1061,868,603),(1062,868,523),(1063,868,611),(1064,4,520),(1065,4,606),(1079,1114,624),(1080,1114,609),(1081,1114,633);
/*!40000 ALTER TABLE `users_occupations` ENABLE KEYS */;
UNLOCK TABLES;

--
-- Table structure for table `users_registration_packages`
--

DROP TABLE IF EXISTS `users_registration_packages`;
/*!40101 SET @saved_cs_client     = @@character_set_client */;
/*!50503 SET character_set_client = utf8mb4 */;
CREATE TABLE `users_registration_packages` (
  `id` bigint unsigned NOT NULL AUTO_INCREMENT,
  `user_id` int unsigned NOT NULL,
  `instructors_count` int DEFAULT NULL,
  `students_count` int DEFAULT NULL,
  `courses_capacity` int DEFAULT NULL,
  `courses_count` int DEFAULT NULL,
  `meeting_count` int DEFAULT NULL,
  `status` enum('disabled','active') CHARACTER SET utf8mb4 COLLATE utf8mb4_unicode_ci NOT NULL,
  `created_at` int unsigned NOT NULL,
  PRIMARY KEY (`id`),
  KEY `users_registration_packages_user_id_foreign` (`user_id`),
  CONSTRAINT `users_registration_packages_user_id_foreign` FOREIGN KEY (`user_id`) REFERENCES `users` (`id`) ON DELETE CASCADE
) ENGINE=InnoDB AUTO_INCREMENT=3 DEFAULT CHARSET=utf8mb4 COLLATE=utf8mb4_unicode_ci;
/*!40101 SET character_set_client = @saved_cs_client */;

--
-- Dumping data for table `users_registration_packages`
--

LOCK TABLES `users_registration_packages` WRITE;
/*!40000 ALTER TABLE `users_registration_packages` DISABLE KEYS */;
/*!40000 ALTER TABLE `users_registration_packages` ENABLE KEYS */;
UNLOCK TABLES;

--
-- Table structure for table `users_zoom_api`
--

DROP TABLE IF EXISTS `users_zoom_api`;
/*!40101 SET @saved_cs_client     = @@character_set_client */;
/*!50503 SET character_set_client = utf8mb4 */;
CREATE TABLE `users_zoom_api` (
  `id` int unsigned NOT NULL AUTO_INCREMENT,
  `user_id` int unsigned NOT NULL,
  `jwt_token` text CHARACTER SET utf8mb4 COLLATE utf8mb4_unicode_ci,
  `api_key` text CHARACTER SET utf8mb4 COLLATE utf8mb4_unicode_ci,
  `api_secret` text CHARACTER SET utf8mb4 COLLATE utf8mb4_unicode_ci,
  `account_id` text CHARACTER SET utf8mb4 COLLATE utf8mb4_unicode_ci,
  `created_at` int NOT NULL,
  PRIMARY KEY (`id`),
  KEY `users_zoom_api_user_id_foreign` (`user_id`),
  CONSTRAINT `users_zoom_api_user_id_foreign` FOREIGN KEY (`user_id`) REFERENCES `users` (`id`) ON DELETE CASCADE
) ENGINE=InnoDB AUTO_INCREMENT=4 DEFAULT CHARSET=utf8mb4 COLLATE=utf8mb4_unicode_ci;
/*!40101 SET character_set_client = @saved_cs_client */;

--
-- Dumping data for table `users_zoom_api`
--

LOCK TABLES `users_zoom_api` WRITE;
/*!40000 ALTER TABLE `users_zoom_api` DISABLE KEYS */;
INSERT INTO `users_zoom_api` VALUES (3,1015,'eyJhbGciOiJIUzI1NiJ9.eyJhdWQiOm51bGwsImlzcyI6IlJvSDREeURtU2lHQTNjMXhMejFoUWciLCJleHAiOjE3NjYyNTAwMDAsImlhdCI6MTYyNDk2NjMwM30.exdStLAnK4V4jIFd6CtLCX_4nvMYLpX1JqMj70If04s','x1u5-C4FSdGsqweFlMGO7A','AOtbi0nkg9ThD1DtlNUlQB9C8cV670eGzqQR',NULL,1624966312);
/*!40000 ALTER TABLE `users_zoom_api` ENABLE KEYS */;
UNLOCK TABLES;

--
-- Table structure for table `verifications`
--

DROP TABLE IF EXISTS `verifications`;
/*!40101 SET @saved_cs_client     = @@character_set_client */;
/*!50503 SET character_set_client = utf8mb4 */;
CREATE TABLE `verifications` (
  `id` int unsigned NOT NULL AUTO_INCREMENT,
  `user_id` int unsigned DEFAULT NULL,
  `mobile` char(16) CHARACTER SET utf8mb4 COLLATE utf8mb4_unicode_ci DEFAULT NULL,
  `email` char(64) CHARACTER SET utf8mb4 COLLATE utf8mb4_unicode_ci DEFAULT NULL,
  `code` char(6) CHARACTER SET utf8mb4 COLLATE utf8mb4_unicode_ci NOT NULL,
  `verified_at` int unsigned DEFAULT NULL,
  `expired_at` int unsigned DEFAULT NULL,
  `created_at` int unsigned NOT NULL,
  PRIMARY KEY (`id`) USING BTREE,
  KEY `verifications_user_id_foreign` (`user_id`) USING BTREE,
  CONSTRAINT `verifications_user_id_foreign` FOREIGN KEY (`user_id`) REFERENCES `users` (`id`) ON DELETE CASCADE
) ENGINE=InnoDB AUTO_INCREMENT=104 DEFAULT CHARSET=utf8mb4 COLLATE=utf8mb4_unicode_ci ROW_FORMAT=DYNAMIC;
/*!40101 SET character_set_client = @saved_cs_client */;

--
-- Dumping data for table `verifications`
--

LOCK TABLES `verifications` WRITE;
/*!40000 ALTER TABLE `verifications` DISABLE KEYS */;
INSERT INTO `verifications` VALUES (86,1049,NULL,'youtherium.finance@gmail.com','86599',NULL,1729415487,1729411887),(89,1055,NULL,'kelechiezumah@gmail.com','60330',1730284373,1730284423,1730284312),(90,1056,NULL,'auralley.sapphital@gmail.com','27920',1730578356,1730578406,1730578338),(91,1058,NULL,'kesyqusy@teleg.eu','76273',1733281299,1733281349,1733281227),(92,1061,NULL,'moriso254@gmail.com','83445',NULL,1733693671,1733690071),(93,1078,NULL,'regina.hometutor@gmail.com','33375',1734305792,1734305842,1734305748),(94,1080,NULL,'alamir.sapphital@gmail.com','38971',1734616427,1734616477,1734616352),(95,1081,NULL,'razaqabdul114@gmail.com','66518',1734806331,1734806381,1734806287),(97,1112,NULL,'pekyte@cyclelove.cc','11969',1737115700,1737115750,1737115675),(98,1113,NULL,'witt.berel@megasend.org','16371',1737455994,1737456044,1737455966),(99,1114,NULL,'obum619@gmail.com','20677',1737455994,1737456044,1737455972),(100,1115,NULL,'onohimarosemary@gmail.com','88420',1737559885,1737559935,1737559814),(101,1117,NULL,'ahmod.perseus@megasend.org','51175',1737639630,1737639680,1737639523),(102,1118,NULL,'kelechiezumah@yahoo.com','71734',1737710031,1737710081,1737709997),(103,1120,NULL,'kelitutu@yahoo.com','42211',NULL,1737716385,1737712785);
/*!40000 ALTER TABLE `verifications` ENABLE KEYS */;
UNLOCK TABLES;

--
-- Table structure for table `waitlists`
--

DROP TABLE IF EXISTS `waitlists`;
/*!40101 SET @saved_cs_client     = @@character_set_client */;
/*!50503 SET character_set_client = utf8mb4 */;
CREATE TABLE `waitlists` (
  `id` int unsigned NOT NULL AUTO_INCREMENT,
  `webinar_id` int unsigned NOT NULL,
  `user_id` int unsigned DEFAULT NULL,
  `full_name` varchar(255) CHARACTER SET utf8mb4 COLLATE utf8mb4_unicode_ci DEFAULT NULL,
  `email` varchar(255) CHARACTER SET utf8mb4 COLLATE utf8mb4_unicode_ci DEFAULT NULL,
  `phone` varchar(255) CHARACTER SET utf8mb4 COLLATE utf8mb4_unicode_ci DEFAULT NULL,
  `created_at` bigint unsigned NOT NULL,
  PRIMARY KEY (`id`),
  KEY `waitlists_webinar_id_foreign` (`webinar_id`),
  KEY `waitlists_user_id_foreign` (`user_id`),
  CONSTRAINT `waitlists_user_id_foreign` FOREIGN KEY (`user_id`) REFERENCES `users` (`id`) ON DELETE CASCADE,
  CONSTRAINT `waitlists_webinar_id_foreign` FOREIGN KEY (`webinar_id`) REFERENCES `webinars` (`id`) ON DELETE CASCADE
) ENGINE=InnoDB AUTO_INCREMENT=5 DEFAULT CHARSET=utf8mb4 COLLATE=utf8mb4_unicode_ci;
/*!40101 SET character_set_client = @saved_cs_client */;

--
-- Dumping data for table `waitlists`
--

LOCK TABLES `waitlists` WRITE;
/*!40000 ALTER TABLE `waitlists` DISABLE KEYS */;
/*!40000 ALTER TABLE `waitlists` ENABLE KEYS */;
UNLOCK TABLES;

--
-- Table structure for table `webinar_assignment_attachments`
--

DROP TABLE IF EXISTS `webinar_assignment_attachments`;
/*!40101 SET @saved_cs_client     = @@character_set_client */;
/*!50503 SET character_set_client = utf8mb4 */;
CREATE TABLE `webinar_assignment_attachments` (
  `id` bigint unsigned NOT NULL AUTO_INCREMENT,
  `creator_id` int unsigned NOT NULL,
  `assignment_id` int unsigned NOT NULL,
  `title` varchar(255) CHARACTER SET utf8mb4 COLLATE utf8mb4_unicode_ci NOT NULL,
  `attach` varchar(255) CHARACTER SET utf8mb4 COLLATE utf8mb4_unicode_ci NOT NULL,
  PRIMARY KEY (`id`),
  KEY `webinar_assignment_attachments_assignment_id_foreign` (`assignment_id`),
  CONSTRAINT `webinar_assignment_attachments_assignment_id_foreign` FOREIGN KEY (`assignment_id`) REFERENCES `webinar_assignments` (`id`) ON DELETE CASCADE
) ENGINE=InnoDB AUTO_INCREMENT=9 DEFAULT CHARSET=utf8mb4 COLLATE=utf8mb4_unicode_ci;
/*!40101 SET character_set_client = @saved_cs_client */;

--
-- Dumping data for table `webinar_assignment_attachments`
--

LOCK TABLES `webinar_assignment_attachments` WRITE;
/*!40000 ALTER TABLE `webinar_assignment_attachments` DISABLE KEYS */;
INSERT INTO `webinar_assignment_attachments` VALUES (3,929,1,'Assignment File','/store/929/Sample_PDF.pdf'),(4,1015,2,'Homework File','/store/1015/Documentation.pdf');
/*!40000 ALTER TABLE `webinar_assignment_attachments` ENABLE KEYS */;
UNLOCK TABLES;

--
-- Table structure for table `webinar_assignment_history`
--

DROP TABLE IF EXISTS `webinar_assignment_history`;
/*!40101 SET @saved_cs_client     = @@character_set_client */;
/*!50503 SET character_set_client = utf8mb4 */;
CREATE TABLE `webinar_assignment_history` (
  `id` int unsigned NOT NULL AUTO_INCREMENT,
  `instructor_id` int unsigned NOT NULL,
  `student_id` int unsigned NOT NULL,
  `assignment_id` int unsigned NOT NULL,
  `grade` int unsigned DEFAULT NULL,
  `status` enum('pending','passed','not_passed','not_submitted') CHARACTER SET utf8mb4 COLLATE utf8mb4_unicode_ci NOT NULL,
  `created_at` bigint unsigned NOT NULL,
  PRIMARY KEY (`id`),
  KEY `webinar_assignment_history_instructor_id_foreign` (`instructor_id`),
  KEY `webinar_assignment_history_student_id_foreign` (`student_id`),
  KEY `webinar_assignment_history_assignment_id_foreign` (`assignment_id`),
  CONSTRAINT `webinar_assignment_history_assignment_id_foreign` FOREIGN KEY (`assignment_id`) REFERENCES `webinar_assignments` (`id`) ON DELETE CASCADE,
  CONSTRAINT `webinar_assignment_history_instructor_id_foreign` FOREIGN KEY (`instructor_id`) REFERENCES `users` (`id`) ON DELETE CASCADE,
  CONSTRAINT `webinar_assignment_history_student_id_foreign` FOREIGN KEY (`student_id`) REFERENCES `users` (`id`) ON DELETE CASCADE
) ENGINE=InnoDB AUTO_INCREMENT=10 DEFAULT CHARSET=utf8mb4 COLLATE=utf8mb4_unicode_ci;
/*!40101 SET character_set_client = @saved_cs_client */;

--
-- Dumping data for table `webinar_assignment_history`
--

LOCK TABLES `webinar_assignment_history` WRITE;
/*!40000 ALTER TABLE `webinar_assignment_history` DISABLE KEYS */;
/*!40000 ALTER TABLE `webinar_assignment_history` ENABLE KEYS */;
UNLOCK TABLES;

--
-- Table structure for table `webinar_assignment_history_messages`
--

DROP TABLE IF EXISTS `webinar_assignment_history_messages`;
/*!40101 SET @saved_cs_client     = @@character_set_client */;
/*!50503 SET character_set_client = utf8mb4 */;
CREATE TABLE `webinar_assignment_history_messages` (
  `id` int unsigned NOT NULL AUTO_INCREMENT,
  `assignment_history_id` int unsigned NOT NULL,
  `sender_id` int unsigned NOT NULL,
  `message` text CHARACTER SET utf8mb4 COLLATE utf8mb4_unicode_ci NOT NULL,
  `file_title` varchar(255) CHARACTER SET utf8mb4 COLLATE utf8mb4_unicode_ci DEFAULT NULL,
  `file_path` varchar(255) CHARACTER SET utf8mb4 COLLATE utf8mb4_unicode_ci DEFAULT NULL,
  `created_at` bigint unsigned NOT NULL,
  PRIMARY KEY (`id`),
  KEY `webinar_assignment_history_id` (`assignment_history_id`),
  CONSTRAINT `webinar_assignment_history_id` FOREIGN KEY (`assignment_history_id`) REFERENCES `webinar_assignment_history` (`id`) ON DELETE CASCADE
) ENGINE=InnoDB AUTO_INCREMENT=18 DEFAULT CHARSET=utf8mb4 COLLATE=utf8mb4_unicode_ci;
/*!40101 SET character_set_client = @saved_cs_client */;

--
-- Dumping data for table `webinar_assignment_history_messages`
--

LOCK TABLES `webinar_assignment_history_messages` WRITE;
/*!40000 ALTER TABLE `webinar_assignment_history_messages` DISABLE KEYS */;
/*!40000 ALTER TABLE `webinar_assignment_history_messages` ENABLE KEYS */;
UNLOCK TABLES;

--
-- Table structure for table `webinar_assignment_translations`
--

DROP TABLE IF EXISTS `webinar_assignment_translations`;
/*!40101 SET @saved_cs_client     = @@character_set_client */;
/*!50503 SET character_set_client = utf8mb4 */;
CREATE TABLE `webinar_assignment_translations` (
  `id` bigint unsigned NOT NULL AUTO_INCREMENT,
  `locale` varchar(255) CHARACTER SET utf8mb4 COLLATE utf8mb4_unicode_ci NOT NULL,
  `webinar_assignment_id` int unsigned NOT NULL,
  `title` text CHARACTER SET utf8mb4 COLLATE utf8mb4_unicode_ci NOT NULL,
  `description` text CHARACTER SET utf8mb4 COLLATE utf8mb4_unicode_ci NOT NULL,
  PRIMARY KEY (`id`),
  KEY `webinar_assignment_id_translate_foreign` (`webinar_assignment_id`),
  KEY `webinar_assignment_translations_locale_index` (`locale`),
  CONSTRAINT `webinar_assignment_id_translate_foreign` FOREIGN KEY (`webinar_assignment_id`) REFERENCES `webinar_assignments` (`id`) ON DELETE CASCADE
) ENGINE=InnoDB AUTO_INCREMENT=8 DEFAULT CHARSET=utf8mb4 COLLATE=utf8mb4_unicode_ci;
/*!40101 SET character_set_client = @saved_cs_client */;

--
-- Dumping data for table `webinar_assignment_translations`
--

LOCK TABLES `webinar_assignment_translations` WRITE;
/*!40000 ALTER TABLE `webinar_assignment_translations` DISABLE KEYS */;
INSERT INTO `webinar_assignment_translations` VALUES (1,'en',1,'Students Assignment','Homework, or a homework assignment, is a set of tasks assigned to students by their teachers to be completed outside the classroom.\r\nThe effects of homework are debated. Generally speaking, homework does not improve academic performance among young children. Homework may improve academic skills among older students, especially lower-achieving students. However, homework also creates stress for students and parents and reduces the amount of time that students can spend on other activities.\r\n\r\nPlease send the assignments within the specified deadline.'),(2,'en',2,'Mid-term Homework','A  Homework to test yourself on your grasp of CSS and reassure yourself that you\'ve got this!\r\nPlease send your homework as soon as possible.\r\nRegards.');
/*!40000 ALTER TABLE `webinar_assignment_translations` ENABLE KEYS */;
UNLOCK TABLES;

--
-- Table structure for table `webinar_assignments`
--

DROP TABLE IF EXISTS `webinar_assignments`;
/*!40101 SET @saved_cs_client     = @@character_set_client */;
/*!50503 SET character_set_client = utf8mb4 */;
CREATE TABLE `webinar_assignments` (
  `id` int unsigned NOT NULL AUTO_INCREMENT,
  `creator_id` int unsigned NOT NULL,
  `webinar_id` int unsigned NOT NULL,
  `chapter_id` int unsigned NOT NULL,
  `grade` int unsigned DEFAULT NULL,
  `pass_grade` int unsigned DEFAULT NULL,
  `deadline` int unsigned DEFAULT NULL,
  `attempts` int unsigned DEFAULT NULL,
  `check_previous_parts` tinyint(1) NOT NULL DEFAULT '0',
  `access_after_day` int unsigned DEFAULT NULL,
  `status` enum('active','inactive') CHARACTER SET utf8mb4 COLLATE utf8mb4_unicode_ci NOT NULL,
  `created_at` bigint unsigned NOT NULL,
  PRIMARY KEY (`id`),
  KEY `webinar_assignments_creator_id_foreign` (`creator_id`),
  KEY `webinar_assignments_webinar_id_foreign` (`webinar_id`),
  KEY `webinar_assignments_chapter_id_foreign` (`chapter_id`),
  CONSTRAINT `webinar_assignments_chapter_id_foreign` FOREIGN KEY (`chapter_id`) REFERENCES `webinar_chapters` (`id`) ON DELETE CASCADE,
  CONSTRAINT `webinar_assignments_creator_id_foreign` FOREIGN KEY (`creator_id`) REFERENCES `users` (`id`) ON DELETE CASCADE,
  CONSTRAINT `webinar_assignments_webinar_id_foreign` FOREIGN KEY (`webinar_id`) REFERENCES `webinars` (`id`) ON DELETE CASCADE
) ENGINE=InnoDB AUTO_INCREMENT=6 DEFAULT CHARSET=utf8mb4 COLLATE=utf8mb4_unicode_ci;
/*!40101 SET character_set_client = @saved_cs_client */;

--
-- Dumping data for table `webinar_assignments`
--

LOCK TABLES `webinar_assignments` WRITE;
/*!40000 ALTER TABLE `webinar_assignments` DISABLE KEYS */;
INSERT INTO `webinar_assignments` VALUES (1,929,2010,31,100,70,180,5,0,NULL,'active',1655801119),(2,1015,2008,34,100,75,250,1,0,NULL,'active',1656407252);
/*!40000 ALTER TABLE `webinar_assignments` ENABLE KEYS */;
UNLOCK TABLES;

--
-- Table structure for table `webinar_chapter_items`
--

DROP TABLE IF EXISTS `webinar_chapter_items`;
/*!40101 SET @saved_cs_client     = @@character_set_client */;
/*!50503 SET character_set_client = utf8mb4 */;
CREATE TABLE `webinar_chapter_items` (
  `id` bigint unsigned NOT NULL AUTO_INCREMENT,
  `user_id` int unsigned NOT NULL,
  `chapter_id` int unsigned NOT NULL,
  `item_id` int unsigned NOT NULL,
  `type` enum('file','session','text_lesson','quiz','assignment') CHARACTER SET utf8mb4 COLLATE utf8mb4_unicode_ci NOT NULL,
  `order` int unsigned DEFAULT NULL,
  `created_at` bigint unsigned NOT NULL,
  PRIMARY KEY (`id`),
  KEY `webinar_chapter_items_chapter_id_foreign` (`chapter_id`),
  KEY `user_id` (`user_id`),
  CONSTRAINT `user_id` FOREIGN KEY (`user_id`) REFERENCES `users` (`id`) ON DELETE CASCADE,
  CONSTRAINT `webinar_chapter_items_chapter_id_foreign` FOREIGN KEY (`chapter_id`) REFERENCES `webinar_chapters` (`id`) ON DELETE CASCADE
) ENGINE=InnoDB AUTO_INCREMENT=246 DEFAULT CHARSET=utf8mb4 COLLATE=utf8mb4_unicode_ci;
/*!40101 SET character_set_client = @saved_cs_client */;

--
-- Dumping data for table `webinar_chapter_items`
--

LOCK TABLES `webinar_chapter_items` WRITE;
/*!40000 ALTER TABLE `webinar_chapter_items` DISABLE KEYS */;
INSERT INTO `webinar_chapter_items` VALUES (5,934,24,35,'file',1,1624956937),(6,1015,20,36,'file',1,1624966718),(7,1076,9,37,'file',3,1734801801),(8,929,9,38,'file',2,1625038447),(9,929,10,39,'file',4,1625038633),(10,929,10,40,'file',1,1625039003),(11,929,10,41,'file',3,1625039096),(12,929,10,42,'file',2,1625039180),(14,863,14,44,'file',1,1625123527),(16,929,8,46,'file',2,1625685492),(17,929,8,47,'file',1,1625685578),(18,929,8,48,'file',3,1625685691),(19,4,7,49,'file',1,1625690308),(20,4,7,50,'file',2,1625690699),(21,4,7,51,'file',3,1625690835),(26,867,2,56,'file',1,1626234339),(27,867,2,57,'file',2,1626234398),(28,867,3,58,'file',1,1626234448),(29,867,3,59,'file',2,1626234512),(30,1015,28,60,'file',1,1646119189),(31,1015,28,61,'file',2,1646119460),(32,1015,28,62,'file',3,1646119651),(33,1015,29,63,'file',1,1646120871),(34,1015,29,64,'file',2,1646124099),(35,1015,29,65,'file',3,1646124765),(36,1015,29,66,'file',4,1646124966),(37,1015,29,67,'file',5,1646125437),(38,1015,29,68,'file',6,1646126002),(39,1015,29,69,'file',7,1646126305),(40,1015,29,70,'file',8,1646126442),(41,1015,29,71,'file',9,1646127121),(42,1015,29,72,'file',10,1646130252),(43,1015,29,73,'file',11,1646130397),(49,1015,21,59,'session',1,1624966322),(50,1015,21,60,'session',2,1624966428),(51,1015,21,61,'session',3,1624966659),(58,863,15,68,'session',1,1625122908),(59,863,15,69,'session',2,1625122957),(60,863,15,70,'session',3,1625123036),(64,1015,30,74,'session',1,1646172799),(65,1015,30,75,'session',2,1646172930),(66,1015,30,76,'session',3,1646391211),(67,934,26,13,'text_lesson',1,1624954655),(68,934,26,14,'text_lesson',2,1624954929),(69,934,26,15,'text_lesson',3,1624956733),(71,929,8,30,'quiz',4,1625039490),(74,1015,21,33,'quiz',4,1625951048),(76,1015,29,35,'quiz',12,1646173391),(77,929,31,74,'file',1,1655799640),(78,929,31,75,'file',3,1655799735),(79,929,31,76,'file',4,1655800074),(80,929,31,1,'assignment',2,1655801119),(81,929,32,77,'file',1,1655801400),(82,929,33,78,'file',1,1655801529),(83,1015,34,2,'assignment',1,1656407252),(209,870,41,94,'file',1,1678911505),(210,870,41,95,'file',2,1678911686),(213,1015,45,98,'file',1,1730212607),(214,1015,46,99,'file',1,1730212665),(215,1015,47,100,'file',1,1730212729),(216,1015,48,101,'file',1,1730212783),(217,1015,49,102,'file',1,1730212821),(218,1015,50,103,'file',1,1730212876),(219,1015,51,104,'file',1,1730212916),(220,1015,52,105,'file',1,1730212962),(222,1015,52,44,'quiz',2,1730213090),(223,1015,52,45,'quiz',3,1730214818),(234,1051,59,22,'text_lesson',1,1734275714),(235,934,57,115,'file',1,1734801456),(236,934,58,116,'file',1,1734801495),(237,1015,61,117,'file',1,1734801646),(238,1015,62,118,'file',1,1734801708),(239,934,63,119,'file',1,1734801949),(240,934,64,120,'file',1,1734801986),(241,934,65,121,'file',1,1734802361),(242,934,66,122,'file',1,1734802402),(243,934,24,48,'quiz',2,1734806077),(244,929,60,50,'quiz',1,1735460423),(245,929,60,51,'quiz',2,1735460449);
/*!40000 ALTER TABLE `webinar_chapter_items` ENABLE KEYS */;
UNLOCK TABLES;

--
-- Table structure for table `webinar_chapter_translations`
--

DROP TABLE IF EXISTS `webinar_chapter_translations`;
/*!40101 SET @saved_cs_client     = @@character_set_client */;
/*!50503 SET character_set_client = utf8mb4 */;
CREATE TABLE `webinar_chapter_translations` (
  `id` bigint unsigned NOT NULL AUTO_INCREMENT,
  `webinar_chapter_id` int unsigned NOT NULL,
  `locale` varchar(255) CHARACTER SET utf8mb4 COLLATE utf8mb4_unicode_ci NOT NULL,
  `title` varchar(255) CHARACTER SET utf8mb4 COLLATE utf8mb4_unicode_ci NOT NULL,
  PRIMARY KEY (`id`),
  KEY `webinar_chapter_id` (`webinar_chapter_id`),
  KEY `webinar_chapter_translations_locale_index` (`locale`),
  CONSTRAINT `webinar_chapter_id` FOREIGN KEY (`webinar_chapter_id`) REFERENCES `webinar_chapters` (`id`) ON DELETE CASCADE
) ENGINE=InnoDB AUTO_INCREMENT=68 DEFAULT CHARSET=utf8mb4 COLLATE=utf8mb4_unicode_ci;
/*!40101 SET character_set_client = @saved_cs_client */;

--
-- Dumping data for table `webinar_chapter_translations`
--

LOCK TABLES `webinar_chapter_translations` WRITE;
/*!40000 ALTER TABLE `webinar_chapter_translations` DISABLE KEYS */;
INSERT INTO `webinar_chapter_translations` VALUES (2,2,'en','Introduction'),(3,3,'en','General Advice & Tips'),(7,7,'en','Essentials'),(8,8,'en','Exponential'),(9,9,'en','Introduction'),(10,10,'en','Tactics of Influence & Persuasion'),(14,14,'en','Introduction'),(15,15,'en','Setting Up Your Fitness Diet'),(20,20,'en','Introduction'),(21,21,'en','Microsoft Excel Fundamentals'),(24,24,'en','Introduction'),(26,26,'en','Stepping into the World of Python'),(28,28,'en','SCORM Files'),(29,29,'en','Different File Types'),(30,30,'en','Introduction'),(31,31,'en','First Chapter'),(32,32,'en','Second Chapter'),(33,33,'en','Final Chapter'),(34,34,'en','Assignments'),(42,41,'en','Section 1: Introduction to Secure Host'),(46,45,'en','Introduction'),(47,46,'en','Key Questions'),(48,47,'en','Customer Value Proposition'),(49,48,'en','Sketching your Concept'),(50,49,'en','Functional Requirement'),(51,50,'en','Use Cases'),(52,51,'en','Product Service and Validation'),(53,52,'en','Final Word'),(58,57,'en','Introduction to Courtroom Management'),(59,58,'en','Common mistakes judges make while in court'),(60,59,'en','Understanding the Specifics of a Case'),(61,60,'en','Case Handling'),(62,61,'en','What is a Court Automation Process'),(63,62,'en','What is Electronic Filing'),(64,63,'en','What is Social Justice All About'),(65,64,'en','Achieving Gender Equality from a Legal Perspective'),(66,65,'en','The Ethics of the Legal Profession'),(67,66,'en','Being Professional in the Legal Profession');
/*!40000 ALTER TABLE `webinar_chapter_translations` ENABLE KEYS */;
UNLOCK TABLES;

--
-- Table structure for table `webinar_chapters`
--

DROP TABLE IF EXISTS `webinar_chapters`;
/*!40101 SET @saved_cs_client     = @@character_set_client */;
/*!50503 SET character_set_client = utf8mb4 */;
CREATE TABLE `webinar_chapters` (
  `id` int unsigned NOT NULL AUTO_INCREMENT,
  `user_id` int unsigned NOT NULL,
  `webinar_id` int unsigned NOT NULL,
  `order` int unsigned DEFAULT NULL,
  `check_all_contents_pass` tinyint(1) NOT NULL DEFAULT '0',
  `status` enum('active','inactive') CHARACTER SET utf8mb4 COLLATE utf8mb4_unicode_ci NOT NULL DEFAULT 'active',
  `created_at` int unsigned NOT NULL,
  PRIMARY KEY (`id`),
  KEY `webinar_chapters_user_id_foreign` (`user_id`),
  KEY `webinar_chapters_webinar_id_foreign` (`webinar_id`),
  CONSTRAINT `webinar_chapters_user_id_foreign` FOREIGN KEY (`user_id`) REFERENCES `users` (`id`) ON DELETE CASCADE,
  CONSTRAINT `webinar_chapters_webinar_id_foreign` FOREIGN KEY (`webinar_id`) REFERENCES `webinars` (`id`) ON DELETE CASCADE
) ENGINE=InnoDB AUTO_INCREMENT=67 DEFAULT CHARSET=utf8mb4 COLLATE=utf8mb4_unicode_ci;
/*!40101 SET character_set_client = @saved_cs_client */;

--
-- Dumping data for table `webinar_chapters`
--

LOCK TABLES `webinar_chapters` WRITE;
/*!40000 ALTER TABLE `webinar_chapters` DISABLE KEYS */;
INSERT INTO `webinar_chapters` VALUES (2,1015,2007,NULL,0,'active',1635407804),(3,867,2007,NULL,0,'active',1635407977),(7,4,2005,NULL,0,'active',1635412460),(8,929,2004,NULL,0,'active',1635412622),(9,1076,1999,NULL,0,'active',1635412731),(10,1076,1999,NULL,0,'active',1635414134),(14,863,2002,NULL,0,'active',1635416977),(15,863,2002,NULL,0,'active',1635417025),(20,1015,1998,NULL,0,'active',1635417480),(21,1015,1998,NULL,0,'active',1635417524),(24,934,1997,NULL,0,'active',1635417828),(26,934,1997,NULL,0,'active',1635417896),(28,1015,2008,NULL,0,'active',1646118899),(29,1015,2008,NULL,0,'active',1646119712),(30,1015,2009,NULL,0,'active',1646171933),(31,929,2010,NULL,0,'active',1655799483),(32,929,2010,NULL,1,'active',1655801203),(33,929,2010,NULL,0,'active',1655801453),(34,1015,2008,NULL,0,'active',1655975170),(41,870,2022,NULL,0,'active',1678911205),(45,1015,2024,NULL,0,'active',1730212541),(46,1015,2024,NULL,0,'active',1730212567),(47,1015,2024,NULL,0,'active',1730212698),(48,1015,2024,NULL,0,'active',1730212754),(49,1015,2024,NULL,0,'active',1730212798),(50,1015,2024,NULL,0,'active',1730212833),(51,1015,2024,NULL,0,'active',1730212889),(52,1015,2024,NULL,0,'active',1730212930),(57,934,2028,NULL,0,'active',1730598629),(58,934,2028,NULL,0,'active',1730598703),(59,929,2030,NULL,1,'active',1734275116),(60,929,2030,NULL,1,'active',1734275155),(61,1015,2027,NULL,0,'active',1734801543),(62,1015,2027,NULL,0,'active',1734801568),(63,934,2031,NULL,0,'active',1734801850),(64,934,2031,NULL,0,'active',1734801885),(65,934,2029,NULL,0,'active',1734802162),(66,934,2029,NULL,0,'active',1734802308);
/*!40000 ALTER TABLE `webinar_chapters` ENABLE KEYS */;
UNLOCK TABLES;

--
-- Table structure for table `webinar_extra_description_translations`
--

DROP TABLE IF EXISTS `webinar_extra_description_translations`;
/*!40101 SET @saved_cs_client     = @@character_set_client */;
/*!50503 SET character_set_client = utf8mb4 */;
CREATE TABLE `webinar_extra_description_translations` (
  `id` bigint unsigned NOT NULL AUTO_INCREMENT,
  `webinar_extra_description_id` int unsigned NOT NULL,
  `locale` varchar(255) CHARACTER SET utf8mb4 COLLATE utf8mb4_unicode_ci NOT NULL,
  `value` text CHARACTER SET utf8mb4 COLLATE utf8mb4_unicode_ci NOT NULL,
  PRIMARY KEY (`id`),
  KEY `webinar_extra_description_id_foreign` (`webinar_extra_description_id`),
  KEY `webinar_extra_description_translations_locale_index` (`locale`),
  CONSTRAINT `webinar_extra_description_id_foreign` FOREIGN KEY (`webinar_extra_description_id`) REFERENCES `webinar_extra_descriptions` (`id`) ON DELETE CASCADE
) ENGINE=InnoDB AUTO_INCREMENT=52 DEFAULT CHARSET=utf8mb4 COLLATE=utf8mb4_unicode_ci;
/*!40101 SET character_set_client = @saved_cs_client */;

--
-- Dumping data for table `webinar_extra_description_translations`
--

LOCK TABLES `webinar_extra_description_translations` WRITE;
/*!40000 ALTER TABLE `webinar_extra_description_translations` DISABLE KEYS */;
INSERT INTO `webinar_extra_description_translations` VALUES (1,1,'en','Have a greater understanding of your life\'s greater purpose'),(2,2,'en','Find greater meaning and purpose in your current career'),(3,3,'en','See the greater meaning in the experiences in your life'),(4,4,'en','Replace limiting beliefs with empowering beliefs'),(9,9,'en','A computer (Windows/Mac/Linux). That\'s it!'),(10,10,'en','No previous coding experience is needed'),(11,11,'en','All tools and software used in this course will be free'),(12,12,'en','Prepare to learn real life skills and build real web apps that will get you hired!'),(13,13,'en','/store/929/logo/logo (1).png'),(14,14,'en','/store/929/logo/logo (2).png'),(15,15,'en','/store/929/logo/logo (3).png'),(16,16,'en','/store/929/logo/logo (4).png'),(17,17,'en','/store/1015/logo_files/logo (1).png'),(18,18,'en','/store/1015/logo_files/logo (2).png'),(19,19,'en','/store/1015/logo_files/logo (3).png'),(20,20,'en','/store/1015/logo_files/logo (4).png'),(21,21,'en','Have a computer with Internet'),(22,22,'en','Be ready to learn an insane amount of awesome stuff'),(23,23,'en','Prepare to build real web apps!'),(24,24,'en','Create a complicated yelp-like application from scratch'),(25,25,'en','Make REAL web applications using cutting-edge technologies'),(26,26,'en','Create your own Node modules'),(27,27,'en','Create a beautiful animated todo list application'),(28,28,'en','Understand the ins and outs of HTTP requests'),(29,29,'en','To learn the python language'),(30,30,'en','To learn the CORE skills to understand any programming language'),(31,31,'en','NO programming knowledge required'),(38,38,'en','Create any website layout you can imagine'),(39,39,'en','Support any device size with Responsive (mobile-friendly) Design'),(40,40,'en','Add tasteful animations and effects with CSS3'),(41,41,'en','No prerequisite knowledge required'),(42,42,'en','No special software required'),(46,46,'en','Downloadables'),(47,47,'en','/store/1050/Logo 1 (1).png');
/*!40000 ALTER TABLE `webinar_extra_description_translations` ENABLE KEYS */;
UNLOCK TABLES;

--
-- Table structure for table `webinar_extra_descriptions`
--

DROP TABLE IF EXISTS `webinar_extra_descriptions`;
/*!40101 SET @saved_cs_client     = @@character_set_client */;
/*!50503 SET character_set_client = utf8mb4 */;
CREATE TABLE `webinar_extra_descriptions` (
  `id` int unsigned NOT NULL AUTO_INCREMENT,
  `creator_id` int unsigned NOT NULL,
  `webinar_id` int unsigned DEFAULT NULL,
  `upcoming_course_id` int unsigned DEFAULT NULL,
  `type` enum('learning_materials','company_logos','requirements') CHARACTER SET utf8mb4 COLLATE utf8mb4_unicode_ci NOT NULL,
  `order` int unsigned DEFAULT NULL,
  `created_at` bigint unsigned NOT NULL,
  PRIMARY KEY (`id`),
  KEY `webinar_extra_descriptions_creator_id_foreign` (`creator_id`),
  KEY `webinar_extra_descriptions_webinar_id_foreign` (`webinar_id`),
  KEY `webinar_extra_descriptions_upcoming_course_id_foreign` (`upcoming_course_id`),
  CONSTRAINT `webinar_extra_descriptions_creator_id_foreign` FOREIGN KEY (`creator_id`) REFERENCES `users` (`id`) ON DELETE CASCADE,
  CONSTRAINT `webinar_extra_descriptions_upcoming_course_id_foreign` FOREIGN KEY (`upcoming_course_id`) REFERENCES `upcoming_courses` (`id`) ON DELETE CASCADE,
  CONSTRAINT `webinar_extra_descriptions_webinar_id_foreign` FOREIGN KEY (`webinar_id`) REFERENCES `webinars` (`id`) ON DELETE CASCADE
) ENGINE=InnoDB AUTO_INCREMENT=52 DEFAULT CHARSET=utf8mb4 COLLATE=utf8mb4_unicode_ci;
/*!40101 SET character_set_client = @saved_cs_client */;

--
-- Dumping data for table `webinar_extra_descriptions`
--

LOCK TABLES `webinar_extra_descriptions` WRITE;
/*!40000 ALTER TABLE `webinar_extra_descriptions` DISABLE KEYS */;
INSERT INTO `webinar_extra_descriptions` VALUES (1,929,2010,NULL,'learning_materials',NULL,1655803120),(2,929,2010,NULL,'learning_materials',NULL,1655803131),(3,929,2010,NULL,'learning_materials',NULL,1655803150),(4,929,2010,NULL,'learning_materials',NULL,1655803174),(9,929,2010,NULL,'requirements',NULL,1655804489),(10,929,2010,NULL,'requirements',NULL,1655804502),(11,929,2010,NULL,'requirements',NULL,1655804514),(12,929,2010,NULL,'requirements',NULL,1655804529),(13,929,2010,NULL,'company_logos',NULL,1655871591),(14,929,2010,NULL,'company_logos',NULL,1655871600),(15,929,2010,NULL,'company_logos',NULL,1655871608),(16,929,2010,NULL,'company_logos',NULL,1655871622),(17,1015,2008,NULL,'company_logos',NULL,1656220273),(18,1015,2008,NULL,'company_logos',NULL,1656220284),(19,1015,2008,NULL,'company_logos',NULL,1656220295),(20,1015,2008,NULL,'company_logos',NULL,1656220306),(21,1015,2008,NULL,'requirements',NULL,1656220352),(22,1015,2008,NULL,'requirements',NULL,1656220362),(23,1015,2008,NULL,'requirements',NULL,1656220373),(24,1015,2008,NULL,'learning_materials',NULL,1656220401),(25,1015,2008,NULL,'learning_materials',NULL,1656220412),(26,1015,2008,NULL,'learning_materials',NULL,1656220456),(27,1015,2008,NULL,'learning_materials',NULL,1656220468),(28,1015,2008,NULL,'learning_materials',NULL,1656220486),(29,1015,NULL,3,'learning_materials',1,1678876303),(30,1015,NULL,3,'learning_materials',2,1678876310),(31,1015,NULL,3,'requirements',1,1678876326),(38,934,NULL,5,'learning_materials',1,1678878141),(39,934,NULL,5,'learning_materials',2,1678878149),(40,934,NULL,5,'learning_materials',3,1678878157),(41,934,NULL,5,'requirements',1,1678878173),(42,934,NULL,5,'requirements',2,1678878189),(46,1015,2024,NULL,'learning_materials',1,1730213336),(47,1015,2024,NULL,'company_logos',1,1730213606);
/*!40000 ALTER TABLE `webinar_extra_descriptions` ENABLE KEYS */;
UNLOCK TABLES;

--
-- Table structure for table `webinar_filter_option`
--

DROP TABLE IF EXISTS `webinar_filter_option`;
/*!40101 SET @saved_cs_client     = @@character_set_client */;
/*!50503 SET character_set_client = utf8mb4 */;
CREATE TABLE `webinar_filter_option` (
  `id` int unsigned NOT NULL AUTO_INCREMENT,
  `webinar_id` int unsigned NOT NULL,
  `filter_option_id` int unsigned NOT NULL,
  PRIMARY KEY (`id`) USING BTREE,
  KEY `webinar_filter_option_filter_option_id_foreign` (`filter_option_id`) USING BTREE,
  KEY `webinar_filter_option_webinar_id_foreign` (`webinar_id`) USING BTREE,
  CONSTRAINT `webinar_filter_option_filter_option_id_foreign` FOREIGN KEY (`filter_option_id`) REFERENCES `filter_options` (`id`) ON DELETE CASCADE,
  CONSTRAINT `webinar_filter_option_webinar_id_foreign` FOREIGN KEY (`webinar_id`) REFERENCES `webinars` (`id`) ON DELETE CASCADE
) ENGINE=InnoDB AUTO_INCREMENT=11874 DEFAULT CHARSET=utf8mb4 COLLATE=utf8mb4_unicode_ci ROW_FORMAT=DYNAMIC;
/*!40101 SET character_set_client = @saved_cs_client */;

--
-- Dumping data for table `webinar_filter_option`
--

LOCK TABLES `webinar_filter_option` WRITE;
/*!40000 ALTER TABLE `webinar_filter_option` DISABLE KEYS */;
INSERT INTO `webinar_filter_option` VALUES (11423,2007,9130),(11424,2007,9181),(11558,2005,9114),(11559,2005,9156),(11560,2005,9231),(11561,2004,9122),(11562,2004,9166),(11563,2004,9240),(11691,2010,9123),(11692,2010,9171),(11693,2010,9244),(11703,1998,9138),(11704,1998,9196),(11705,1998,9267),(11709,2008,9131),(11710,2008,9181),(11711,2009,9143),(11712,2009,9206),(11713,2009,9270),(11714,2009,9271),(11715,2022,9146),(11716,2022,9211),(11717,2022,9277),(11754,2024,9135),(11755,2024,9191),(11756,2024,9262),(11757,2024,9263),(11758,2024,9264),(11772,2002,9127),(11773,2002,9176),(11774,2002,9250);
/*!40000 ALTER TABLE `webinar_filter_option` ENABLE KEYS */;
UNLOCK TABLES;

--
-- Table structure for table `webinar_partner_teacher`
--

DROP TABLE IF EXISTS `webinar_partner_teacher`;
/*!40101 SET @saved_cs_client     = @@character_set_client */;
/*!50503 SET character_set_client = utf8mb4 */;
CREATE TABLE `webinar_partner_teacher` (
  `id` int unsigned NOT NULL AUTO_INCREMENT,
  `webinar_id` int unsigned NOT NULL,
  `teacher_id` int unsigned NOT NULL,
  PRIMARY KEY (`id`) USING BTREE,
  KEY `webinar_partner_teacher_webinar_id_foreign` (`webinar_id`) USING BTREE,
  KEY `webinar_partner_teacher_teacher_id_foreign` (`teacher_id`) USING BTREE,
  CONSTRAINT `webinar_partner_teacher_teacher_id_foreign` FOREIGN KEY (`teacher_id`) REFERENCES `users` (`id`) ON DELETE CASCADE,
  CONSTRAINT `webinar_partner_teacher_webinar_id_foreign` FOREIGN KEY (`webinar_id`) REFERENCES `webinars` (`id`) ON DELETE CASCADE
) ENGINE=InnoDB AUTO_INCREMENT=122 DEFAULT CHARSET=utf8mb4 COLLATE=utf8mb4_unicode_ci ROW_FORMAT=DYNAMIC;
/*!40101 SET character_set_client = @saved_cs_client */;

--
-- Dumping data for table `webinar_partner_teacher`
--

LOCK TABLES `webinar_partner_teacher` WRITE;
/*!40000 ALTER TABLE `webinar_partner_teacher` DISABLE KEYS */;
INSERT INTO `webinar_partner_teacher` VALUES (117,2010,1015);
/*!40000 ALTER TABLE `webinar_partner_teacher` ENABLE KEYS */;
UNLOCK TABLES;

--
-- Table structure for table `webinar_reports`
--

DROP TABLE IF EXISTS `webinar_reports`;
/*!40101 SET @saved_cs_client     = @@character_set_client */;
/*!50503 SET character_set_client = utf8mb4 */;
CREATE TABLE `webinar_reports` (
  `id` int unsigned NOT NULL AUTO_INCREMENT,
  `user_id` int unsigned NOT NULL,
  `webinar_id` int unsigned NOT NULL,
  `reason` varchar(255) CHARACTER SET utf8mb4 COLLATE utf8mb4_unicode_ci NOT NULL,
  `message` text CHARACTER SET utf8mb4 COLLATE utf8mb4_unicode_ci NOT NULL,
  `created_at` int unsigned NOT NULL,
  PRIMARY KEY (`id`) USING BTREE,
  KEY `webinar_reports_webinar_id_foreign` (`webinar_id`) USING BTREE,
  CONSTRAINT `webinar_reports_webinar_id_foreign` FOREIGN KEY (`webinar_id`) REFERENCES `webinars` (`id`) ON DELETE CASCADE
) ENGINE=InnoDB AUTO_INCREMENT=5 DEFAULT CHARSET=utf8mb4 COLLATE=utf8mb4_unicode_ci ROW_FORMAT=DYNAMIC;
/*!40101 SET character_set_client = @saved_cs_client */;

--
-- Dumping data for table `webinar_reports`
--

LOCK TABLES `webinar_reports` WRITE;
/*!40000 ALTER TABLE `webinar_reports` DISABLE KEYS */;
INSERT INTO `webinar_reports` VALUES (3,995,1997,'Not Related','I think the right category has not been chosen for this course.',1626239751);
/*!40000 ALTER TABLE `webinar_reports` ENABLE KEYS */;
UNLOCK TABLES;

--
-- Table structure for table `webinar_reviews`
--

DROP TABLE IF EXISTS `webinar_reviews`;
/*!40101 SET @saved_cs_client     = @@character_set_client */;
/*!50503 SET character_set_client = utf8mb4 */;
CREATE TABLE `webinar_reviews` (
  `id` int unsigned NOT NULL AUTO_INCREMENT,
  `creator_id` int unsigned NOT NULL,
  `webinar_id` int unsigned DEFAULT NULL,
  `bundle_id` int unsigned DEFAULT NULL,
  `content_quality` int unsigned NOT NULL,
  `instructor_skills` int unsigned NOT NULL,
  `purchase_worth` int unsigned NOT NULL,
  `support_quality` int unsigned NOT NULL,
  `rates` char(10) CHARACTER SET utf8mb4 COLLATE utf8mb4_unicode_ci NOT NULL,
  `description` text CHARACTER SET utf8mb4 COLLATE utf8mb4_unicode_ci,
  `created_at` int unsigned NOT NULL,
  `status` enum('pending','active') CHARACTER SET utf8mb4 COLLATE utf8mb4_unicode_ci NOT NULL,
  PRIMARY KEY (`id`) USING BTREE,
  KEY `webinar_reviews_webinar_id_foreign` (`webinar_id`) USING BTREE,
  KEY `webinar_reviews_creator_id_foreign` (`creator_id`) USING BTREE,
  KEY `webinar_reviews_bundle_id_foreign` (`bundle_id`),
  CONSTRAINT `webinar_reviews_bundle_id_foreign` FOREIGN KEY (`bundle_id`) REFERENCES `bundles` (`id`) ON DELETE CASCADE,
  CONSTRAINT `webinar_reviews_creator_id_foreign` FOREIGN KEY (`creator_id`) REFERENCES `users` (`id`) ON DELETE CASCADE,
  CONSTRAINT `webinar_reviews_webinar_id_foreign` FOREIGN KEY (`webinar_id`) REFERENCES `webinars` (`id`) ON DELETE CASCADE
) ENGINE=InnoDB AUTO_INCREMENT=44 DEFAULT CHARSET=utf8mb4 COLLATE=utf8mb4_unicode_ci ROW_FORMAT=DYNAMIC;
/*!40101 SET character_set_client = @saved_cs_client */;

--
-- Dumping data for table `webinar_reviews`
--

LOCK TABLES `webinar_reviews` WRITE;
/*!40000 ALTER TABLE `webinar_reviews` DISABLE KEYS */;
/*!40000 ALTER TABLE `webinar_reviews` ENABLE KEYS */;
UNLOCK TABLES;

--
-- Table structure for table `webinar_translations`
--

DROP TABLE IF EXISTS `webinar_translations`;
/*!40101 SET @saved_cs_client     = @@character_set_client */;
/*!50503 SET character_set_client = utf8mb4 */;
CREATE TABLE `webinar_translations` (
  `id` bigint unsigned NOT NULL AUTO_INCREMENT,
  `webinar_id` int unsigned NOT NULL,
  `locale` varchar(255) CHARACTER SET utf8mb4 COLLATE utf8mb4_unicode_ci NOT NULL,
  `title` varchar(255) CHARACTER SET utf8mb4 COLLATE utf8mb4_unicode_ci NOT NULL,
  `seo_description` text CHARACTER SET utf8mb4 COLLATE utf8mb4_unicode_ci,
  `description` longtext CHARACTER SET utf8mb4 COLLATE utf8mb4_unicode_ci,
  PRIMARY KEY (`id`),
  KEY `webinar_translations_webinar_id_foreign` (`webinar_id`),
  KEY `webinar_translations_locale_index` (`locale`),
  CONSTRAINT `webinar_translations_webinar_id_foreign` FOREIGN KEY (`webinar_id`) REFERENCES `webinars` (`id`) ON DELETE CASCADE
) ENGINE=InnoDB AUTO_INCREMENT=180 DEFAULT CHARSET=utf8mb4 COLLATE=utf8mb4_unicode_ci;
/*!40101 SET character_set_client = @saved_cs_client */;

--
-- Dumping data for table `webinar_translations`
--

LOCK TABLES `webinar_translations` WRITE;
/*!40000 ALTER TABLE `webinar_translations` DISABLE KEYS */;
INSERT INTO `webinar_translations` VALUES (3,1997,'en','Basics In Courtroom Technology','Basics In Courtroom Technology','<p>This course provides an introduction to the essential technologies transforming modern courtrooms, equipping participants with the knowledge and skills to effectively use these tools in legal proceedings. The course covers a range of topics, including the fundamentals of audio-visual equipment, evidence presentation systems, video conferencing for remote hearings, digital transcription tools, and courtroom recording technologies.</p><p>Participants will also learn about the integration of case management software, e-filing systems, and security measures for handling digital evidence. Emphasis will be placed on the practical application of technology to enhance courtroom efficiency, improve access to justice, and ensure compliance with legal and ethical standards.</p><p>\r\n\r\n\r\n</p><p>Ideal for judges, lawyers, court clerks, and IT professionals working in the judicial system, this course offers hands-on training and demonstrations to help attendees confidently navigate the increasingly digital courtroom environment.</p>'),(4,1998,'en','Excel from Beginner to Advanced','Excel with this A-Z Microsoft Excel Course','<p>Microsoft Excel all in One Package</p><p>This Microsoft Excel course combines 4 different courses.</p><p><span style=\"white-space:pre\">	</span>Microsoft Excel 101 - An Introduction to Excel</p><p><span style=\"white-space:pre\">	</span>Microsoft Excel 102 - Intermediate Level Excel</p><p><span style=\"white-space:pre\">	</span>Microsoft Excel 103 - Advanced Level Excel</p><p><span style=\"white-space:pre\">	</span>Master Microsoft Excel Macros and VBA in 6 Simple Projects</p><p>Material recorded with Excel 2013 but works in 2010, 2013, 2016, 2019 (Office 365)</p><p>Recent Student Review</p><p><span style=\"white-space:pre\">	</span>\"You sir are a life saver. Not everyone has the ability to teach. Thank you so much for taking the time to put together an amazing course bro. If anyone doubts buying this course, don\'t doubt it, buy it. I\'ve learned so much in this course. Hope more courses are on the way because I\'d buy every single one of them. Thanks again bro. God bless you and your family.\"</p><p><span style=\"white-space:pre\">	</span>\"Happy to say that I now \"know\" excel. I realize there is so much more to learn, but it\'s a start! Thank you for being such a great instructor... now on to the next class.\"</p><p><span style=\"white-space:pre\">	</span>\"Thanks for a well made course. The progression of topics is well structured and the part about Macro and VBA was new for me. Excel is a really powerful tool and it is worth know all of its aspects. Kyle did a good job at explaining them.\"</p><p>Enroll now to go through a deep dive of the most popular spreadsheet tool on the market, Microsoft Excel. As your instructor I will use my 15+ years of Excel training to guide you step by step through the beginner to advanced level and beyond.</p><p>As you participate in each of the 4 courses you will master Excel tools that will clear away the pain of stumbling through your daily tasks. You will start with the basics, building a solid foundation that will give you further knowledge as you progress into intermediate and advanced level topics.</p><p>At completion of this course you will have mastered the most popular Excel tools and come out with confidence to complete any Excel tasks with efficiency and grace. Below are just a few of the topics that you will master:</p><p><span style=\"white-space:pre\">	</span>Creating effective spreadsheets</p><p><span style=\"white-space:pre\">	</span>Managing large sets of data</p><p><span style=\"white-space:pre\">	</span>Mastering the use of some of Excel\'s most popular and highly sought after functions (SUM, VLOOKUP, IF, AVERAGE, INDEX/MATCH and many more...)</p><p><span style=\"white-space:pre\">	</span>Create dynamic report with Excel PivotTables</p><p><span style=\"white-space:pre\">	</span>Unlock the power and versatility of Microsoft Excel\'s Add-In, PowerPivot</p><p><span style=\"white-space:pre\">	</span>Audit Excel Worksheet formulas to ensure clean formulas</p><p><span style=\"white-space:pre\">	</span>Automate your day to day Excel tasks by mastering the power of Macros and VBA</p><p>So, what are you waiting for, enroll now and take the next step in mastering Excel and go from Excel Newb to Excel Guru!</p><div><br></div>'),(5,1999,'en','Emerging Trends in Nigerian Law','Emerging Trends In Nigerian Law','<p>This course examines the evolving landscape of Nigerian law, focusing on emerging legal trends, innovations, and challenges shaping the nation\'s legal system. Participants will explore recent developments in constitutional law, corporate governance, digital and data privacy laws, environmental regulations, human rights, fintech regulations, and other dynamic areas. The course highlights the impact of globalization, technological advancements, and socio-economic changes on Nigeria\'s legal framework.</p><p>Through case studies, legislative reviews, and expert analysis, attendees will gain insight into how these trends influence legal practice, judicial decisions, and policymaking. Designed for legal practitioners, judges, scholars, and policymakers, this course provides the tools to stay informed and adapt to the rapidly evolving legal environment in Nigeria while addressing both domestic and international legal issues.</p>'),(8,2002,'en','Health And Fitness Masterclass','Everything In 1 Course: The Right Diet, Workout, Meal Plan, Exercise Motivation, Nutrition, Cardio, Home Workout','<p>Hi, I\'m Jessica fitness and dieting coach and amazon best selling author. My \"Health & Fitness Masterclass\" is designed for anyone who wants to boost their fitness, no matter if you\'re a beginner, athlete or simply want to live a healthier life.</p><p><br></p><p>This course is not some random program that makes outragous promises and keeps none. Instead I will teach you everything you need to know about the three most important ascpect of fitness: the right diet, the right exercises and the right mindset.</p><p><br></p><p>Unfortunately, the internet is full of false fitness gurus that sell you all kinds of workouts plans and gimmicks that are overpriced and don\'t work. This is why I wanted to create an video course that not only debunks the most common fitness myths but also teaches everything you need to know to reach your goals, be it to lose fat, build muscle or simply live a healthier life.</p><p><br></p><p>All In All The Program Includes Over 60 Lessons On Fitness And Nutrition</p><p><br></p><p>So If You Want To Boost Your Fitness, Feel More Energized And Live A Healthier Life, This Is The Right Course For You</p><p><br></p><p>Learn about proper nutrition, meal planning, healthy eating and a healthy lifestyle. Better meal planning and healthy cooking will help with weight loss, building muscle and overall well being.</p>'),(10,2004,'en','The Future of Energy','The Bigger Picture: The Probable Future of Energy','<p>This course is designed to start you on a new career path towards becoming an Energy Futurist or just out of interest. <b>Energy Futurists</b> earn huge amounts of money as advisors to government, businesses and in-house, using their skills to wisely invest in the future. You don\'t need to do the course on financials or on Micro-renewable energy but they will help you a little.</p><p><br></p><p>This course will solve you several problems in one go: you will know what is viable and what is not on a grander, strategic level, but you will also gain knowledge of many measurements and indicators that are not taught in physics, economics courses or in college or university. This will mean you can stand out from the crowd, with secret knowledge known only to a few Energy Futurists.</p><p><br></p><p>Do you have a curiosity about the future? Are you interested in shaping the future long into the second half of the 21st century?</p><p><br></p><p>If you are you might be ready to become and Energy Futurist? Energy Futurists are specialist that every business should have. They can earn a lot of money, but often the courses they go on never actually tell them what they need to know. They are confined by the need to calculate carbon emissions from their business; or sold an idea that there is nothing we can do about the future. This course however helps you to become a real Energy Futurist with potential of better earnings via writing and blogging about the future of energy.</p><p><br></p><p>This course will teach you the probably future of energy. We consider the evidence of resource depletion; potential solutions, challenges we face in implementing the solutions; and outline 3 possible energy economies, that will be mixed together to hopefully solve the loss of economically available fossil fuels.</p>'),(11,2005,'en','Web Design for Beginners','Launch a career as a web designer by learning HTML5, CSS3, responsive design, Sass and more!','<p>You can launch a new career in web development today by learning HTML & CSS. You don\'t need a computer science degree or expensive software. All you need is a computer, a bit of time, a lot of determination, and a teacher you trust. I\'ve taught HTML and CSS to countless coworkers and held training sessions for fortune 100 companies. I am that teacher you can trust.</p><p><br></p><p>Don\'t limit yourself by creating websites with some cheesy site-builder\" tool. This course teaches you how to take 100% control over your webpages by using the same concepts that every professional website is created with.</p><p><br></p><p>This course does not assume any prior experience. We start at square one and learn together bit by bit. By the end of the course you will have created (by hand) a website that looks great on phones, tablets, laptops, and desktops alike.</p><p><br></p><p>In the summer of 2020 the course has received a new section where we push our website live up onto the web using the free GitHub Pages service; this means you\'ll be able to share a link to what you\'ve created with your friends, family, colleagues and the world!</p>'),(13,2007,'en','Travel Management Course','#1 Travel Management Course in the Industry .All you need to know to step into the Travel & Tourism Sector.','<p><b>COURSE DESCRIPTION</b></p><p><br></p><p>The course content is uniquely customized in a way to give each student who participates in this course the best skill orientation and the basic knowledge required to enter the travel and tourism industry. The course is detailed in a way to give the student the best including the skills required.</p><p><br></p><p>Subjects like Basic elements of Travel Geography, World Time ( GMT, International Date Line, Elapsed Time ) and Maps are introduced in e-learning. Also, a look into the documents required like the Passport, Visas and Insurance are also discussed. Departure and Arrival Formalities, Basic Planning of a Holiday are taught. The importance of the technology (CRS) with an introduction to Fares/ E-tickets are also being introduced.</p><p><br></p><p>Two skill-based courses are also included.</p><p><br></p><p>By learning this course you can step into and be a part of the tourism industry which not only generates revenues for a country and cultural wealth, but it is also one of the most important economic engines for growth and development.</p><p><br></p><p><b>Career options :</b></p><p><br></p><p>Students have endless career opportunities in the fastest growing industry of travel and tourism.Few of the career options are working in travel agencies, Customer Ground Handling (customer service) at international or domestic airports, tour operator, event manager, ticketing officer, an adventure tourism expert, transport officer, holiday consultant, logistics, cruises, airlines, hotels, and tourism departments in government and private sectors.</p><p><br></p><p><b>Payment:</b></p><p><br></p><p>Salary is pretty good in the travel and tourism industry. Moreover, you get added perks such as free travel or reduced rates for you and your family. Salaries are higher in foreign-based airlines or travel agencies. Peak seasons might bring added bonuses and commission.</p><p><br></p><p><b>CERTIFICATION</b></p><p><br></p><p>Issued and attested by a professional trainer of over 33 years of experience in the travel and tourism industry.</p>'),(14,2007,'es','Curso de gestin de viajes','Curso de gestin de viajes n.o 1 en la industria. Todo lo que necesita saber para ingresar al sector de viajes y turismo.','<p>DESCRIPCIN DEL CURSO</p><p>El contenido del curso se personaliza de manera nica para brindar a cada estudiante que participa en este curso la mejor orientacin en habilidades y los conocimientos bsicos necesarios para ingresar a la industria de viajes y turismo. El curso est detallado de manera que le brinde al estudiante lo mejor, incluidas las habilidades requeridas.</p><p>Temas como elementos bsicos de geografa de viajes, hora mundial (GMT, lnea de fecha internacional, tiempo transcurrido) y mapas se introducen en el aprendizaje electrnico. Adems, tambin se analizan los documentos requeridos, como el pasaporte, las visas y el seguro. Se ensean las formalidades de salida y llegada, la planificacin bsica de unas vacaciones. Tambin se est introduciendo la importancia de la tecnologa (CRS) con una introduccin a las tarifas / billetes electrnicos.</p><p>Tambin se incluyen dos cursos basados en habilidades.</p><p><br></p><p>Al aprender este curso, puede ingresar y ser parte de la industria del turismo, que no solo genera ingresos para un pas y riqueza cultural, sino que tambin es uno de los motores econmicos ms importantes para el crecimiento y el desarrollo.</p><p>Opciones de carrera :</p><p>Los estudiantes tienen un sinfn de oportunidades profesionales en la industria de viajes y turismo de ms rpido crecimiento. Pocas de las opciones profesionales estn trabajando en agencias de viajes, Customer Ground Handling (servicio al cliente) en aeropuertos internacionales o nacionales, tour operador, gerente de eventos, oficial de venta de boletos, un experto en turismo de aventura, oficial de transporte, consultor de vacaciones, logstica, cruceros, aerolneas, hoteles y departamentos de turismo en los sectores pblico y privado.</p><p>Pago:</p><p>El salario es bastante bueno en la industria de viajes y turismo. Adems, obtiene beneficios adicionales, como viajes gratis o tarifas reducidas para usted y su familia. Los salarios son ms altos en las aerolneas o agencias de viajes con base en el extranjero. Las temporadas altas pueden traer bonificaciones y comisiones adicionales.</p><p>CERTIFICACIN</p><p>Emitido y certificado por un formador profesional con ms de 33 aos de experiencia en la industria de viajes y turismo.</p>'),(17,2005,'ar','  ','        HTML5  CSS3     Sass !','<p>           HTML &amp; CSS.            .                  .    HTML  CSS           Fortune 100.       .</p><p><br></p><p>         \"  \" .        100                .</p><p><br></p><p>      .        .         ()                 .</p><p><br></p><p>  2020                 GitHub                 !</p>'),(18,2005,'es','Diseo web para principiantes','Inicie una carrera como diseador web aprendiendo HTML5, CSS3, diseo receptivo, Sass y ms!','<p>Puede iniciar una nueva carrera en el desarrollo web hoy mismo aprendiendo HTML y CSS. No necesitas un ttulo en informtica ni un software caro. Todo lo que necesitas es una computadora, un poco de tiempo, mucha determinacin y un maestro en quien confes. He enseado HTML y CSS a innumerables compaeros de trabajo y he realizado sesiones de formacin para empresas de Fortune 100. Soy ese maestro en el que puedes confiar.</p><p>No se limite a crear sitios web con alguna herramienta cursi de \"constructor de sitios\". Este curso le ensea cmo tomar el 100% de control sobre sus pginas web utilizando los mismos conceptos con los que se crean todos los sitios web profesionales.</p><p>Este curso no asume ninguna experiencia previa. Comenzamos en el punto de partida y aprendemos juntos poco a poco. Al final del curso, habr creado (a mano) un sitio web que se ve muy bien en telfonos, tabletas, computadoras porttiles y computadoras de escritorio por igual.</p><p>En el verano de 2020, el curso recibi una nueva seccin en la que colocamos nuestro sitio web en vivo en la web utilizando el servicio gratuito de pginas de GitHub; esto significa que podr compartir un enlace a lo que ha creado con sus amigos, familiares, colegas y el mundo.</p>'),(19,2004,'es','El futuro de la energa','El panorama ms amplio: el futuro probable de la energa','<p>Este curso est diseado para comenzar en una nueva carrera profesional para convertirse en un futurista energtico o simplemente por inters. Los futuristas de la energa ganan enormes cantidades de dinero como asesores del gobierno, las empresas y dentro de la empresa, utilizando sus habilidades para invertir sabiamente en el futuro. No es necesario que hagas el curso de finanzas o de micro energas renovables pero te ayudarn un poco.</p><p>Este curso le resolver varios problemas de una sola vez: sabr qu es viable y qu no en un nivel estratgico ms amplio, pero tambin obtendr conocimiento de muchas medidas e indicadores que no se ensean en los cursos de fsica, economa o en colegio o universidad. Esto significar que puede destacarse entre la multitud, con un conocimiento secreto conocido solo por unos pocos futuristas de la energa.</p><p>Tienes curiosidad por el futuro? Est interesado en dar forma al futuro en la segunda mitad del siglo XXI?</p><p>Si es as, podra estar listo para convertirse en un futurista energtico? Los futuristas de la energa son especialistas que toda empresa debera tener. Pueden ganar mucho dinero, pero a menudo los cursos a los que asisten nunca les dicen lo que necesitan saber. Estn limitados por la necesidad de calcular las emisiones de carbono de su negocio; o vend una idea de que no hay nada que podamos hacer sobre el futuro. Sin embargo, este curso lo ayuda a convertirse en un verdadero futurista de la energa con el potencial de obtener mejores ganancias escribiendo y escribiendo en blogs sobre el futuro de la energa.</p><p>Este curso le ensear el futuro probable de la energa. Consideramos la evidencia del agotamiento de los recursos; posibles soluciones, desafos que enfrentamos en la implementacin de las soluciones; y delinear 3 posibles economas energticas, que se combinarn para resolver, con suerte, la prdida de combustibles fsiles econmicamente disponibles.</p>'),(20,2004,'ar',' ',' :   ','<p>                  .                     .                .</p><p><br></p><p>        :                                   .                   .</p><p><br></p><p>                </p><p><br></p><p>              .                        .                     .                        .</p><p><br></p><p>      .                  3                 .</p>'),(21,1999,'ar','     ','                ','<p style=\"text-align: right; \">                .</p><p style=\"text-align: right; \">          .</p><p style=\"text-align: right; \">                    .      (COVID-19)                   .</p><p style=\"text-align: right; \">  \"     \"                 .</p><p style=\"text-align: right; \">                            .</p><p style=\"text-align: right; \">                .</p><p style=\"text-align: right; \">                   .</p><p style=\"text-align: right; \">    :</p><p style=\"text-align: right; \"><br></p><p style=\"text-align: right; \">     :          </p><p style=\"text-align: right; \">   :        </p><p style=\"text-align: right; \">   :             </p><p style=\"text-align: right; \">     :          </p><p style=\"text-align: right; \">    :            </p><p style=\"text-align: right; \">     :        </p><p style=\"text-align: right; \">     :             </p><p style=\"text-align: right; \"><br></p><p style=\"text-align: right; \"><br></p><p style=\"text-align: right; \">     </p><p style=\"text-align: right; \"><br></p><p style=\"text-align: right; \">        .      </p><p style=\"text-align: right; \"><br></p><p style=\"text-align: right; \"><br></p><p style=\"text-align: right; \"><br></p><p style=\"text-align: right; \"> :    </p><p style=\"text-align: right; \"><br></p><p style=\"text-align: right; \">           .</p><p style=\"text-align: right; \"><br></p><p style=\"text-align: right; \">          .</p><p style=\"text-align: right; \"><br></p><p style=\"text-align: right; \">            .               .</p><p style=\"text-align: right; \"><br></p><p style=\"text-align: right; \">         :</p><p style=\"text-align: right; \"><br></p><p style=\"text-align: right; \">&nbsp; -    </p><p style=\"text-align: right; \"><br></p><p style=\"text-align: right; \">&nbsp; - </p><p style=\"text-align: right; \"><br></p><p style=\"text-align: right; \">           \" \"                .             .</p>'),(22,1999,'es','Cmo administrar e influir en su equipo virtual','Aprenda consejos paso a paso que lo ayudarn a hacer las cosas con su equipo virtual al aumentar la confianza y la responsabilidad.','<p>Si administra un equipo virtual hoy, probablemente continuar hacindolo durante el resto de su carrera.</p><p>Si no lo hace, probablemente lo har pronto.</p><p>Aprender a manejar personas que no ve cara a cara es una habilidad importante que necesita independientemente de la industria en la que se encuentre. La pandemia de coronavirus (COVID-19) tambin ha acelerado la necesidad de administrar personas que trabajan desde casa, ya que el teletrabajo se convirti en la norma.</p><p>Con \"Cmo administrar e influir en su equipo virtual\", aprender los secretos psicolgicos de la persuasin y la comunicacin que influyen en los miembros de su equipo virtual para que hagan lo que usted necesita.</p><p>El curso tambin lo ayudar a aumentar el nivel de confianza y responsabilidad entre los miembros de su equipo mientras reduce el tiempo que dedica a reuniones frustrantes, herramientas tecnolgicas intiles y correos electrnicos de ida y vuelta.</p><p>Al final de cada conferencia del curso, obtendr pasos especficos y prcticos que puede implementar de inmediato.</p><p>Adems, tambin obtendr scripts y plantillas de muestra descargables que puede simplemente copiar, pegar y usar con su propio equipo virtual.</p><p>El curso contiene las siguientes secciones:</p><p> La psicologa de la comunicacin en equipos virtuales: estrategias psicolgicas para comunicarse eficazmente con su equipo y reducir la ambigedad y la falta de comunicacin</p><p> Principios de cambio de comportamiento: cuatro principios estratgicos que cambiarn el comportamiento de su equipo para hacer las cosas.</p><p> Tcticas de influencia y persuasin: tcticas paso a paso que influyen en los miembros de su equipo para hacer lo que necesita que hagan.</p><p> Gestionar reuniones virtuales de forma eficaz: cmo tener menos reuniones y, al mismo tiempo, aumentar su eficacia.</p><p> Eleccin y evaluacin de la tecnologa adecuada: un marco simple para elegir y evaluar las herramientas tecnolgicas adecuadas para usar con sus equipos virtuales.</p><p> Generar confianza en entornos virtuales: un plan metdico para aumentar el nivel de confianza entre su equipo virtual</p><p> Tcnicas asesinas de correo electrnico y telfono: potentes tcnicas de correo electrnico y telfono que puede utilizar para influir en los miembros de su equipo virtual</p><p>Qu tiene de diferente este curso?</p><p>Hay muchos cursos sobre la gestin de equipos virtuales. Aqu hay tres razones por las que esta es diferente.</p><p><br></p><p>Razn n.  1: tcticas, no solo estrategias</p><p>La mayora de los cursos sobre equipos virtuales se centran en estrategias y teoras de alto nivel.</p><p>Muy pocos realmente le brindan las tcticas que necesita para implementar esas estrategias.</p><p>En este curso, le mostrar cmo aplicar las tcticas de gestin a su propia situacin. Obtendr tcnicas y scripts paso a paso que le ahorrarn mucho tiempo en la gestin de su equipo virtual.</p><p>En otras palabras, obtendr respuestas a ambas preguntas:</p><p>&nbsp; -Que necesito hacer?</p><p>&nbsp; -Cmo lo hago?</p><p><br></p><p>Adems, cada video tambin tiene una diapositiva de \"Resumen de acciones\" al final que resume la conferencia del curso para usted y le dice exactamente lo que debe hacer como siguiente paso. Bsicamente, aprender todo sobre la administracin de equipos virtuales en pasos sencillos.</p>'),(27,2002,'es','Masterclass de salud y fitness','Todo en 1 curso: la dieta adecuada, entrenamiento, plan de comidas, motivacin para el ejercicio, nutricin, cardio, entrenamiento en casa','<p>Hola, soy Jessica, entrenadora de fitness y dietas, y autora de best sellers de Amazon. Mi \"Clase magistral de salud y estado fsico\" est diseada para cualquier persona que quiera mejorar su estado fsico, sin importar si es un principiante, un atleta o simplemente quiere vivir una vida ms saludable.</p><p>Este curso no es un programa aleatorio que hace promesas escandalosas y no cumple ninguna. En su lugar, le ensear todo lo que necesita saber sobre los tres aspectos ms importantes del fitness: la dieta adecuada, los ejercicios adecuados y la mentalidad adecuada.</p><p>Desafortunadamente, Internet est lleno de falsos gurs del fitness que te venden todo tipo de planes de entrenamiento y trucos que son demasiado caros y no funcionan. Es por eso que quera crear un curso en video que no solo desacredite los mitos ms comunes del fitness, sino que tambin ensee todo lo que necesita saber para alcanzar sus objetivos, ya sea para perder grasa, desarrollar msculo o simplemente vivir una vida ms saludable.</p><p>En general, el programa incluye ms de 60 lecciones sobre fitness y nutricin</p><p>Entonces, si desea mejorar su estado fsico, sentirse con ms energa y vivir una vida ms saludable, este es el camino correcto para usted.</p><p><br></p><p><br></p><p>Aprenda sobre nutricin adecuada, planificacin de comidas, alimentacin saludable y estilo de vida saludable. Una mejor planificacin de las comidas y una cocina saludable ayudarn a perder peso, desarrollar msculos y bienestar general.</p>'),(28,2002,'ar','     ','    :                  ','<p style=\"text-align: right; \">             .  \"   \"                         .</p><p style=\"text-align: right; \"><br></p><p style=\"text-align: right; \">            .               :        .</p><p style=\"text-align: right; \">                      .                                        .</p><p style=\"text-align: right; \">        60     </p><p style=\"text-align: right; \">                     </p><p style=\"text-align: right; \">          .              .</p>'),(33,1998,'ar','     ','        ','<p style=\"text-align: right; \">     </p><p style=\"text-align: right; \"><br></p><p style=\"text-align: right; \">  Microsoft Excel   4  .</p><p style=\"text-align: right; \"><br></p><p style=\"text-align: right; \"> Microsoft Excel 101 -   Excel</p><p style=\"text-align: right; \"><br></p><p style=\"text-align: right; \"> Microsoft Excel 102 -   Excel</p><p style=\"text-align: right; \"><br></p><p style=\"text-align: right; \"> Microsoft Excel 103 -   Excel</p><p style=\"text-align: right; \"><br></p><p style=\"text-align: right; \">  Microsoft Excel Macros  VBA  6  </p><p style=\"text-align: right; \"><br></p><p style=\"text-align: right; \">   Excel 2013    2010  2013  2016  2019 (Office 365)</p><p style=\"text-align: right; \">  </p><p style=\"text-align: right; \"><br></p><p style=\"text-align: right; \"> \"    .       .             .                .       .               .     .    . \"</p><p style=\"text-align: right; \"><br></p><p style=\"text-align: right; \"> \"\"      \"\" .        !      ...    . \"</p><p style=\"text-align: right; \"><br></p><p style=\"text-align: right; \"> \"        .           Macro  VBA   .  Excel       .   Kyle      \".</p><p style=\"text-align: right; \"><br></p><p style=\"text-align: right; \">           Microsoft Excel.       Excel  15              .</p><p style=\"text-align: right; \"><br></p><p style=\"text-align: right; \">           Excel       .                 .</p><p style=\"text-align: right; \"><br></p><p style=\"text-align: right; \">            Excel       Excel  .        :</p><p style=\"text-align: right; \"><br></p><p style=\"text-align: right; \">    </p><p style=\"text-align: right; \"><br></p><p style=\"text-align: right; \">     </p><p style=\"text-align: right; \"><br></p><p style=\"text-align: right; \">     Excel     (SUM  VLOOKUP  IF  AVERAGE  INDEX / MATCH   ...)</p><p style=\"text-align: right; \">     Excel PivotTables</p><p style=\"text-align: right; \">        Microsoft Excel  PowerPivot</p><p style=\"text-align: right; \">     Excel   </p><p style=\"text-align: right; \"><br></p><p style=\"text-align: right; \">   Excel           VBA</p><p style=\"text-align: right; \"><br></p><p style=\"text-align: right; \">              Excel   Excel Newb  Excel Guru!</p>'),(36,1997,'es','Aprenda a programar en Python','Aprenda a programar en Python de forma fcil, con ejemplos, cuestionarios, ejercicios y ms. Aprenda Python 2 y Python 3.','<p>Si quieres:</p><p>- desarrolle las habilidades que necesita para obtener su primer trabajo de programacin en Python</p><p>- pasar a un puesto de desarrollador de software ms senior</p><p>- comience con Machine Learning, Data Science, Django u otras reas de inters en las que Python se especializa</p><p>- o simplemente aprenda Python para poder crear sus propias aplicaciones Python rpidamente.</p><p>... entonces necesitas una base slida en la programacin de Python. Y este curso est diseado para brindarle esas habilidades bsicas rpidamente.</p><p>Este curso est dirigido a principiantes completos que nunca han programado antes, as como a programadores existentes que desean aumentar sus opciones profesionales aprendiendo Python.</p><p>El hecho es que Python es uno de los lenguajes de programacin ms populares del mundo: grandes empresas como Google lo utilizan en aplicaciones de misin crtica como Google Search.</p><p>Y Python es la opcin de idioma nmero uno para el aprendizaje automtico, la ciencia de datos y la inteligencia artificial. Para conseguir esos trabajos bien remunerados, necesita un conocimiento experto de Python, y eso es lo que obtendr con este curso.</p><p>Al final del curso, podr postularse con confianza para trabajos de programacin de Python. Y s, esto se aplica incluso si nunca ha programado antes. Con las habilidades adecuadas que aprender en este curso, puede convertirse en un empleado y valioso a los ojos de los futuros empleadores.</p><p>Esto es lo que algunos estudiantes nos han contado sobre el curso despus de haberlo completado.</p><p>Tena una experiencia de programacin muy limitada antes de comenzar este curso, por lo que realmente aprend mucho de las primeras secciones. Me ha llevado de una habilidad de programacin esencialmente cero a un nivel en el que me siento cmodo usando Python para analizar datos para mis informes de laboratorio, y an no he terminado la mitad del curso. Hay otros cursos que se centran en el anlisis de datos, pero esos cursos suelen estar dirigidos a personas que ya saben programar, por lo que eleg este curso. - Christian DiMaria</p><p><br></p><p>He estado revisando tu curso de Python. En ese tiempo, sin embargo, y sin terminarlo, he podido automatizar bastante mi trabajo. Trabajo en un sistema escolar y unificar datos de nuestros diversos sistemas de informacin estudiantil puede ser increblemente frustrante, llevar mucho tiempo y, en ocasiones, ser un desafo. Con su curso, aprend lo suficiente para escribir aplicaciones que convierten archivos de texto masivos en diccionarios que se \"unen\" como una base de datos y se generan en archivos CSV con el formato adecuado y luego se cargan a travs de SFTP en varios sistemas para un procesamiento seguro. Nuestros profesores, estudiantes y el departamento de tecnologa se han beneficiado enormemente de esta automatizacin. Solo quera dejarte una nota agradecindote por ayudarme a aprender esta habilidad \". - Keith Medlin</p><p><br></p><p>Este curso fue genial. En 3 semanas pude escribir mis propias aplicaciones relacionadas con la base de datos \". - Theo Coenen</p><p><br></p><p><br></p><p>Y hay muchos ms estudiantes a los que les encanta el curso: compruebe usted mismo todas las reseas.</p><p>Este curso le dar las habilidades bsicas de Python?</p><p><br></p><p>S lo ser. Existe una variedad de oportunidades interesantes para los desarrolladores de Python. Todos ellos requieren un conocimiento slido de Python, y eso es lo que aprender en este curso.</p><p>El curso me ensear ciencia de datos, aprendizaje automtico e inteligencia artificial?</p><p>No, no har eso: todos estos temas son ramas de la programacin de Python. Y todos ellos requieren una slida comprensin del lenguaje Python.</p><p>Casi todos los cursos sobre estos temas asumen que usted comprende Python y, sin l, se perder y confundir rpidamente.</p><p><br></p><p>Este curso le brindar un conocimiento bsico y slido del lenguaje de programacin Python.</p><p>Al final del curso, estar listo para postularse para puestos de programacin de Python, as como para pasar a reas especficas de Python, como se enumera anteriormente.</p><p>Por qu debera tomar este curso?</p><p>Hay muchos cursos de Python en Udemy: tus instructores, Tim y Jean-Paul son bastante nicos, ya que entre ellos tienen alrededor de 70 aos de experiencia en programacin profesional. Eso es ms que toda una vida de habilidades de las que puedes aprender Python.</p><p><br></p><p>Puede inscribirse en el curso con la seguridad de saber que no son solo profesores, sino programadores profesionales con experiencia real en programacin comercial, habiendo trabajado con grandes empresas como IBM, Mitsubishi, Fujitsu y Saab en el pasado.</p><p><br></p><p>Como tal, no solo aprender Python, sino que tambin aprender las mejores prcticas de la industria para la programacin de Python que exigen los empleadores reales.</p><p>Y si eso no es suficiente, lea algunas de las muchas reseas de estudiantes felices: hay alrededor de 100,000 estudiantes que han dejado alrededor de 19,000 reseas.</p><p>Este es uno de los cursos ms populares sobre programacin Python en Udemy.</p><p>Cita del estudiante: Tim y JP son excelentes maestros y estn constantemente respondiendo preguntas y encuestando a los estudiantes sobre nuevos temas que les gustara aprender. Este no es un curso de Python, es EL curso de Python que necesitas \". - Sean Burge</p><p>Listo para empezar, desarrollador?</p>'),(37,1997,'ar','  ','  Python        .   2  3.','<p style=\"text-align: right; \">  :</p><p style=\"text-align: right; \">-           Python</p><p style=\"text-align: right; \">-      </p><p style=\"text-align: right; \">-   Machine Learning  Data Science  Django        Python</p><p style=\"text-align: right; \">-    Python     Python   .</p><p style=\"text-align: right; \">...        .        .</p><p style=\"text-align: right; \">                         .</p><p style=\"text-align: right; \">   Python          -     Google      Google.</p><p style=\"text-align: right; \"><br></p><p style=\"text-align: right; \"> Python          .                       .</p><p style=\"text-align: right; \">            Python.           .                       .</p><p style=\"text-align: right; \">          .</p><p style=\"text-align: right; \">\"                   .               Python               .                           . \"-  </p><p style=\"text-align: right; \">\"       .                       .                              .                    \"\"       CSV       SFTP     .          .              \". -  </p><p style=\"text-align: right; \"><br></p><p style=\"text-align: right; \">   .   3            \". -  </p><p style=\"text-align: right; \"><br></p><p style=\"text-align: right; \">       -     .</p><p style=\"text-align: right; \">      </p><p style=\"text-align: right; \">.       .              .</p><p style=\"text-align: right; \">        </p><p style=\"text-align: right; \">     -       .       .</p><p style=\"text-align: right; \">           Python     .</p><p style=\"text-align: right; \">          .</p><p style=\"text-align: right; \">           Python       Python     .</p><p style=\"text-align: right; \">     </p><p style=\"text-align: right; \">    Python  Udemy -    Tim  Jean-Paul          70      .           .</p><p style=\"text-align: right; \">                            IBM  Mitsubishi  Fujitsu  Saab  .</p><p style=\"text-align: right; \">      Python         Python     .</p><p style=\"text-align: right; \">              -   100000    19000 .</p><p style=\"text-align: right; \">        Python  Udemy.</p><p style=\"text-align: right; \">  : \"Tim  JP              .           \". -  </p><p style=\"text-align: right; \"><br></p><p style=\"text-align: right; \">   </p>'),(38,2008,'en','New Learning Page','Learn The Tools Used By The World\'s Top Professional Guitar Players.','<p style=\"font-size: inherit; max-width: 118.4rem;\"><a href=\"https://rocket-soft.org/lms\" rel=\"nofollow\" style=\"color: rgb(0, 132, 180); font-family: \"Helvetica Neue\", Helvetica, Arial, sans-serif;\"><strong style=\"font-weight: bold;\">Rocket LMS</strong></a><span style=\"color: rgb(84, 84, 84); font-family: \"Helvetica Neue\", Helvetica, Arial, sans-serif;\">is an online course marketplace with a pile of features that helps you to run your online education business easily. This product helps instructors and students to get in touch together and share knowledge.</span><br style=\"color: rgb(84, 84, 84); font-family: \"Helvetica Neue\", Helvetica, Arial, sans-serif;\"><span style=\"color: rgb(84, 84, 84); font-family: \"Helvetica Neue\", Helvetica, Arial, sans-serif;\">Instructors will be able to create unlimited video courses, live classes, text courses, projects, quizzes, files, etc and students will be able to use the educational material and increase their skill level.</span><br style=\"color: rgb(84, 84, 84); font-family: \"Helvetica Neue\", Helvetica, Arial, sans-serif;\"><strong style=\"font-weight: bold; color: rgb(84, 84, 84); font-family: \"Helvetica Neue\", Helvetica, Arial, sans-serif;\">Rocket LMS</strong><span style=\"color: rgb(84, 84, 84); font-family: \"Helvetica Neue\", Helvetica, Arial, sans-serif;\">is based on real business needs, cultural differences, advanced user researches so the product covers your business requirements efficiently.</span><br></p>'),(39,2009,'en','New In-App Live System','Online Course Creation can be simple once you have mastered the art of speaking in front of a camera.','<p style=\"max-width: 118.4rem;\" sf=\"\" pro=\"\" text\",=\"\" -apple-system,=\"\" blinkmacsystemfont,=\"\" roboto,=\"\" \"segoe=\"\" ui\",=\"\" helvetica,=\"\" arial,=\"\" sans-serif,=\"\" \"apple=\"\" color=\"\" emoji\",=\"\" ui=\"\" symbol\";\"=\"\"><strong style=\"font-size: 14px; margin: 0px; padding: 0px;\"><font color=\"#ff0000\">Note:</font><font color=\"#1c1d1f\"></font></strong><font color=\"#1c1d1f\"><b>You should join to live session with the instructor first and then join by students to it.</b></font></p><p style=\"font-size: 14px; max-width: 118.4rem; color: rgb(28, 29, 31); font-family: \" sf=\"\" pro=\"\" text\",=\"\" -apple-system,=\"\" blinkmacsystemfont,=\"\" roboto,=\"\" \"segoe=\"\" ui\",=\"\" helvetica,=\"\" arial,=\"\" sans-serif,=\"\" \"apple=\"\" color=\"\" emoji\",=\"\" ui=\"\" symbol\";\"=\"\"><strong style=\"margin: 0px; padding: 0px;\">Online Course Creation</strong>can be simple once you have mastered the art of speaking in front of a camera.Imagine yourself delivering an entire course filled with great lectures. You can be the star of your own classroom--online. You can be a confident and engaging instructor of your own course.</p><p style=\"margin-top: 0.8rem; font-size: 14px; max-width: 118.4rem; color: rgb(28, 29, 31); font-family: \" sf=\"\" pro=\"\" text\",=\"\" -apple-system,=\"\" blinkmacsystemfont,=\"\" roboto,=\"\" \"segoe=\"\" ui\",=\"\" helvetica,=\"\" arial,=\"\" sans-serif,=\"\" \"apple=\"\" color=\"\" emoji\",=\"\" ui=\"\" symbol\";\"=\"\">  In this<strong style=\"margin: 0px; padding: 0px;\">Online course creation</strong>Course you will earn the following:</p><p style=\"margin-top: 0.8rem; font-size: 14px; max-width: 118.4rem; color: rgb(28, 29, 31); font-family: \" sf=\"\" pro=\"\" text\",=\"\" -apple-system,=\"\" blinkmacsystemfont,=\"\" roboto,=\"\" \"segoe=\"\" ui\",=\"\" helvetica,=\"\" arial,=\"\" sans-serif,=\"\" \"apple=\"\" color=\"\" emoji\",=\"\" ui=\"\" symbol\";\"=\"\">  * How to speak and lecture with confidence throughout your<strong style=\"margin: 0px; padding: 0px;\">online course creation</strong>process</p><p style=\"margin-top: 0.8rem; font-size: 14px; max-width: 118.4rem; color: rgb(28, 29, 31); font-family: \" sf=\"\" pro=\"\" text\",=\"\" -apple-system,=\"\" blinkmacsystemfont,=\"\" roboto,=\"\" \"segoe=\"\" ui\",=\"\" helvetica,=\"\" arial,=\"\" sans-serif,=\"\" \"apple=\"\" color=\"\" emoji\",=\"\" ui=\"\" symbol\";\"=\"\">  * How to record lectures on video</p><p style=\"margin-top: 0.8rem; font-size: 14px; max-width: 118.4rem; color: rgb(28, 29, 31); font-family: \" sf=\"\" pro=\"\" text\",=\"\" -apple-system,=\"\" blinkmacsystemfont,=\"\" roboto,=\"\" \"segoe=\"\" ui\",=\"\" helvetica,=\"\" arial,=\"\" sans-serif,=\"\" \"apple=\"\" color=\"\" emoji\",=\"\" ui=\"\" symbol\";\"=\"\">  * How to be confident that your course is engaging and interesting to students</p><p style=\"margin-top: 0.8rem; font-size: 14px; max-width: 118.4rem; color: rgb(28, 29, 31); font-family: \" sf=\"\" pro=\"\" text\",=\"\" -apple-system,=\"\" blinkmacsystemfont,=\"\" roboto,=\"\" \"segoe=\"\" ui\",=\"\" helvetica,=\"\" arial,=\"\" sans-serif,=\"\" \"apple=\"\" color=\"\" emoji\",=\"\" ui=\"\" symbol\";\"=\"\">  * How to structure your<strong style=\"margin: 0px; padding: 0px;\">online course creation</strong></p><p style=\"margin-top: 0.8rem; font-size: 14px; max-width: 118.4rem; color: rgb(28, 29, 31); font-family: \" sf=\"\" pro=\"\" text\",=\"\" -apple-system,=\"\" blinkmacsystemfont,=\"\" roboto,=\"\" \"segoe=\"\" ui\",=\"\" helvetica,=\"\" arial,=\"\" sans-serif,=\"\" \"apple=\"\" color=\"\" emoji\",=\"\" ui=\"\" symbol\";\"=\"\">  This course is delivered primarily through spoken lectures. Because the skill you are learning is speaking related, it only makes sense that you learn through speaking.</p><p style=\"margin-top: 0.8rem; font-size: 14px; max-width: 118.4rem; color: rgb(28, 29, 31); font-family: \" sf=\"\" pro=\"\" text\",=\"\" -apple-system,=\"\" blinkmacsystemfont,=\"\" roboto,=\"\" \"segoe=\"\" ui\",=\"\" helvetica,=\"\" arial,=\"\" sans-serif,=\"\" \"apple=\"\" color=\"\" emoji\",=\"\" ui=\"\" symbol\";\"=\"\">  The skill you will learn in this class is not primarily theoretical or academic. It is a skill that requires physical habits. That is why you will be asked to take part in numerous exercises where you record yourself speaking on video, and then watching yourself. Learning presentation skills is like learning how to ride a bicycle. You simply have to do it numerous times and work past the wobbling and falling off parts until you get it right.</p><p style=\"margin-top: 0.8rem; font-size: 14px; max-width: 118.4rem; color: rgb(28, 29, 31); font-family: \" sf=\"\" pro=\"\" text\",=\"\" -apple-system,=\"\" blinkmacsystemfont,=\"\" roboto,=\"\" \"segoe=\"\" ui\",=\"\" helvetica,=\"\" arial,=\"\" sans-serif,=\"\" \"apple=\"\" color=\"\" emoji\",=\"\" ui=\"\" symbol\";\"=\"\">  This<strong style=\"margin: 0px; padding: 0px;\">online course creation</strong>course contains numerous video lectures plus several bonus books for your training library.</p><p style=\"margin-top: 0.8rem; font-size: 14px; max-width: 118.4rem; color: rgb(28, 29, 31); font-family: \" sf=\"\" pro=\"\" text\",=\"\" -apple-system,=\"\" blinkmacsystemfont,=\"\" roboto,=\"\" \"segoe=\"\" ui\",=\"\" helvetica,=\"\" arial,=\"\" sans-serif,=\"\" \"apple=\"\" color=\"\" emoji\",=\"\" ui=\"\" symbol\";\"=\"\">\"5 Stars! Very clear, very easy to follow. Really like the step by step approach that TJ puts across. Fealing much more knowledgable snd inspired to move forward.\" Udemy studentDavid Robinson</p><p style=\"margin-top: 0.8rem; font-size: 14px; max-width: 118.4rem; color: rgb(28, 29, 31); font-family: \" sf=\"\" pro=\"\" text\",=\"\" -apple-system,=\"\" blinkmacsystemfont,=\"\" roboto,=\"\" \"segoe=\"\" ui\",=\"\" helvetica,=\"\" arial,=\"\" sans-serif,=\"\" \"apple=\"\" color=\"\" emoji\",=\"\" ui=\"\" symbol\";\"=\"\">\"5 stars! The instructions being presented here are the truth. they are the results of years of experience and expertise. I can really relate to the topics and the points are crystal clear. after all, the proof of the pudding is in the eating. I`m pumped to move on and absorb the rest of this course.\" Udemy studentYoucef(Joe) Seyyedi</p><p style=\"margin-top: 0.8rem; font-size: 14px; max-width: 118.4rem; color: rgb(28, 29, 31); font-family: \" sf=\"\" pro=\"\" text\",=\"\" -apple-system,=\"\" blinkmacsystemfont,=\"\" roboto,=\"\" \"segoe=\"\" ui\",=\"\" helvetica,=\"\" arial,=\"\" sans-serif,=\"\" \"apple=\"\" color=\"\" emoji\",=\"\" ui=\"\" symbol\";\"=\"\">\"5 Stars!This course is so effective because TJ shows you the ropes without the confusing language that technical experts normally use. He also shows us that we can do this without becoming technical experts ourselves.\" Udemy Student Pete Burdon</p><p style=\"margin-top: 0.8rem; font-size: 14px; max-width: 118.4rem; color: rgb(28, 29, 31); font-family: \" sf=\"\" pro=\"\" text\",=\"\" -apple-system,=\"\" blinkmacsystemfont,=\"\" roboto,=\"\" \"segoe=\"\" ui\",=\"\" helvetica,=\"\" arial,=\"\" sans-serif,=\"\" \"apple=\"\" color=\"\" emoji\",=\"\" ui=\"\" symbol\";\"=\"\">TJ Walker has been coaching and training people on their presentation skills for 30 years. Now, through the power of Udemy\'s online platform, he is able to give you the same high quality training that he gives in person to CEOs, Fortune 500 executives, and Presidents of countries. Only you can now receive the training at a tiny fraction of the normal fee for in-person training.<br style=\"margin: 0px; padding: 0px;\"></p><p style=\"margin-top: 0.8rem; font-size: 14px; max-width: 118.4rem; color: rgb(28, 29, 31); font-family: \" sf=\"\" pro=\"\" text\",=\"\" -apple-system,=\"\" blinkmacsystemfont,=\"\" roboto,=\"\" \"segoe=\"\" ui\",=\"\" helvetica,=\"\" arial,=\"\" sans-serif,=\"\" \"apple=\"\" color=\"\" emoji\",=\"\" ui=\"\" symbol\";\"=\"\">  How long this course takes is up to you. The longest part of the course involves you speaking on video, critiquing yourself, and doing it over until you like it. But if you get to the point where you love how you look and sound when you present it will be well worth the time spent. And having this skill will save you time for all future presentations in your life.</p>'),(40,2008,'es','Nueva pgina de aprendizaje','Aprenda las herramientas utilizadas por los mejores guitarristas profesionales del mundo.','<p>Rocket LMS es un mercado de cursos en lnea con un montn de caractersticas que lo ayudan a administrar su negocio de educacin en lnea fcilmente. Este producto ayuda a los instructores y estudiantes a ponerse en contacto y compartir conocimientos.</p><p>Los instructores podrn crear cursos de video ilimitados, clases en vivo, cursos de texto, proyectos, cuestionarios, archivos, etc. y los estudiantes podrn usar el material educativo y aumentar su nivel de habilidad.</p><p>Rocket LMS se basa en necesidades comerciales reales, diferencias culturales, investigaciones avanzadas de usuarios para que el producto cubra los requisitos de su negocio de manera eficiente.</p>'),(41,2008,'ar','  ','          .','<p style=\"direction: rtl; \">Rocket LMS                    .          .</p><p style=\"direction: rtl; \">                                 .</p><p style=\"direction: rtl; \"> Rocket LMS               .</p>'),(42,2009,'ar','    ','                .','<p style=\"text-align: right; direction: rtl;\">:               .</p><p style=\"text-align: right; direction: rtl;\"><br></p><p style=\"text-align: right; direction: rtl;\">                .        .         -  .           .</p><p style=\"text-align: right; direction: rtl;\"><br></p><p style=\"text-align: right; direction: rtl;\">&nbsp; &nbsp;           :</p><p style=\"text-align: right; direction: rtl;\"><br></p><p style=\"text-align: right; direction: rtl;\">&nbsp; &nbsp; *           </p><p style=\"text-align: right; direction: rtl;\"><br></p><p style=\"text-align: right; direction: rtl;\">&nbsp; &nbsp; *    </p><p style=\"text-align: right; direction: rtl;\"><br></p><p style=\"text-align: right; direction: rtl;\">&nbsp; &nbsp; *          </p><p style=\"text-align: right; direction: rtl;\"><br></p><p style=\"text-align: right; direction: rtl;\">&nbsp; &nbsp; *       </p><p style=\"text-align: right; direction: rtl;\"><br></p><p style=\"text-align: right; direction: rtl;\">&nbsp; &nbsp;           .                .</p><p style=\"text-align: right; direction: rtl;\"><br></p><p style=\"text-align: right; direction: rtl;\">&nbsp; &nbsp;            .     .                        .         .                .</p><p style=\"text-align: right; direction: rtl;\"><br></p><p style=\"text-align: right; direction: rtl;\">&nbsp; &nbsp;                    .</p><p style=\"text-align: right; direction: rtl;\"><br></p><p style=\"text-align: right; direction: rtl;\">\"5 !       .       TJ.       .\"  Udemy  </p><p style=\"text-align: right; direction: rtl;\"><br></p><p style=\"text-align: right; direction: rtl;\">\"5 !     .      .        .           .         \".  Udemy  () </p><p style=\"text-align: right; direction: rtl;\"><br></p><p style=\"text-align: right; direction: rtl;\">\"5 !      TJ           .             .\"  Udemy  </p><p style=\"text-align: right; direction: rtl;\"><br></p><p style=\"text-align: right; direction: rtl;\"> TJ Walker         30 .       Udemy                    Fortune 500  .            .</p><p style=\"text-align: right; direction: rtl;\"><br></p><p style=\"text-align: right; direction: rtl;\">&nbsp; &nbsp;        .                 .                   .            .</p>'),(43,2009,'es','Nuevo sistema en vivo en la aplicacin','La creacin de cursos en lnea puede ser simple una vez que haya dominado el arte de hablar frente a una cmara.','<p>Nota: primero debe unirse a la sesin en vivo con el instructor y luego unirse a ella los estudiantes.</p><p><br></p><p>La creacin de cursos en lnea puede ser simple una vez que haya dominado el arte de hablar frente a una cmara. Imagnese impartiendo un curso completo repleto de excelentes conferencias. Puede ser la estrella de su propio saln de clases, en lnea. Puede ser un instructor seguro y atractivo de su propio curso.</p><p><br></p><p>&nbsp; &nbsp; En este curso de creacin de cursos en lnea obtendr lo siguiente:</p><p><br></p><p>&nbsp; &nbsp; * Cmo hablar y dar conferencias con confianza a lo largo de su proceso de creacin de cursos en lnea</p><p><br></p><p>&nbsp; &nbsp; * Cmo grabar conferencias en video</p><p><br></p><p>&nbsp; &nbsp; * Cmo estar seguro de que su curso es atractivo e interesante para los estudiantes</p><p><br></p><p>&nbsp; &nbsp; * Cmo estructurar la creacin de su curso en lnea</p><p><br></p><p>&nbsp; &nbsp; Este curso se imparte principalmente a travs de conferencias orales. Debido a que la habilidad que ests aprendiendo est relacionada con el habla, solo tiene sentido que aprendas hablando.</p><p><br></p><p>&nbsp; &nbsp; La habilidad que aprender en esta clase no es principalmente terica o acadmica. Es una habilidad que requiere hbitos fsicos. Es por eso que se le pedir que participe en numerosos ejercicios en los que se graba a s mismo hablando en video y luego observndose a s mismo. Aprender habilidades de presentacin es como aprender a andar en bicicleta. Simplemente tiene que hacerlo varias veces y trabajar ms all de las partes que se tambalean y se caen hasta que lo haga bien.</p><p><br></p><p>&nbsp; &nbsp; Este curso de creacin de cursos en lnea contiene numerosas conferencias en video adems de varios libros adicionales para su biblioteca de capacitacin.</p><p><br></p><p>\"5 estrellas! Muy claro, muy fcil de seguir. Realmente me gusta el enfoque paso a paso que TJ presenta. Me siento mucho ms informado e inspirado para seguir adelante\". Estudiante de Udemy David Robinson</p><p><br></p><p>\"5 estrellas! Las instrucciones que se presentan aqu son la verdad. Son el resultado de aos de experiencia y conocimientos. Realmente puedo identificarme con los temas y los puntos son muy claros. Despus de todo, la prueba del pudn est en comerlo. Estoy emocionado de seguir adelante y absorber el resto de este curso\". Estudiante de Udemy Youcef(Joe) Seyyedi</p><p><br></p><p>\"5 estrellas! Este curso es tan efectivo porque TJ te muestra los trucos sin el lenguaje confuso que normalmente usan los expertos tcnicos. Tambin nos muestra que podemos hacer esto sin convertirnos en expertos tcnicos nosotros mismos\". Pete Burdon, estudiante de Udemy</p><p><br></p><p>TJ Walker ha estado entrenando y capacitando a personas en sus habilidades de presentacin durante 30 aos. Ahora, a travs del poder de la plataforma en lnea de Udemy, puede brindarle la misma capacitacin de alta calidad que brinda en persona a los directores ejecutivos, ejecutivos de Fortune 500 y presidentes de pases. Ahora solo usted puede recibir la capacitacin a una pequea fraccin de la tarifa normal para la capacitacin en persona.</p><p><br></p><p>&nbsp; &nbsp; La duracin de este curso depende de usted. La parte ms larga del curso involucra que hables en video, te critiques a ti mismo y lo repitas hasta que te guste. Pero si llegas al punto en que te encanta cmo te ves y cmo suenas cuando presentas, valdr la pena el tiempo invertido. Y tener esta habilidad te ahorrar tiempo para todas las futuras presentaciones en tu vida.</p>'),(44,2010,'en','New Update Features','The most complete course available on Product Management.','<p>Simply put, drip content is the practice of releasing your content to your members in parts. In other words, you don\'t release all the content to your members immediately.</p><p>Homework, or a homework assignment, is a set of tasks assigned to students by their teachers to be completed outside the classroom. Common homework assignments may include required reading, a writing or typing project, mathematical exercises to be completed, information to be reviewed before a test, or other skills to be practiced.</p><p><br></p><p>The effects of homework are debated. Generally speaking, homework does not improve academic performance among young children. Homework may improve academic skills among older students, especially lower-achieving students. However, homework also creates stress for students and parents and reduces the amount of time that students can spend in other activities.</p>'),(170,2022,'en','Installment and Secure Host','Installment payment is a popular method of paying for goods and services that allows customers to spread out the cost of a purchase over a period of time.','<p>Installment payment is a popular method of paying for goods and services that allows customers to spread out the cost of a purchase over a period of time. With installment payment, customers are able to pay for a product or service in smaller, more manageable amounts rather than having to pay the full amount upfront.</p><p><br></p><p>Installment payments are typically made on a monthly basis, and the amount of each payment is determined by the total cost of the purchase and the length of the repayment period. For example, if a customer purchases a product for $1,000 with a repayment period of 12 months, they would make 12 monthly payments of $83.33.</p><p><br></p><p>One of the benefits of installment payment is that it allows customers to make larger purchases that they may not be able to afford upfront. This can be particularly helpful for big-ticket items such as furniture, appliances, or electronics. By spreading out the cost of the purchase, customers can avoid having to pay a large sum of money all at once.</p><p><br></p><p>Another advantage of installment payment is that it can be a good option for customers who want to build their credit history. By making regular, on-time payments, customers can demonstrate their creditworthiness and potentially improve their credit score over time.</p><p><br></p><p>However, it\'s important to note that installment payment may not always be the most cost-effective option. Some installment plans may come with additional fees or higher interest rates than other payment methods. Customers should always read the terms and conditions carefully before agreeing to an installment payment plan to ensure they fully understand the costs involved.</p><p><br></p><p>Overall, installment payment is a flexible and convenient option that can make it easier for customers to make purchases they may not be able to afford upfront. Whether it\'s for a large purchase or to build credit, installment payment is a useful tool for many consumers.</p>'),(172,2024,'en','Product and Services Design forSME\'s',NULL,'<p>Nice Product</p>'),(175,2027,'en','e-Filing and Court Automation Processes','Understanding e-filing and court automation for efficient court administration','<p>This course provides legal professionals, court staff, and judges with an in-depth understanding of e-filing systems and court automation processes, which are transforming the modern judiciary. Participants will explore the benefits, challenges, and practical applications of transitioning from paper-based to electronic workflows. Topics include navigating e-filing platforms, submission requirements, document management, ensuring data security and privacy, and complying with jurisdiction-specific rules.</p><p>\r\n\r\n</p><p>The course will also cover broader court automation tools, such as case management systems, digital scheduling, virtual hearings, and integrating technology to enhance efficiency and access to justice. Attendees will engage in demonstrations, hands-on practice, and discussions on best practices to streamline their work in a digital court environment. This course is essential for professionals seeking to optimize their use of technology in the legal process and adapt to the evolving demands of court administration.</p>'),(176,2028,'en','Courtroom Management for Judges','Manage your courtroom effectively as a judge','<p>This course is designed to provide judges with the knowledge and tools necessary to effectively manage courtroom proceedings while maintaining fairness, efficiency, and decorum. Participants will explore strategies to handle a variety of courtroom scenarios, from managing case schedules and dealing with procedural disruptions to ensuring the rights of all parties are protected. Topics will include time management techniques, managing interactions with attorneys and self-represented litigants, handling difficult situations, integrating technology in the courtroom, and ensuring compliance with legal standards and ethical guidelines.</p><p>Through practical examples, case studies, and interactive discussions, judges will develop skills to foster a well-ordered and productive courtroom environment, minimizing delays and maximizing justice delivery. Whether new to the bench or seeking to refine existing skills, this course equips participants to navigate the complexities of courtroom management with confidence and professionalism.</p>'),(177,2029,'en','Judicial Ethics and Professionalism','Learn the principles of judicial ethics and professionalism essential for maintaining integrity, impartiality, and public trust in the Nigerian judiciary','<ul><li><p>Description<br>This course delves into the foundational principles of judicial ethics and professionalism, focusing on the Nigerian judiciary\'s expectations. Participants will explore topics such as integrity, impartiality, independence, and confidentiality. Practical case studies will highlight challenges in ethical decision-making and strategies for maintaining public trust. Whether you\'re a newly appointed judge, a senior judicial officer, or administrative staff, this course equips you with the tools to navigate ethical dilemmas confidently.</p></li></ul><p>Key Takeaways:</p><ul><li>Understanding the Code of Conduct for judicial officers in Nigeria.</li><li>Best practices for ensuring fairness and impartiality in decision-making.</li><li>Strategies to handle ethical dilemmas in the courtroom and beyond.</li><li>Strengthening public trust through transparency and accountability.</li></ul>'),(178,2030,'en','Avoiding Common Pitfalls in Legal Research and Writing','Learn how to manage case backlogs and implement efficient courtroom procedures to enhance justice delivery in Nigeria','<p>This course equips legal professionals with the skills and strategies to enhance the accuracy, clarity, and effectiveness of their legal research and writing. Participants will learn to identify and avoid common mistakes that can undermine legal arguments, compromise the credibility of written submissions, or result in procedural errors. Key topics include structuring persuasive legal arguments, avoiding over-reliance on weak precedents, proper citation practices, addressing ambiguities in statutes or case law, and proofreading techniques to eliminate errors.</p><p>\r\n\r\n</p><p>Through hands-on exercises, real-world examples, and expert guidance, attendees will refine their ability to craft precise and compelling legal documents while ensuring thorough and reliable research practices. This course is ideal for attorneys, law clerks, and other legal professionals who want to strengthen their research and writing skills and deliver high-quality legal work that meets the demands of modern practice.</p>'),(179,2031,'en','Introduction to Social Justice and Gender Equality in Law','Social justice and Gender Equality','<p>This course introduces participants to the principles of social justice and gender equality as they intersect with the legal system. It explores how laws can both challenge and perpetuate inequalities, with a focus on the role of the judiciary, legal practitioners, and policymakers in advancing equity and justice. Key topics include the legal foundations of social justice, gender-based discrimination, human rights protections, access to justice for marginalized groups, and the impact of international conventions on domestic legal frameworks.</p><p>\r\n\r\n</p><p>Participants will analyze case studies, landmark judgments, and contemporary legal reforms that address systemic inequities, including gender-based violence, workplace discrimination, property rights, and representation in decision-making. By the end of the course, attendees will understand the critical role of law in promoting social justice and gender equality, equipping them to advocate for and implement more inclusive legal practices. This course is ideal for students, legal professionals, and advocates seeking to address inequality through law and policy.</p>');
/*!40000 ALTER TABLE `webinar_translations` ENABLE KEYS */;
UNLOCK TABLES;

--
-- Table structure for table `webinars`
--

DROP TABLE IF EXISTS `webinars`;
/*!40101 SET @saved_cs_client     = @@character_set_client */;
/*!50503 SET character_set_client = utf8mb4 */;
CREATE TABLE `webinars` (
  `id` int unsigned NOT NULL AUTO_INCREMENT,
  `teacher_id` int unsigned NOT NULL,
  `creator_id` int unsigned NOT NULL,
  `category_id` int unsigned DEFAULT NULL,
  `type` enum('webinar','course','text_lesson') CHARACTER SET utf8mb4 COLLATE utf8mb4_unicode_ci NOT NULL,
  `private` tinyint(1) NOT NULL DEFAULT '0',
  `slug` varchar(255) CHARACTER SET utf8mb4 COLLATE utf8mb4_unicode_ci NOT NULL,
  `start_date` int DEFAULT NULL,
  `duration` int unsigned DEFAULT NULL,
  `timezone` varchar(255) CHARACTER SET utf8mb4 COLLATE utf8mb4_unicode_ci DEFAULT NULL,
  `thumbnail` varchar(255) CHARACTER SET utf8mb4 COLLATE utf8mb4_unicode_ci NOT NULL,
  `image_cover` varchar(255) CHARACTER SET utf8mb4 COLLATE utf8mb4_unicode_ci NOT NULL,
  `video_demo` varchar(255) CHARACTER SET utf8mb4 COLLATE utf8mb4_unicode_ci DEFAULT NULL,
  `video_demo_source` enum('upload','youtube','vimeo','external_link','secure_host') CHARACTER SET utf8mb4 COLLATE utf8mb4_unicode_ci DEFAULT NULL,
  `capacity` int unsigned DEFAULT NULL,
  `sales_count_number` int unsigned DEFAULT NULL,
  `price` double(15,2) unsigned DEFAULT NULL,
  `organization_price` double(15,2) unsigned DEFAULT NULL,
  `support` tinyint(1) DEFAULT '0',
  `certificate` tinyint(1) NOT NULL DEFAULT '0',
  `downloadable` tinyint(1) DEFAULT '0',
  `partner_instructor` tinyint(1) DEFAULT '0',
  `subscribe` tinyint(1) DEFAULT '0',
  `forum` tinyint(1) NOT NULL DEFAULT '0',
  `enable_waitlist` tinyint(1) NOT NULL DEFAULT '0',
  `access_days` int unsigned DEFAULT NULL COMMENT 'Number of days to access the course',
  `points` int DEFAULT NULL,
  `message_for_reviewer` text CHARACTER SET utf8mb4 COLLATE utf8mb4_unicode_ci,
  `status` enum('active','pending','is_draft','inactive') CHARACTER SET utf8mb4 COLLATE utf8mb4_unicode_ci NOT NULL,
  `created_at` int NOT NULL,
  `updated_at` int DEFAULT NULL,
  `deleted_at` int DEFAULT NULL,
  PRIMARY KEY (`id`) USING BTREE,
  UNIQUE KEY `webinars_slug_unique` (`slug`) USING BTREE,
  KEY `webinars_teacher_id_foreign` (`teacher_id`) USING BTREE,
  KEY `webinars_category_id_foreign` (`category_id`) USING BTREE,
  KEY `webinars_slug_index` (`slug`) USING BTREE,
  KEY `webinars_creator_id_foreign` (`creator_id`) USING BTREE,
  CONSTRAINT `webinars_category_id_foreign` FOREIGN KEY (`category_id`) REFERENCES `categories` (`id`) ON DELETE CASCADE,
  CONSTRAINT `webinars_creator_id_foreign` FOREIGN KEY (`creator_id`) REFERENCES `users` (`id`) ON DELETE CASCADE,
  CONSTRAINT `webinars_teacher_id_foreign` FOREIGN KEY (`teacher_id`) REFERENCES `users` (`id`) ON DELETE CASCADE
) ENGINE=InnoDB AUTO_INCREMENT=2032 DEFAULT CHARSET=utf8mb4 COLLATE=utf8mb4_unicode_ci ROW_FORMAT=DYNAMIC;
/*!40101 SET character_set_client = @saved_cs_client */;

--
-- Dumping data for table `webinars`
--

LOCK TABLES `webinars` WRITE;
/*!40000 ALTER TABLE `webinars` DISABLE KEYS */;
INSERT INTO `webinars` VALUES (1997,934,934,610,'text_lesson',0,'basics-in-courtroom-technology',NULL,35,NULL,'/store/1075/view-3d-courtroom-scene-lawyer-s-day-celebration_23-2151023471.jpg','/store/1075/view-3d-courtroom-scene-lawyer-s-day-celebration_23-2151023471.jpg','/store/934/Python for Beginners.mp4','upload',NULL,NULL,NULL,NULL,1,1,0,0,0,0,0,NULL,NULL,'thank you .','active',1624954285,1734801028,NULL),(1998,1015,1015,609,'webinar',0,'Excel-from-Beginner-to-Advanced',1773952200,100,'America/New_York','/store/1015/Excel from Beginner to Advanced.jpg','/store/1015/11.jpg','/store/1015/Microsoft Excel - Excel from Beginner to Advanced.mkv','upload',50,NULL,100.00,NULL,1,0,0,1,1,0,0,NULL,NULL,'thank you.','pending',1624965321,1709538879,NULL),(1999,1076,1076,631,'course',0,'emerging-treds-in-nigerian-law',NULL,90,NULL,'/store/1075/truth-concept-arrangement-with-balance_23-2149051295.jpg','/store/1075/truth-concept-arrangement-with-balance_23-2149051295.jpg','/store/929/How To Manage & Influence Your Virtual Team.mkv','upload',NULL,NULL,50000.00,NULL,0,1,1,0,1,0,0,NULL,500,NULL,'active',1625037906,1734800896,NULL),(2002,870,863,523,'webinar',0,'Health-And-Fitness-Masterclass',1625063400,60,'Africa/Lagos','/store/863/Health And Fitness Masterclass Beginner To Advanced.jpg','/store/863/Health And Fitness Masterclass Beginner To Advanced_c.png','/store/863/Health And Fitness Masterclass- Beginner To Advanced.mkv','upload',5,NULL,100.00,NULL,1,1,0,0,0,0,0,NULL,NULL,'Thank you for your good services.','pending',1625122618,1730597770,NULL),(2004,929,929,602,'course',0,'The-Future-of-Energy',NULL,70,'America/New_York','/store/929/The Future of Energy.jpg','/store/929/The Future of Energy_c.jpg','/store/929/The Future of Energy.mkv',NULL,NULL,NULL,60.00,NULL,1,0,1,0,1,0,0,NULL,600,NULL,'pending',1625685324,1646396857,NULL),(2005,934,4,520,'course',0,'Web-Design-for-Beginners',NULL,105,'America/New_York','/store/4/Web Design for Beginners.jpg','/store/4/Web Design for Beginners_c.jpg','/store/4/Web Designing for Beginners.mkv',NULL,NULL,NULL,10.00,NULL,1,0,0,1,1,0,0,NULL,200,'thank you','pending',1625689958,1646396836,NULL),(2007,1015,867,604,'course',1,'Travel-Management-Course',NULL,60,NULL,'/store/867/Travel Management Course.jpg','/store/867/Travel Management Course_c.jpg','/store/867/How to Travel Around the World on a Budget.mkv',NULL,NULL,NULL,0.00,NULL,1,1,1,0,0,0,0,NULL,NULL,NULL,'pending',1626207424,1635442592,NULL),(2008,1015,1015,604,'course',0,'New-Learning-Page',NULL,210,'America/New_York','/store/1015/The Professional Guitar Masterclass.jpg','/store/1015/The Professional Guitar Masterclass_c.jpg','https://youtu.be/6Vo2v7WCyTs','youtube',NULL,NULL,NULL,NULL,1,1,1,1,1,1,0,NULL,NULL,NULL,'pending',1646118189,1709711904,NULL),(2009,1015,1015,610,'webinar',0,'New-in-App-Live-System',1772348400,150,'America/New_York','/store/1015/new_live_system.jpg','/store/1015/new_live_system_c.jpg','/store/1015/Learn Linux In 5 Days.mp4','upload',10,NULL,10.00,NULL,1,0,0,0,0,0,1,NULL,200,NULL,'pending',1646171664,1709711935,NULL),(2010,929,929,603,'course',0,'New-Update-Features',NULL,90,'America/New_York','/store/929/update_1.6.jpg','/store/929/update_1.6_c.jpg',NULL,NULL,NULL,NULL,NULL,NULL,1,1,1,1,0,1,0,365,NULL,'Thank you.','pending',1655799277,1694966231,NULL),(2022,870,870,611,'course',0,'Installment-feature',NULL,90,'America/New_York','/store/870/Installment.jpg','/store/870/Installment_c.jpg',NULL,NULL,NULL,NULL,100.00,NULL,1,1,1,0,0,1,0,365,NULL,'Thank you for reviewing.','pending',1678910860,1709711966,NULL),(2024,1015,1015,525,'course',0,'Product-and-Services-Design-for-SME-s',NULL,30,NULL,'/store/1050/Lady showing another lady and a guy something on a system (3).jpg','/store/1050/Course Assets/NDIC Course Card_Introduction to Borrowing and Loans.png',NULL,NULL,2,NULL,1000.00,NULL,1,1,0,0,1,1,0,NULL,NULL,'Okay','pending',1730212486,1730277726,NULL),(2027,1015,1015,609,'course',0,'efiling-court-processes',NULL,40,NULL,'/store/1075/checking-business-data_1098-16532.jpg','/store/1075/checking-business-data_1098-16532.jpg','https://vimeo.com/1011103069','vimeo',NULL,NULL,100000.00,NULL,1,1,1,0,0,1,0,NULL,NULL,'Review the course well','active',1730459736,1734800820,NULL),(2028,934,934,613,'course',0,'courtroom-management',NULL,400,NULL,'/store/1075/view-3d-courtroom-lawyer-s-day-celebration.jpg','/store/1075/view-3d-courtroom-lawyer-s-day-celebration.jpg','https://vimeo.com/515776661','vimeo',NULL,NULL,10000.00,NULL,0,1,0,0,0,1,0,NULL,NULL,'Thank you for your service','active',1730598538,1734800783,NULL),(2029,934,934,606,'text_lesson',0,'judicial-ethics-and-professionalism',NULL,80,NULL,'/store/1075/still-life-with-scales-justice.jpg','/store/1075/still-life-with-scales-justice.jpg','www.youtube.com','external_link',NULL,NULL,NULL,NULL,0,1,0,0,0,0,0,NULL,NULL,NULL,'active',1734272633,1734800985,NULL),(2030,929,929,615,'course',0,'legal-writing',NULL,65,NULL,'/store/1075/court-hammer-books-judgment-law-concept.jpg','/store/1075/court-hammer-books-judgment-law-concept.jpg','https://vimeo.com/manage/videos/1028758979','vimeo',56,NULL,30000.00,NULL,1,1,0,0,0,1,0,NULL,NULL,NULL,'active',1734274531,1737459055,NULL),(2031,934,934,619,'text_lesson',0,'social-justice',NULL,30,NULL,'/store/1075/various-people-taking-part-protests.jpg','/store/1075/various-people-taking-part-protests.jpg','www.youtube.com','upload',NULL,NULL,NULL,NULL,0,1,0,0,0,0,0,NULL,NULL,NULL,'active',1734341168,1734800936,NULL);
/*!40000 ALTER TABLE `webinars` ENABLE KEYS */;
UNLOCK TABLES;
/*!40103 SET TIME_ZONE=@OLD_TIME_ZONE */;

/*!40101 SET SQL_MODE=@OLD_SQL_MODE */;
/*!40014 SET FOREIGN_KEY_CHECKS=@OLD_FOREIGN_KEY_CHECKS */;
/*!40014 SET UNIQUE_CHECKS=@OLD_UNIQUE_CHECKS */;
/*!40101 SET CHARACTER_SET_CLIENT=@OLD_CHARACTER_SET_CLIENT */;
/*!40101 SET CHARACTER_SET_RESULTS=@OLD_CHARACTER_SET_RESULTS */;
/*!40101 SET COLLATION_CONNECTION=@OLD_COLLATION_CONNECTION */;
/*!40111 SET SQL_NOTES=@OLD_SQL_NOTES */;

-- Dump completed on 2025-01-26  0:02:30
